year,cmip5-hist,rcp26,rcp45,rcp60,rcp85,cmip6-hist,cmip6-hist-low,cmip6-hist-high,ssp119,ssp126,ssp245,ssp370,ssp434,ssp460,ssp534,ssp585,gcb-2024,gcb-2025,cmip7-hist,scen7-h,scen7-vl
1700,0.0043908176,,,,,0.0037366918,0.0042663473,0.0037370224,,,,,,,,,0.0055830916,0.005439418,0.0055830986,,
1701,0.0042930245,,,,,0.0036594307,0.0041878982,0.0036591582,,,,,,,,,0.005456585,0.005313478,0.005456597,,
1702,0.004195243,,,,,0.0035821826,0.0041094744,0.0035813197,,,,,,,,,0.005330078,0.0051875194,0.0053300895,,
1703,0.004097451,,,,,0.0035049268,0.0040310193,0.003503481,,,,,,,,,0.00520358,0.0050615775,0.0052035903,,
1704,0.003999657,,,,,0.0034276764,0.003952562,0.0034256403,,,,,,,,,0.0050770785,0.004935629,0.0050770883,,
1705,0.0039018472,,,,,0.0033503918,0.0038741403,0.0033477866,,,,,,,,,0.0049505783,0.0048096827,0.004950591,,
1706,0.003804071,,,,,0.0032731087,0.0037957039,0.0032699222,,,,,,,,,0.0048240777,0.0046837595,0.004824091,,
1707,0.0037062808,,,,,0.003195858,0.0037172756,0.0031920571,,,,,,,,,0.004697579,0.004557825,0.004697589,,
1708,0.003608488,,,,,0.0031185737,0.0036388137,0.003114191,,,,,,,,,0.004571065,0.004431882,0.004571078,,
1709,0.0035106905,,,,,0.0030412995,0.0035603747,0.0030363803,,,,,,,,,0.00444457,0.004305934,0.0044445833,,
1710,0.0034155913,,,,,0.0029627741,0.003474521,0.0029536097,,,,,,,,,0.004315331,0.0041777333,0.0043153455,,
1711,0.0033232078,,,,,0.0028829523,0.0033812393,0.0028659382,,,,,,,,,0.004183347,0.0040472676,0.004183362,,
1712,0.0032308009,,,,,0.002803101,0.0032879715,0.0027782319,,,,,,,,,0.0040513524,0.0039167856,0.0040513636,,
1713,0.003138386,,,,,0.0027232922,0.003194697,0.0026905425,,,,,,,,,0.0039193626,0.0037863085,0.003919375,,
1714,0.0030459827,,,,,0.0026434648,0.0031014194,0.0026028533,,,,,,,,,0.00378737,0.0036558416,0.003787382,,
1715,0.0029535794,,,,,0.002563633,0.003008149,0.0025151505,,,,,,,,,0.0036553855,0.0035253647,0.0036553992,,
1716,0.0028611682,,,,,0.0024838138,0.002914877,0.0024274627,,,,,,,,,0.003523405,0.0033948987,0.003523414,,
1717,0.0027687454,,,,,0.0024039843,0.0028215873,0.0023397892,,,,,,,,,0.003391426,0.003264445,0.0033914347,,
1718,0.0026763326,,,,,0.0023241502,0.0027283188,0.002252102,,,,,,,,,0.0032594665,0.0031339673,0.003259476,,
1719,0.0025839263,,,,,0.0022442832,0.0026350506,0.0021644104,,,,,,,,,0.0031274802,0.0030034978,0.0031274883,,
1720,0.0025035525,,,,,0.0021689488,0.0025457283,0.0020835022,,,,,,,,,0.00300772,0.002884361,0.0030077323,,
1721,0.002435198,,,,,0.0020981375,0.0024603345,0.002009415,,,,,,,,,0.0029002044,0.0027765764,0.0029002174,,
1722,0.002366835,,,,,0.0020273163,0.0023749517,0.0019353594,,,,,,,,,0.0027926918,0.0026687754,0.0027927011,,
1723,0.002298462,,,,,0.0019565022,0.0022895713,0.0018612915,,,,,,,,,0.002685173,0.0025610125,0.0026851809,,
1724,0.002230111,,,,,0.0018856595,0.0022041914,0.0017871914,,,,,,,,,0.0025776653,0.0024532303,0.0025776771,,
1725,0.0021617499,,,,,0.0018148572,0.0021188227,0.0017130967,,,,,,,,,0.0024701501,0.0023454367,0.0024701604,,
1726,0.0020933675,,,,,0.0017440446,0.0020334288,0.0016390249,,,,,,,,,0.0023626394,0.0022376429,0.002362647,,
1727,0.0020249877,,,,,0.0016732145,0.0019480301,0.0015649461,,,,,,,,,0.0022551126,0.0021298653,0.0022551245,,
1728,0.0019566114,,,,,0.001602395,0.0018626403,0.0014908592,,,,,,,,,0.0021475933,0.0020220755,0.0021476028,,
1729,0.0018882588,,,,,0.00153159,0.0017772747,0.0014167645,,,,,,,,,0.0020400847,0.0019142817,0.0020400945,,
1730,0.0018066008,,,,,0.0014643264,0.0016966756,0.0013473739,,,,,,,,,0.0019406956,0.0018159507,0.0019407057,,
1731,0.001711662,,,,,0.0014005651,0.0016208434,0.0012826924,,,,,,,,,0.0018494305,0.0017270488,0.0018494414,,
1732,0.0016167527,,,,,0.0013367964,0.0015450154,0.0012179866,,,,,,,,,0.0017581759,0.0016381433,0.001758184,,
1733,0.0015218213,,,,,0.001273031,0.0014691942,0.0011532946,,,,,,,,,0.001666917,0.001549227,0.0016669242,,
1734,0.0014268797,,,,,0.0012092795,0.0013933547,0.0010886192,,,,,,,,,0.0015756724,0.0014603001,0.0015756818,,
1735,0.0013319555,,,,,0.0011455319,0.0013175262,0.0010239659,,,,,,,,,0.0014844091,0.0013713839,0.0014844182,,
1736,0.0012370182,,,,,0.0010817806,0.0012417025,0.00095928146,,,,,,,,,0.001393147,0.0012824677,0.0013931548,,
1737,0.0011420825,,,,,0.0010180552,0.0011658657,0.0008945644,,,,,,,,,0.0013018966,0.0011935332,0.0013019051,,
1738,0.0010471493,,,,,0.00095430634,0.0010900199,0.00082986726,,,,,,,,,0.0012106407,0.0011046184,0.0012106495,,
1739,0.00095222564,,,,,0.0008905535,0.0010141924,0.00076517946,,,,,,,,,0.0011193907,0.0010157148,0.0011193997,,
1740,0.0008617349,,,,,0.00081840676,0.0009305411,0.00069877726,,,,,,,,,0.0010233998,0.0009258885,0.0010234076,,
1741,0.00077568996,,,,,0.0007378336,0.0008390671,0.00063067913,,,,,,,,,0.0009226693,0.0008351794,0.00092267647,,
1742,0.000689656,,,,,0.0006572502,0.00074761914,0.0005625804,,,,,,,,,0.0008219352,0.00074446644,0.00082194107,,
1743,0.0006036232,,,,,0.00057668815,0.00065617193,0.0004944905,,,,,,,,,0.0007212111,0.0006537471,0.0007212168,,
1744,0.00051758706,,,,,0.00049613236,0.0005647317,0.0004263845,,,,,,,,,0.0006204944,0.00056304055,0.0006205002,,
1745,0.00043154287,,,,,0.00041551766,0.00047328984,0.0003582907,,,,,,,,,0.0005197838,0.0004723365,0.0005197891,,
1746,0.0003455046,,,,,0.0003349447,0.0003818444,0.00029016263,,,,,,,,,0.00041905686,0.00038163172,0.00041906125,,
1747,0.00025947066,,,,,0.00025439565,0.00029041126,0.00022206252,,,,,,,,,0.00031834055,0.00029091863,0.00031834433,,
1748,0.00017342309,,,,,0.00017381049,0.00019894696,0.00015395404,,,,,,,,,0.00021761496,0.00020020935,0.000217618,,
1749,8.739077e-05,,,,,9.321199e-05,0.00010749923,8.585809e-05,,,,,,,,,0.00011690019,0.000109500594,0.00011690139,,
1750,0.0,0.0,0.0,0.0,0.0,0.0,0.0,0.0,0.0,0.0,0.0,0.0,0.0,0.0,0.0,0.0,0.0,0.0,0.0,0.0,0.0
1751,-8.873283e-05,,,,,-0.00010588028,-0.00012357163,-0.00010365632,,,,,,,,,-0.00013307847,-0.00012829027,-0.00013307885,,
1752,-0.00017745155,,,,,-0.00021178676,-0.000247142,-0.00020730155,,,,,,,,,-0.00026615764,-0.00025658088,-0.00026615793,,
1753,-0.0002662023,,,,,-0.00031768007,-0.00037072116,-0.00031098106,,,,,,,,,-0.00039922763,-0.00038486766,-0.0003992282,,
1754,-0.00035492994,,,,,-0.00042356856,-0.00049430673,-0.00041465132,,,,,,,,,-0.00053229055,-0.000513149,-0.0005322907,,
1755,-0.00044365946,,,,,-0.0005294469,-0.0006178721,-0.0005183186,,,,,,,,,-0.0006653646,-0.0006414471,-0.0006653633,,
1756,-0.00053241546,,,,,-0.0006353215,-0.00074143073,-0.00062197354,,,,,,,,,-0.0007984363,-0.000769737,-0.0007984355,,
1757,-0.00062115217,,,,,-0.00074120326,-0.0008650098,-0.0007256298,,,,,,,,,-0.00093150523,-0.0008980311,-0.000931505,,
1758,-0.00070988527,,,,,-0.0008471137,-0.0009885951,-0.0008293161,,,,,,,,,-0.0010645861,-0.0010263216,-0.001064585,,
1759,-0.00079861446,,,,,-0.0009529948,-0.0011121575,-0.0009329844,,,,,,,,,-0.0011976549,-0.001154607,-0.0011976559,,
1760,-0.00088668085,,,,,-0.0010619509,-0.0012372405,-0.0010356632,,,,,,,,,-0.0013364513,-0.0012879473,-0.001336453,,
1761,-0.0009740963,,,,,-0.0011739781,-0.0013638256,-0.0011373763,,,,,,,,,-0.0014809724,-0.0014263184,-0.0014809759,,
1762,-0.0010615136,,,,,-0.0012860257,-0.0014903925,-0.0012391043,,,,,,,,,-0.0016254911,-0.001564674,-0.0016254942,,
1763,-0.0011489157,,,,,-0.0013980562,-0.0016169818,-0.0013408455,,,,,,,,,-0.0017700082,-0.0017030519,-0.0017700102,,
1764,-0.0012363361,,,,,-0.0015100831,-0.0017435694,-0.0014425738,,,,,,,,,-0.0019145213,-0.0018414309,-0.0019145235,,
1765,-0.0013237491,,,,,-0.0016221253,-0.0018701518,-0.0015443229,,,,,,,,,-0.0020590383,-0.0019798097,-0.0020590408,,
1766,-0.0014111787,,,,,-0.0017341815,-0.001996741,-0.0016460433,,,,,,,,,-0.0022035725,-0.0021181786,-0.0022035765,,
1767,-0.0014986051,,,,,-0.0018462176,-0.0021233629,-0.0017477575,,,,,,,,,-0.002348085,-0.0022565476,-0.0023480896,,
1768,-0.0015860256,,,,,-0.001958246,-0.0022499384,-0.0018494771,,,,,,,,,-0.0024926018,-0.002394917,-0.0024926078,,
1769,-0.0016734287,,,,,-0.0020702821,-0.0023765252,-0.0019511972,,,,,,,,,-0.0026371153,-0.0025332845,-0.0026371193,,
1770,-0.0017745807,,,,,-0.0021957026,-0.0025124722,-0.0020688546,,,,,,,,,-0.0027969468,-0.0026822395,-0.002796951,,
1771,-0.0018894625,,,,,-0.0023344888,-0.0026578186,-0.0022024163,,,,,,,,,-0.0029721232,-0.0028417846,-0.002972126,,
1772,-0.0020043296,,,,,-0.0024733043,-0.0028031461,-0.0023359861,,,,,,,,,-0.0031472899,-0.0030013325,-0.0031472924,,
1773,-0.002119193,,,,,-0.0026121135,-0.002948501,-0.002469565,,,,,,,,,-0.00332246,-0.0031608867,-0.0033224663,,
1774,-0.0022340636,,,,,-0.002750919,-0.0030938406,-0.0026031148,,,,,,,,,-0.0034976276,-0.0033204292,-0.0034976325,,
1775,-0.0023489434,,,,,-0.0028897102,-0.0032392067,-0.00273665,,,,,,,,,-0.0036727858,-0.0034799718,-0.0036727902,,
1776,-0.0024638176,,,,,-0.0030285178,-0.003384554,-0.0028702267,,,,,,,,,-0.003847952,-0.003639522,-0.0038479583,,
1777,-0.002578707,,,,,-0.0031673121,-0.003529907,-0.0030037751,,,,,,,,,-0.004023123,-0.0037990704,-0.004023132,,
1778,-0.0026935874,,,,,-0.0033061202,-0.0036752357,-0.003137331,,,,,,,,,-0.004198294,-0.0039586383,-0.0041983,,
1779,-0.002808451,,,,,-0.0034449196,-0.0038205683,-0.0032708829,,,,,,,,,-0.0043734596,-0.004118192,-0.0043734675,,
1780,-0.0029152888,,,,,-0.0035844161,-0.003967514,-0.0033983437,,,,,,,,,-0.004541183,-0.0042772465,-0.004541188,,
1781,-0.0030141233,,,,,-0.0037246246,-0.004116006,-0.0035196831,,,,,,,,,-0.0047014565,-0.0044357856,-0.004701464,,
1782,-0.0031129548,,,,,-0.003864777,-0.004264524,-0.0036410533,,,,,,,,,-0.0048617376,-0.0045943367,-0.004861743,,
1783,-0.003211787,,,,,-0.004004977,-0.004413026,-0.0037624077,,,,,,,,,-0.005022032,-0.004752903,-0.0050220415,,
1784,-0.003310614,,,,,-0.0041451636,-0.0045615463,-0.003883756,,,,,,,,,-0.005182322,-0.004911446,-0.0051823314,,
1785,-0.0034094702,,,,,-0.004285348,-0.0047100317,-0.004005106,,,,,,,,,-0.0053425985,-0.0050700027,-0.0053426092,,
1786,-0.00350828,,,,,-0.004425547,-0.004858517,-0.0041264817,,,,,,,,,-0.0055028796,-0.005228543,-0.005502893,,
1787,-0.0036070985,,,,,-0.0045657167,-0.005007,-0.0042478433,,,,,,,,,-0.0056631668,-0.0053870925,-0.0056631817,,
1788,-0.0037059435,,,,,-0.004705883,-0.0051555308,-0.004369208,,,,,,,,,-0.005823454,-0.005545653,-0.005823467,,
1789,-0.0038047798,,,,,-0.004846091,-0.0053040483,-0.0044905697,,,,,,,,,-0.0059837485,-0.005704207,-0.00598376,,
1790,-0.0039160037,,,,,-0.0050088586,-0.0054721474,-0.0046351817,,,,,,,,,-0.0061642216,-0.0058878846,-0.006164234,,
1791,-0.0040396303,,,,,-0.0051941853,-0.005659819,-0.0048029744,,,,,,,,,-0.0063648988,-0.0060967132,-0.0063649104,,
1792,-0.004163265,,,,,-0.0053795693,-0.0058474466,-0.0049707633,,,,,,,,,-0.0065655694,-0.0063055563,-0.006565584,,
1793,-0.004286863,,,,,-0.0055649024,-0.0060351086,-0.005138548,,,,,,,,,-0.0067662327,-0.006514396,-0.0067662443,,
1794,-0.0044104997,,,,,-0.005750238,-0.0062227645,-0.0053063566,,,,,,,,,-0.006966918,-0.0067232233,-0.0069669266,,
1795,-0.0045341183,,,,,-0.0059355753,-0.006410404,-0.005474183,,,,,,,,,-0.007167605,-0.006932077,-0.0071676164,,
1796,-0.0046577505,,,,,-0.0061208857,-0.006598045,-0.0056419577,,,,,,,,,-0.0073682857,-0.007140893,-0.007368297,,
1797,-0.004781363,,,,,-0.0063062366,-0.006785691,-0.0058097444,,,,,,,,,-0.0075689433,-0.007349756,-0.007568951,,
1798,-0.004904976,,,,,-0.00649157,-0.0069733183,-0.005977528,,,,,,,,,-0.0077696405,-0.0075585893,-0.007769651,,
1799,-0.0050286255,,,,,-0.0066769277,-0.007160989,-0.0061453185,,,,,,,,,-0.007970305,-0.007767421,-0.007970309,,
1800,-0.0051693497,,,,,-0.0069124335,-0.007398974,-0.006374925,,,,,,,,,-0.0082171075,-0.008011394,-0.008217127,,
1801,-0.0053271675,,,,,-0.0071981302,-0.0076872646,-0.006666381,,,,,,,,,-0.008510008,-0.008290538,-0.008510028,,
1802,-0.005485016,,,,,-0.0074838717,-0.007975585,-0.006957852,,,,,,,,,-0.008802926,-0.008569686,-0.008802935,,
1803,-0.0056428653,,,,,-0.007769566,-0.008263853,-0.007249281,,,,,,,,,-0.009095841,-0.008848829,-0.009095854,,
1804,-0.005800714,,,,,-0.008055269,-0.008552173,-0.007540738,,,,,,,,,-0.009388738,-0.009127981,-0.009388754,,
1805,-0.0059585636,,,,,-0.00834095,-0.008840481,-0.00783218,,,,,,,,,-0.009681649,-0.009407081,-0.009681664,,
1806,-0.006116395,,,,,-0.008626646,-0.009128801,-0.008123606,,,,,,,,,-0.009974535,-0.0096862465,-0.009974549,,
1807,-0.0062742135,,,,,-0.008912357,-0.009417123,-0.00841506,,,,,,,,,-0.010267436,-0.009965372,-0.010267454,,
1808,-0.0064320746,,,,,-0.009198066,-0.009705383,-0.008706499,,,,,,,,,-0.010560349,-0.010244524,-0.010560362,,
1809,-0.0065899193,,,,,-0.009483736,-0.009993657,-0.008997974,,,,,,,,,-0.01085325,-0.010523651,-0.010853259,,
1810,-0.006761531,,,,,-0.009822499,-0.010327466,-0.009340198,,,,,,,,,-0.01115906,-0.010822852,-0.0111590745,,
1811,-0.0069468776,,,,,-0.010214316,-0.010706748,-0.009733246,,,,,,,,,-0.011477727,-0.011142062,-0.011477741,,
1812,-0.0071322536,,,,,-0.0106061315,-0.011086026,-0.010126292,,,,,,,,,-0.011796461,-0.011461316,-0.01179648,,
1813,-0.0073176185,,,,,-0.01099797,-0.01146531,-0.010519316,,,,,,,,,-0.012115157,-0.011780541,-0.012115171,,
1814,-0.007502997,,,,,-0.011389811,-0.011844617,-0.010912341,,,,,,,,,-0.012433855,-0.0120997885,-0.012433865,,
1815,-0.0076883743,,,,,-0.011781632,-0.012223918,-0.011305401,,,,,,,,,-0.012752558,-0.012419022,-0.012752563,,
1816,-0.007873741,,,,,-0.012173487,-0.012603194,-0.011698425,,,,,,,,,-0.013071262,-0.012738283,-0.013071279,,
1817,-0.008059105,,,,,-0.012565314,-0.012982494,-0.01209149,,,,,,,,,-0.013389928,-0.013057522,-0.013389932,,
1818,-0.008244453,,,,,-0.012957123,-0.013361774,-0.012484521,,,,,,,,,-0.013708667,-0.013376718,-0.01370867,,
1819,-0.00842981,,,,,-0.01334896,-0.013741044,-0.012877505,,,,,,,,,-0.01402735,-0.013695979,-0.014027347,,
1820,-0.008669322,,,,,-0.013731451,-0.014118737,-0.013263256,,,,,,,,,-0.0143826725,-0.014052637,-0.014382681,,
1821,-0.008963026,,,,,-0.014104718,-0.014494694,-0.013641665,,,,,,,,,-0.014774614,-0.014446632,-0.01477463,,
1822,-0.009256673,,,,,-0.0144779375,-0.014870617,-0.014020089,,,,,,,,,-0.015166592,-0.014840666,-0.015166595,,
1823,-0.009550365,,,,,-0.014851155,-0.015246657,-0.014398521,,,,,,,,,-0.015558556,-0.01523465,-0.015558554,,
1824,-0.009844028,,,,,-0.015224347,-0.015622635,-0.014776962,,,,,,,,,-0.015950395,-0.015628666,-0.015950397,,
1825,-0.0101377135,,,,,-0.015597579,-0.015998654,-0.01515538,,,,,,,,,-0.016342392,-0.016022714,-0.016342403,,
1826,-0.0104314005,,,,,-0.015970802,-0.01637463,-0.015533834,,,,,,,,,-0.016734347,-0.016416704,-0.01673435,,
1827,-0.010725092,,,,,-0.016344069,-0.016750585,-0.015912224,,,,,,,,,-0.017126318,-0.016810715,-0.017126316,,
1828,-0.011018768,,,,,-0.01671728,-0.01712663,-0.01629065,,,,,,,,,-0.017518224,-0.017204735,-0.017518237,,
1829,-0.011312458,,,,,-0.017090525,-0.017502591,-0.016669089,,,,,,,,,-0.017910201,-0.017598763,-0.017910188,,
1830,-0.011704965,,,,,-0.017576098,-0.017981132,-0.017169142,,,,,,,,,-0.018384535,-0.018078063,-0.01838454,,
1831,-0.012196263,,,,,-0.018174054,-0.018562194,-0.017790819,,,,,,,,,-0.018941106,-0.0186427,-0.018941112,,
1832,-0.01268757,,,,,-0.018771967,-0.019143198,-0.01841255,,,,,,,,,-0.019497724,-0.019207263,-0.019497732,,
1833,-0.013178846,,,,,-0.019369876,-0.01972433,-0.019034194,,,,,,,,,-0.02005436,-0.019771894,-0.020054389,,
1834,-0.013670191,,,,,-0.019967834,-0.020305328,-0.01965587,,,,,,,,,-0.020611057,-0.020336535,-0.020611063,,
1835,-0.014161512,,,,,-0.020565756,-0.020886434,-0.020277524,,,,,,,,,-0.021167677,-0.020901153,-0.021167688,,
1836,-0.014652821,,,,,-0.02116367,-0.021467494,-0.020899214,,,,,,,,,-0.021724291,-0.021465726,-0.021724302,,
1837,-0.015144134,,,,,-0.021761613,-0.022048512,-0.02152097,,,,,,,,,-0.022280952,-0.022030344,-0.02228095,,
1838,-0.015635442,,,,,-0.02235949,-0.02262959,-0.022142634,,,,,,,,,-0.02283759,-0.02259501,-0.022837624,,
1839,-0.016126737,,,,,-0.022957409,-0.023210693,-0.022764297,,,,,,,,,-0.023394236,-0.023159573,-0.023394246,,
1840,-0.016697142,,,,,-0.023565266,-0.02380415,-0.023389319,,,,,,,,,-0.023930363,-0.023700004,-0.023930373,,
1841,-0.017346691,,,,,-0.024183031,-0.024409957,-0.024017604,,,,,,,,,-0.024446068,-0.024216227,-0.024446089,,
1842,-0.017996242,,,,,-0.024800684,-0.025015924,-0.02464595,,,,,,,,,-0.024961619,-0.02473234,-0.02496163,,
1843,-0.018645803,,,,,-0.02541841,-0.025621742,-0.02527425,,,,,,,,,-0.025477272,-0.02524853,-0.025477296,,
1844,-0.019295366,,,,,-0.026036177,-0.026227564,-0.025902629,,,,,,,,,-0.02599299,-0.025764765,-0.025993003,,
1845,-0.019944903,,,,,-0.026653927,-0.026833452,-0.026530888,,,,,,,,,-0.02650857,-0.026280912,-0.026508588,,
1846,-0.020594401,,,,,-0.027271654,-0.027439289,-0.027159173,,,,,,,,,-0.027024288,-0.026797082,-0.027024304,,
1847,-0.02124397,,,,,-0.027889393,-0.028045077,-0.027787475,,,,,,,,,-0.0275399,-0.027313262,-0.027539903,,
1848,-0.02189349,,,,,-0.028507093,-0.028650908,-0.028415823,,,,,,,,,-0.02805558,-0.027829463,-0.028055564,,
1849,-0.02254303,,,,,-0.029124847,-0.02925683,-0.029044181,,,,,,,,,-0.028571201,-0.028345652,-0.028571231,,
1850,-0.023360541,,,,,-0.029959887,-0.030067895,-0.029904751,,,,,,,,,-0.02932828,-0.029103598,-0.02932829,,
1851,-0.024346145,,,,,-0.031012446,-0.031084225,-0.030997606,,,,,,,,,-0.03032683,-0.030103179,-0.030326828,,
1852,-0.025331708,,,,,-0.032064985,-0.0321006,-0.032090496,,,,,,,,,-0.03132534,-0.031102726,-0.031325337,,
1853,-0.02631725,,,,,-0.03311758,-0.03311689,-0.033183437,,,,,,,,,-0.03232394,-0.032102328,-0.032323964,,
1854,-0.027302857,,,,,-0.034170076,-0.034133296,-0.034276344,,,,,,,,,-0.03332243,-0.033101957,-0.03332245,,
1855,-0.028288363,,,,,-0.035222773,-0.035149608,-0.03536922,,,,,,,,,-0.034321003,-0.034101535,-0.034321025,,
1856,-0.029273925,,,,,-0.036275186,-0.036166064,-0.036462054,,,,,,,,,-0.035319496,-0.035101123,-0.035319492,,
1857,-0.030259443,,,,,-0.037327785,-0.037182312,-0.037554957,,,,,,,,,-0.036318112,-0.036100864,-0.03631814,,
1858,-0.031245088,,,,,-0.038380302,-0.03819866,-0.038647804,,,,,,,,,-0.037316497,-0.037100323,-0.03731651,,
1859,-0.03223062,,,,,-0.039432835,-0.039215032,-0.039740685,,,,,,,,,-0.038315192,-0.03810007,-0.038315214,,
1860,-0.033090312,,,,,-0.040274765,-0.040048447,-0.040593415,,,,,,,,,-0.039112613,-0.038919725,-0.03911261,,
1861,-0.033824246,,,,,-0.040906046,-0.040698994,-0.041206036,,,,,,,,,-0.039708886,-0.03955965,-0.0397089,,
1862,-0.034558173,,,,,-0.04153731,-0.04134946,-0.04181863,,,,,,,,,-0.04030523,-0.040199567,-0.04030526,,
1863,-0.035292055,,,,,-0.04216864,-0.042000104,-0.042431276,,,,,,,,,-0.04090154,-0.040839557,-0.040901568,,
1864,-0.036025878,,,,,-0.042799868,-0.04265061,-0.04304382,,,,,,,,,-0.041497845,-0.041479457,-0.041497845,,
1865,-0.03675979,,,,,-0.043431032,-0.043301202,-0.043656535,,,,,,,,,-0.042094074,-0.042119205,-0.042094067,,
1866,-0.037493773,,,,,-0.044062413,-0.043951675,-0.044269186,,,,,,,,,-0.042690463,-0.04275919,-0.04269051,,
1867,-0.03822761,,,,,-0.044693626,-0.044602256,-0.044881653,,,,,,,,,-0.043286636,-0.043399096,-0.04328664,,
1868,-0.038961522,,,,,-0.04532486,-0.04525272,-0.045494273,,,,,,,,,-0.043883145,-0.044039033,-0.043883145,,
1869,-0.039695445,,,,,-0.045956157,-0.04590334,-0.04610691,,,,,,,,,-0.044479255,-0.044678837,-0.044479307,,
1870,-0.04080029,,,,,-0.047014702,-0.046956085,-0.047172017,,,,,,,,,-0.045508634,-0.04573707,-0.045508668,,
1871,-0.042276032,,,,,-0.04850013,-0.04841114,-0.048689563,,,,,,,,,-0.04697067,-0.047213472,-0.046970654,,
1872,-0.043751817,,,,,-0.049985606,-0.04986615,-0.050207175,,,,,,,,,-0.048432942,-0.04868997,-0.048432987,,
1873,-0.045227606,,,,,-0.051471174,-0.051321402,-0.051724724,,,,,,,,,-0.049895164,-0.05016652,-0.049895164,,
1874,-0.04670336,,,,,-0.052956562,-0.05277637,-0.053242415,,,,,,,,,-0.051357448,-0.051642876,-0.05135746,,
1875,-0.048179317,,,,,-0.05444198,-0.054231536,-0.054760043,,,,,,,,,-0.05281969,-0.05311943,-0.05281971,,
1876,-0.049654946,,,,,-0.05592766,-0.055686574,-0.056277633,,,,,,,,,-0.054281756,-0.054595754,-0.054281812,,
1877,-0.051130768,,,,,-0.057413243,-0.05714167,-0.057795133,,,,,,,,,-0.05574401,-0.056072243,-0.055744022,,
1878,-0.052606527,,,,,-0.0588987,-0.058596734,-0.059312675,,,,,,,,,-0.05720621,-0.057548672,-0.057206254,,
1879,-0.054082334,,,,,-0.06038429,-0.06005179,-0.06083038,,,,,,,,,-0.058668494,-0.059025206,-0.05866851,,
1880,-0.055399027,,,,,-0.061655656,-0.061320696,-0.06210423,,,,,,,,,-0.05991189,-0.060284533,-0.0599119,,
1881,-0.056556433,,,,,-0.062712975,-0.062403724,-0.06313418,,,,,,,,,-0.06093624,-0.06132639,-0.060936276,,
1882,-0.057713885,,,,,-0.06377032,-0.063486695,-0.06416431,,,,,,,,,-0.061960753,-0.062368385,-0.061960768,,
1883,-0.058871347,,,,,-0.064827666,-0.06456947,-0.06519451,,,,,,,,,-0.0629853,-0.06341042,-0.06298532,,
1884,-0.060028702,,,,,-0.065885074,-0.0656523,-0.06622448,,,,,,,,,-0.0640098,-0.064452544,-0.06400982,,
1885,-0.061186165,,,,,-0.066942364,-0.06673505,-0.067254595,,,,,,,,,-0.06503427,-0.06549456,-0.06503428,,
1886,-0.062343575,,,,,-0.06799956,-0.06781798,-0.0682846,,,,,,,,,-0.06605866,-0.06653651,-0.06605867,,
1887,-0.06350118,,,,,-0.06905697,-0.068900734,-0.06931472,,,,,,,,,-0.06708302,-0.067578375,-0.06708301,,
1888,-0.064658456,,,,,-0.07011437,-0.06998369,-0.07034478,,,,,,,,,-0.06810775,-0.06862053,-0.06810779,,
1889,-0.065816,,,,,-0.07117163,-0.07106656,-0.07137504,,,,,,,,,-0.069132075,-0.06966252,-0.06913209,,
1890,-0.06701948,,,,,-0.07217994,-0.07210935,-0.072345324,,,,,,,,,-0.0701424,-0.07068273,-0.07014245,,
1891,-0.068268925,,,,,-0.07313962,-0.07311168,-0.07325624,,,,,,,,,-0.07113814,-0.07168124,-0.07113815,,
1892,-0.06951878,,,,,-0.074099146,-0.07411394,-0.0741671,,,,,,,,,-0.07213399,-0.07267951,-0.072134025,,
1893,-0.07076804,,,,,-0.07505846,-0.07511612,-0.0750779,,,,,,,,,-0.07312979,-0.07367796,-0.07312981,,
1894,-0.072017714,,,,,-0.076017976,-0.07611843,-0.075989,,,,,,,,,-0.07412572,-0.07467635,-0.07412575,,
1895,-0.07326717,,,,,-0.07697757,-0.077120945,-0.076899834,,,,,,,,,-0.075121544,-0.075674735,-0.07512153,,
1896,-0.07451681,,,,,-0.077937014,-0.07812308,-0.077810846,,,,,,,,,-0.07611728,-0.07667289,-0.076117255,,
1897,-0.075766325,,,,,-0.0788963,-0.079125345,-0.078721635,,,,,,,,,-0.077113144,-0.077671364,-0.07711316,,
1898,-0.077015765,,,,,-0.07985587,-0.08012774,-0.07963272,,,,,,,,,-0.078108944,-0.07866979,-0.078108996,,
1899,-0.07826532,,,,,-0.08081533,-0.08113015,-0.08054354,,,,,,,,,-0.079104714,-0.07966795,-0.079104766,,
1900,-0.07962759,,,,,-0.08204958,-0.08236874,-0.08176821,,,,,,,,,-0.08030214,-0.08085958,-0.08030219,,
1901,-0.08110226,,,,,-0.0835592,-0.083843194,-0.08330675,,,,,,,,,-0.08170186,-0.08224425,-0.08170189,,
1902,-0.08257699,,,,,-0.08506845,-0.08531789,-0.084845506,,,,,,,,,-0.08310136,-0.08362919,-0.08310132,,
1903,-0.08405157,,,,,-0.08657769,-0.08679274,-0.086383745,,,,,,,,,-0.08450105,-0.08501394,-0.084500976,,
1904,-0.08552654,,,,,-0.088086866,-0.08826712,-0.08792234,,,,,,,,,-0.08590037,-0.08639843,-0.08590036,,
1905,-0.08700146,,,,,-0.08959603,-0.089741796,-0.08946077,,,,,,,,,-0.08730004,-0.08778335,-0.08730003,,
1906,-0.088475995,,,,,-0.09110534,-0.09121653,-0.0909995,,,,,,,,,-0.0886993,-0.08916763,-0.08869936,,
1907,-0.08995109,,,,,-0.0926146,-0.09269128,-0.092537954,,,,,,,,,-0.090098746,-0.0905526,-0.09009881,,
1908,-0.091425575,,,,,-0.09412387,-0.094165996,-0.09407644,,,,,,,,,-0.091498345,-0.091937244,-0.09149829,,
1909,-0.09290059,,,,,-0.09563327,-0.09564038,-0.09561501,,,,,,,,,-0.09289797,-0.09332213,-0.09289792,,
1910,-0.09399266,,,,,-0.096541,-0.096554756,-0.09651419,,,,,,,,,-0.09379442,-0.09420686,-0.09379441,,
1911,-0.09470172,,,,,-0.096847534,-0.096909046,-0.09677506,,,,,,,,,-0.094188355,-0.09459274,-0.09418845,,
1912,-0.09541067,,,,,-0.09715406,-0.09726322,-0.097035445,,,,,,,,,-0.09458258,-0.09497843,-0.094582625,,
1913,-0.09611996,,,,,-0.09746028,-0.09761723,-0.09729632,,,,,,,,,-0.09497618,-0.09536405,-0.0949762,,
1914,-0.09682914,,,,,-0.097766526,-0.097971305,-0.09755673,,,,,,,,,-0.09537019,-0.09574963,-0.09537022,,
1915,-0.097538136,,,,,-0.098073006,-0.09832557,-0.09781733,,,,,,,,,-0.09576415,-0.09613525,-0.095764205,,
1916,-0.09824723,,,,,-0.09837946,-0.09867968,-0.09807786,,,,,,,,,-0.09615796,-0.096521005,-0.09615802,,
1917,-0.09895618,,,,,-0.098685935,-0.09903385,-0.09833835,,,,,,,,,-0.096551895,-0.096906655,-0.09655187,,
1918,-0.099665575,,,,,-0.09899203,-0.09938817,-0.09859894,,,,,,,,,-0.0969457,-0.09729204,-0.0969457,,
1919,-0.10037479,,,,,-0.09929872,-0.09974217,-0.09885945,,,,,,,,,-0.09733975,-0.09767774,-0.09733978,,
1920,-0.101185225,,,,,-0.099868774,-0.100346625,-0.09939753,,,,,,,,,-0.097953916,-0.09829421,-0.097953916,,
1921,-0.102097556,,,,,-0.100702874,-0.10120086,-0.1002126,,,,,,,,,-0.098788254,-0.099141374,-0.098788224,,
1922,-0.10300939,,,,,-0.1015367,-0.102055356,-0.10102781,,,,,,,,,-0.09962289,-0.09998863,-0.09962293,,
1923,-0.10392158,,,,,-0.10237081,-0.10290981,-0.10184296,,,,,,,,,-0.100457214,-0.10083557,-0.10045721,,
1924,-0.10483388,,,,,-0.10320485,-0.103764154,-0.10265816,,,,,,,,,-0.101291515,-0.101682715,-0.10129148,,
1925,-0.105746225,,,,,-0.10403853,-0.10461861,-0.10347327,,,,,,,,,-0.1021259,-0.10252973,-0.10212598,,
1926,-0.10665836,,,,,-0.10487264,-0.10547311,-0.10428838,,,,,,,,,-0.10296083,-0.10337707,-0.102960825,,
1927,-0.1075703,,,,,-0.105706744,-0.106327474,-0.10510373,,,,,,,,,-0.10379501,-0.1042241,-0.103795014,,
1928,-0.10848226,,,,,-0.10654076,-0.10718204,-0.10591866,,,,,,,,,-0.10462947,-0.105071425,-0.10462949,,
1929,-0.109394625,,,,,-0.10737427,-0.10803634,-0.10673439,,,,,,,,,-0.105464004,-0.10591833,-0.10546403,,
1930,-0.11012387,,,,,-0.10827487,-0.108953804,-0.107622236,,,,,,,,,-0.106239825,-0.10668783,-0.106239825,,
1931,-0.11067051,,,,,-0.10924201,-0.10993489,-0.10858381,,,,,,,,,-0.10695727,-0.107379675,-0.1069573,,
1932,-0.11121714,,,,,-0.110209286,-0.110915504,-0.10954513,,,,,,,,,-0.10767445,-0.10807149,-0.107674465,,
1933,-0.11176404,,,,,-0.11117631,-0.111895986,-0.110506624,,,,,,,,,-0.108391866,-0.108763374,-0.10839181,,
1934,-0.11231078,,,,,-0.11214318,-0.11287678,-0.11146802,,,,,,,,,-0.10910908,-0.10945531,-0.10910914,,
1935,-0.11285727,,,,,-0.11311029,-0.11385774,-0.11242928,,,,,,,,,-0.10982606,-0.11014688,-0.10982612,,
1936,-0.1134041,,,,,-0.11407709,-0.11483848,-0.11339072,,,,,,,,,-0.1105435,-0.11083896,-0.11054348,,
1937,-0.11395079,,,,,-0.11504441,-0.11581882,-0.11435197,,,,,,,,,-0.11126063,-0.11153056,-0.111260615,,
1938,-0.11449717,,,,,-0.11601142,-0.11679986,-0.11531328,,,,,,,,,-0.11197829,-0.11222236,-0.11197827,,
1939,-0.11504401,,,,,-0.116978385,-0.117780715,-0.11627481,,,,,,,,,-0.1126952,-0.11291424,-0.11269529,,
1940,-0.11538902,,,,,-0.11738962,-0.118239775,-0.116643526,,,,,,,,,-0.11275588,-0.11294774,-0.11275588,,
1941,-0.11553234,,,,,-0.11724457,-0.11817791,-0.11642017,,,,,,,,,-0.112160034,-0.112322606,-0.112160034,,
1942,-0.11567519,,,,,-0.117099844,-0.11811654,-0.116196826,,,,,,,,,-0.11156403,-0.11169724,-0.11156406,,
1943,-0.115818545,,,,,-0.11695535,-0.11805465,-0.115973644,,,,,,,,,-0.110968105,-0.111072026,-0.110968135,,
1944,-0.11596193,,,,,-0.11681074,-0.11799259,-0.115750566,,,,,,,,,-0.11037224,-0.11044687,-0.110372245,,
1945,-0.116105415,,,,,-0.11666609,-0.11793097,-0.11552692,,,,,,,,,-0.10977637,-0.10982182,-0.10977633,,
1946,-0.116248645,,,,,-0.116521776,-0.11786903,-0.11530392,,,,,,,,,-0.10918027,-0.109196626,-0.10918024,,
1947,-0.11639174,,,,,-0.11637674,-0.11780726,-0.11508058,,,,,,,,,-0.10858458,-0.10857155,-0.10858461,,
1948,-0.11653506,,,,,-0.116232045,-0.117745236,-0.11485726,,,,,,,,,-0.107988514,-0.10794613,-0.10798861,,
1949,-0.11667865,,,,,-0.11608719,-0.11768369,-0.114633925,,,,,,,,,-0.10739254,-0.10732111,-0.10739252,,
1950,-0.1171538,,,,,-0.11633147,-0.11798747,-0.11481843,,,,,,,,,-0.10749235,-0.10744453,-0.10737522,,
1951,-0.1179611,,,,,-0.11696565,-0.11865737,-0.11540959,,,,,,,,,-0.108387545,-0.10838558,-0.10793591,,
1952,-0.11876844,,,,,-0.11759946,-0.119327255,-0.116000496,,,,,,,,,-0.10926422,-0.10927652,-0.10849671,,
1953,-0.119576044,,,,,-0.118232965,-0.11999719,-0.116592504,,,,,,,,,-0.11001173,-0.11003936,-0.1090571,,
1954,-0.120383285,,,,,-0.11886699,-0.12066719,-0.11718406,,,,,,,,,-0.11084653,-0.11089797,-0.10961789,,
1955,-0.12119095,,,,,-0.11950079,-0.12133725,-0.11777543,,,,,,,,,-0.111719124,-0.11181696,-0.1101789,,
1956,-0.12199792,,,,,-0.12013474,-0.12200706,-0.11836705,,,,,,,,,-0.11244802,-0.112611115,-0.11073969,,
1957,-0.12280553,,,,,-0.1207687,-0.1226773,-0.11895877,,,,,,,,,-0.113078326,-0.11331708,-0.11130039,,
1958,-0.123612665,,,,,-0.121402554,-0.12334698,-0.119550265,,,,,,,,,-0.11323424,-0.113573685,-0.11186107,,
1959,-0.12442074,,,,,-0.12203646,-0.12401687,-0.120141536,,,,,,,,,-0.11289229,-0.11362227,-0.112422004,,
1960,-0.12495787,,,,,-0.12260732,-0.12462597,-0.120669566,,,,,,,,,-0.11266844,-0.11378063,-0.11301223,,
1961,-0.12522584,,,,,-0.12311575,-0.1251739,-0.12113329,,,,,,,,,-0.11268684,-0.11384719,-0.113632135,,
1962,-0.1254936,,,,,-0.12362392,-0.12572195,-0.121597014,,,,,,,,,-0.113155566,-0.114319116,-0.11425202,,
1963,-0.1257617,,,,,-0.12413202,-0.12626968,-0.12206069,,,,,,,,,-0.113673076,-0.11485875,-0.11487169,,
1964,-0.12602969,,,,,-0.1246399,-0.12681797,-0.12252437,,,,,,,,,-0.113877065,-0.11508428,-0.11549154,,
1965,-0.12629737,,,,,-0.1251481,-0.12736577,-0.12298836,,,,,,,,,-0.11413377,-0.115328975,-0.116111256,,
1966,-0.12656541,,,,,-0.1256565,-0.12791322,-0.12345177,,,,,,,,,-0.11420242,-0.115380116,-0.11673143,,
1967,-0.12683316,,,,,-0.12616448,-0.12846139,-0.123915896,,,,,,,,,-0.11506285,-0.116242744,-0.11735111,,
1968,-0.12710094,,,,,-0.12667271,-0.12900965,-0.124379665,,,,,,,,,-0.11703872,-0.11823963,-0.117970526,,
1969,-0.12736884,,,,,-0.1271807,-0.12955713,-0.12484311,,,,,,,,,-0.11848442,-0.11970991,-0.11859045,,
1970,-0.12753405,,,,,-0.12750058,-0.1299285,-0.1251089,,,,,,,,,-0.11927803,-0.1205081,-0.11908348,,
1971,-0.12759554,,,,,-0.12763306,-0.13012372,-0.12517768,,,,,,,,,-0.11954433,-0.120782614,-0.119450405,,
1972,-0.12765738,,,,,-0.12776563,-0.13031861,-0.12524569,,,,,,,,,-0.11957245,-0.12082918,-0.11981664,,
1973,-0.12771884,,,,,-0.1278982,-0.1305136,-0.12531379,,,,,,,,,-0.12010117,-0.12136417,-0.120183215,,
1974,-0.12778011,,,,,-0.12803078,-0.13070858,-0.12538165,,,,,,,,,-0.12054351,-0.12180508,-0.120550066,,
1975,-0.12784179,,,,,-0.12816335,-0.1309036,-0.12544982,,,,,,,,,-0.12060714,-0.12187883,-0.12091625,,
1976,-0.12790339,,,,,-0.12829572,-0.13109848,-0.12551801,,,,,,,,,-0.12067475,-0.12195822,-0.12128312,,
1977,-0.12796488,,,,,-0.12842801,-0.13129382,-0.12558617,,,,,,,,,-0.121410005,-0.1227059,-0.1216497,,
1978,-0.12802653,,,,,-0.12856047,-0.13148859,-0.12565449,,,,,,,,,-0.12240554,-0.12372273,-0.122016124,,
1979,-0.12808785,,,,,-0.12869266,-0.13168333,-0.12572236,,,,,,,,,-0.12264401,-0.123984545,-0.1223824,,
1980,-0.12823132,,,,,-0.12896518,-0.13202202,-0.12592688,,,,,,,,,-0.12297086,-0.124327846,-0.12267694,,
1981,-0.12845692,,,,,-0.12937771,-0.13250467,-0.12626688,,,,,,,,,-0.123433575,-0.1248083,-0.12289871,,
1982,-0.12868182,,,,,-0.12979026,-0.13298678,-0.1266072,,,,,,,,,-0.12372597,-0.12510666,-0.123120315,,
1983,-0.12890676,,,,,-0.13020234,-0.13346909,-0.12694736,,,,,,,,,-0.12426845,-0.12565057,-0.12334213,,
1984,-0.129132,,,,,-0.1306147,-0.1339517,-0.12728734,,,,,,,,,-0.124675006,-0.12613514,-0.12356396,,
1985,-0.12935708,,,,,-0.13102733,-0.13443418,-0.12762736,,,,,,,,,-0.12483693,-0.12647606,-0.12378597,,
1986,-0.12958209,,,,,-0.13144003,-0.13491647,-0.12796724,,,,,,,,,-0.12492797,-0.12669355,-0.12400745,,
1987,-0.12980756,,,,,-0.13185212,-0.13539872,-0.12830777,,,,,,,,,-0.12510246,-0.1269032,-0.12422912,,
1988,-0.13003233,,,,,-0.13226454,-0.13588119,-0.1286478,,,,,,,,,-0.12526722,-0.1270785,-0.12445117,,
1989,-0.13025725,,,,,-0.13267697,-0.13636345,-0.12898797,,,,,,,,,-0.12503499,-0.12685455,-0.124673165,,
1990,-0.1303725,,,,,-0.13261394,-0.13637115,-0.12885264,,,,,,,,,-0.124736,-0.1264971,-0.124620005,,
1991,-0.13037795,,,,,-0.1320757,-0.1359041,-0.12824266,,,,,,,,,-0.12397676,-0.12562598,-0.12429196,,
1992,-0.13038343,,,,,-0.13153693,-0.13543671,-0.12763232,,,,,,,,,-0.12294363,-0.12467022,-0.123964556,,
1993,-0.1303886,,,,,-0.1309987,-0.13496909,-0.12702163,,,,,,,,,-0.12249975,-0.124342576,-0.12363663,,
1994,-0.13039388,,,,,-0.13046011,-0.1345022,-0.12641138,,,,,,,,,-0.12203021,-0.12392177,-0.123308815,,
1995,-0.13039964,,,,,-0.12992218,-0.13403495,-0.12580127,,,,,,,,,-0.121346205,-0.1232876,-0.1229811,,
1996,-0.13040498,,,,,-0.12938362,-0.13356793,-0.12519032,,,,,,,,,-0.12114458,-0.12307865,-0.12265328,,
1997,-0.13040993,,,,,-0.12884504,-0.1331006,-0.12458001,,,,,,,,,-0.121294744,-0.12323703,-0.1223253,,
1998,-0.13041516,,,,,-0.1283065,-0.13263346,-0.12396984,,,,,,,,,-0.12127846,-0.12328087,-0.12199789,,
1999,-0.13042064,,,,,-0.12776834,-0.13216618,-0.12335922,,,,,,,,,-0.12137663,-0.1234608,-0.12167039,,
2000,-0.1302516,,,,,-0.12717158,-0.1315982,-0.122722596,,,,,,,,,-0.12138242,-0.12347094,-0.12111139,,
2001,-0.12990895,,,,,-0.12606154,-0.13051198,-0.12159039,,,,,,,,,-0.120610215,-0.12264583,-0.120322675,,
2002,-0.12956594,,,,,-0.12450708,-0.12899935,-0.12000705,,,,,,,,,-0.119305305,-0.12160091,-0.11953381,,
2003,-0.12922318,,,,,-0.123319745,-0.12782425,-0.11880537,,,,,,,,,-0.11825956,-0.12112843,-0.11874496,,
2004,-0.12887995,,,,,-0.1211419,-0.1256622,-0.11661374,,,,,,,,,-0.11781118,-0.121224016,-0.11795605,,
2005,,-0.12898788,-0.12745637,-0.12892422,-0.1287672,-0.11866298,-0.123203926,-0.11410676,,,,,,,,,-0.117417164,-0.121373825,-0.117167234,,
2006,,-0.12954763,-0.12495296,-0.12935787,-0.12888628,-0.1173983,-0.12195056,-0.112818696,,,,,,,,,-0.11636407,-0.11945625,-0.11637858,,
2007,,-0.13010763,-0.122450136,-0.12979107,-0.129005,-0.11699054,-0.121545225,-0.1124135,,,,,,,,,-0.11526188,-0.117425315,-0.11558965,,
2008,,-0.13066761,-0.119946875,-0.1302243,-0.12912409,-0.11690188,-0.12145535,-0.1123261,,,,,,,,,-0.114626445,-0.117220744,-0.11480072,,
2009,,-0.13122754,-0.11744385,-0.13065737,-0.12924305,-0.11499732,-0.11956701,-0.110401236,,,,,,,,,-0.11399633,-0.11706404,-0.11401169,,
2010,,-0.13174014,-0.11507104,-0.13046633,-0.12936042,-0.11307887,-0.11766674,-0.10846329,,,,,,,,,-0.113112085,-0.11665184,-0.113453954,,
2011,,-0.1322059,-0.112829894,-0.12965019,-0.12947676,-0.11340229,-0.11798566,-0.1087889,,,,,,,,,-0.112002365,-0.11507297,-0.113126926,,
2012,,-0.13267149,-0.110588595,-0.12883414,-0.12959233,-0.112463295,-0.11701077,-0.10780656,,,,,,,,,-0.11117446,-0.11355752,-0.11280009,,
2013,,-0.13313732,-0.10834751,-0.12801813,-0.12970868,-0.111477666,-0.1159979,-0.10678416,,,,,,,,,-0.11125293,-0.113545276,-0.11247297,,
2014,,-0.13360296,-0.10610602,-0.12720218,-0.12982449,-0.111153975,-0.11568341,-0.106470674,,,,,,,,,-0.11121637,-0.113448955,-0.11214596,,
2015,,-0.13397442,-0.10386472,-0.12638624,-0.1299407,,,,-0.11000538,-0.11000882,-0.11061817,-0.110404834,-0.1113147,-0.1113147,-0.1104822,-0.110330485,-0.11085344,-0.11309692,-0.11181882,,
2016,,-0.13425153,-0.10162292,-0.12557031,-0.13005646,,,,-0.10939092,-0.1094013,-0.11121716,-0.11059606,-0.11328601,-0.11328601,-0.110837586,-0.110388674,-0.110889666,-0.1132163,-0.11149182,,
2017,,-0.13452876,-0.09938194,-0.12475483,-0.13017258,,,,-0.10877796,-0.108795084,-0.11180395,-0.11078471,-0.115236804,-0.115236804,-0.11122753,-0.11047912,-0.11082958,-0.11325583,-0.11116487,,
2018,,-0.1348058,-0.09714046,-0.12393845,-0.13028853,,,,-0.108168654,-0.10819265,-0.11239102,-0.110964954,-0.11723859,-0.11723859,-0.1116409,-0.11060139,-0.110634394,-0.11313628,-0.11083775,,
2019,,-0.13508265,-0.09489928,-0.12312224,-0.13040453,,,,-0.10756186,-0.10759269,-0.11296508,-0.111138694,-0.11925642,-0.11925642,-0.112058386,-0.11074814,-0.1104542,-0.11307328,-0.110510774,,
2020,,-0.13548096,-0.09312449,-0.12272532,-0.13056253,,,,-0.106904656,-0.10692488,-0.113449864,-0.111303136,-0.11984689,-0.120366976,-0.11229563,-0.11091195,-0.1104426,-0.113062076,-0.11038695,,
2021,,-0.13599998,-0.09181689,-0.122746386,-0.13076314,,,,-0.10621726,-0.10621191,-0.11386009,-0.11146266,-0.11905579,-0.12060909,-0.112354025,-0.11107924,-0.11057788,-0.113165714,-0.110466346,,
2022,,-0.13651909,-0.09050843,-0.12276758,-0.13096395,,,,-0.10557309,-0.10554708,-0.114270195,-0.11162479,-0.11829427,-0.12086269,-0.1124206,-0.11124584,-0.11062712,-0.11324527,-0.110545896,-0.11054551,-0.11054551
2023,,-0.1370381,-0.08920061,-0.12278894,-0.13116437,,,,-0.104945794,-0.1049052,-0.11467824,-0.11179656,-0.117513284,-0.12111237,-0.11247853,-0.111400194,-0.11065077,-0.11330931,-0.110625304,-0.11062511,-0.11062511
2024,,-0.13755707,-0.08789238,-0.12281027,-0.13136466,,,,-0.104321554,-0.10426878,-0.115098715,-0.11197875,-0.11673608,-0.12138584,-0.11257728,-0.11156228,,-0.11341563,,-0.1104511,-0.11070763
2025,,-0.13880455,-0.08658447,-0.12283194,-0.13156523,,,,-0.103567936,-0.10354554,-0.11552312,-0.11180228,-0.11586836,-0.121677205,-0.1127304,-0.1117921,,,,-0.11069786,-0.11058145
2026,,-0.14078087,-0.08527619,-0.122853495,-0.13176559,,,,-0.10268053,-0.10273438,-0.1159431,-0.11127563,-0.11489758,-0.12198677,-0.11289017,-0.11206891,,,,-0.111619465,-0.110243596
2027,,-0.14275698,-0.083968244,-0.12287508,-0.1319661,,,,-0.101789296,-0.10192498,-0.11637057,-0.110777654,-0.11395581,-0.12233385,-0.1130574,-0.11233836,,,,-0.11254195,-0.10990554
2028,,-0.14473335,-0.082660176,-0.12289597,-0.13216649,,,,-0.10089756,-0.101118594,-0.11680232,-0.11030781,-0.11298352,-0.12267008,-0.113232754,-0.11259532,,,,-0.113465354,-0.10956776
2029,,-0.14670956,-0.08135245,-0.12291728,-0.13236704,,,,-0.10001252,-0.10031946,-0.11723356,-0.10985122,-0.111983836,-0.12297738,-0.11340474,-0.112831265,,,,-0.11438982,-0.10922914
2030,,-0.1481785,-0.08044807,-0.12306977,-0.13260031,,,,-0.09909545,-0.099600084,-0.11747257,-0.10938549,-0.111064255,-0.12324086,-0.11324078,-0.1128065,,,,-0.11515454,-0.10905984
2031,,-0.14914028,-0.079947405,-0.12335281,-0.13286686,,,,-0.09814445,-0.09894823,-0.1175196,-0.10883297,-0.110239334,-0.12347381,-0.11274793,-0.11254159,,,,-0.11576035,-0.1090581
2032,,-0.15010229,-0.07944669,-0.12363559,-0.13313329,,,,-0.097289935,-0.0982897,-0.117562085,-0.10823108,-0.109455355,-0.12377269,-0.11225616,-0.11227866,,,,-0.11636436,-0.10905581
2033,,-0.15106408,-0.0789458,-0.12391827,-0.1333999,,,,-0.09652821,-0.09762848,-0.117599435,-0.10766808,-0.10858201,-0.12409915,-0.111771084,-0.11201937,,,,-0.11696775,-0.10905264
2034,,-0.15202616,-0.07844527,-0.12420125,-0.13366634,,,,-0.09579751,-0.09697134,-0.11763873,-0.10711832,-0.10767565,-0.124351814,-0.11129097,-0.11176128,,,,-0.11756968,-0.1090475
2035,,-0.15246584,-0.077944666,-0.12448394,-0.1339327,,,,-0.09566745,-0.09652916,-0.1176837,-0.106316715,-0.10681423,-0.12452899,-0.1108172,-0.11150693,,,,-0.11813335,-0.10916014
2036,,-0.1523834,-0.07744377,-0.12476659,-0.13419919,,,,-0.096097164,-0.096293785,-0.1177332,-0.105248794,-0.105939485,-0.124661274,-0.110353135,-0.11125913,,,,-0.11865699,-0.109388836
2037,,-0.15230098,-0.07694321,-0.12504941,-0.13446613,,,,-0.09652299,-0.09605606,-0.11775935,-0.10411273,-0.105062194,-0.124807954,-0.109891675,-0.11101313,,,,-0.11918049,-0.10961439
2038,,-0.15221843,-0.07644236,-0.12533224,-0.13473254,,,,-0.096982524,-0.095829844,-0.11777164,-0.10290654,-0.1041316,-0.12494128,-0.10943291,-0.11076767,,,,-0.1197034,-0.10983622
2039,,-0.1521357,-0.075941585,-0.12561502,-0.13499878,,,,-0.097475804,-0.09562276,-0.117785744,-0.101683,-0.10313932,-0.125032,-0.108975835,-0.11052332,,,,-0.12022895,-0.110054106
2040,,-0.15199414,-0.075577095,-0.12589912,-0.1351521,,,,-0.0976751,-0.09537942,-0.1176739,-0.10076326,-0.102149114,-0.12504038,-0.10862879,-0.11043468,,,,-0.1207969,-0.11006805
2041,,-0.15179348,-0.07534899,-0.12618473,-0.13519353,,,,-0.09757406,-0.09509224,-0.117434,-0.10014782,-0.101254605,-0.12490643,-0.10839463,-0.11050379,,,,-0.121402934,-0.10987828
2042,,-0.15159282,-0.07512118,-0.12646998,-0.1352347,,,,-0.09746931,-0.09480142,-0.11719499,-0.09952805,-0.10039732,-0.124750026,-0.10816251,-0.110575944,,,,-0.1220058,-0.10968732
2043,,-0.1513924,-0.07489331,-0.12675549,-0.13527577,,,,-0.09736061,-0.09450622,-0.11696309,-0.09889731,-0.099548906,-0.12468608,-0.10793171,-0.11064858,,,,-0.1226089,-0.1094943
2044,,-0.15119173,-0.074665174,-0.12704088,-0.1353167,,,,-0.09725166,-0.09420826,-0.116734855,-0.098259136,-0.09874933,-0.124641724,-0.10770151,-0.11072155,,,,-0.123211086,-0.10929942
2045,,-0.15091088,-0.07443694,-0.1273262,-0.13535814,,,,-0.09714263,-0.09393628,-0.11650999,-0.09731173,-0.09792762,-0.124365024,-0.10746657,-0.11079339,,,,-0.12411331,-0.10895991
2046,,-0.15054962,-0.07420906,-0.12761185,-0.1353995,,,,-0.097030796,-0.09369077,-0.116301164,-0.09605499,-0.097100854,-0.12391736,-0.10722545,-0.11085946,,,,-0.12531595,-0.10847716
2047,,-0.15018874,-0.073980816,-0.12789682,-0.13544062,,,,-0.09691845,-0.09344605,-0.11613353,-0.09476684,-0.09629218,-0.123486124,-0.10698387,-0.110920206,,,,-0.12651904,-0.10799328
2048,,-0.14982738,-0.0737528,-0.12818243,-0.1354817,,,,-0.09677099,-0.09316661,-0.115983896,-0.09343125,-0.09546462,-0.12303675,-0.10674634,-0.11099595,,,,-0.12772018,-0.10750925
2049,,-0.14946638,-0.073524706,-0.12846786,-0.13552296,,,,-0.09658495,-0.09284819,-0.115835294,-0.09207461,-0.09465338,-0.1226006,-0.10650719,-0.111099936,,,,-0.12891875,-0.10702637
2050,,-0.14929001,-0.073297895,-0.12880123,-0.13564189,,,,-0.096407235,-0.09245102,-0.11565399,-0.091131076,-0.094587594,-0.12246077,-0.108545646,-0.111241266,,,,-0.1303007,-0.10667006
2051,,-0.14929786,-0.073072374,-0.12918216,-0.13583893,,,,-0.09624026,-0.09197793,-0.11538894,-0.09060192,-0.09519645,-0.12260947,-0.11288191,-0.11140717,,,,-0.13186698,-0.10643852
2052,,-0.14930607,-0.07284677,-0.12956329,-0.13603555,,,,-0.096079886,-0.09151022,-0.11509988,-0.0900443,-0.09582712,-0.1227652,-0.11721889,-0.11157329,,,,-0.13343348,-0.10620675
2053,,-0.14931402,-0.07262108,-0.12994486,-0.13623229,,,,-0.09592242,-0.091044925,-0.11481616,-0.08945504,-0.09646542,-0.122916415,-0.12153112,-0.1117405,,,,-0.13499886,-0.10597483
2054,,-0.14932168,-0.072395444,-0.13032547,-0.13642903,,,,-0.095747136,-0.09056383,-0.11458298,-0.08882736,-0.097135104,-0.12303793,-0.12579343,-0.11190793,,,,-0.136562,-0.10574329
2055,,-0.14988722,-0.07216986,-0.13070676,-0.13662587,,,,-0.09561179,-0.090204485,-0.11442913,-0.088471055,-0.09789147,-0.12298599,-0.13000323,-0.112074636,,,,-0.13777974,-0.10544049
2056,,-0.15100932,-0.07194427,-0.13108788,-0.1368234,,,,-0.09553066,-0.08998068,-0.11422002,-0.088409446,-0.09865535,-0.12278692,-0.13423012,-0.112239525,,,,-0.138645,-0.10506665
2057,,-0.15213189,-0.071718775,-0.13146868,-0.13701999,,,,-0.09545117,-0.08976154,-0.113954104,-0.088324755,-0.09938509,-0.12256075,-0.13851613,-0.11240042,,,,-0.1395006,-0.10469238
2058,,-0.1532542,-0.0714929,-0.13184988,-0.13721694,,,,-0.095374465,-0.08955056,-0.11371697,-0.08820876,-0.100088514,-0.12230428,-0.14286323,-0.11255987,,,,-0.14035395,-0.10431774
2059,,-0.15437675,-0.07126721,-0.1322308,-0.13741362,,,,-0.09529718,-0.08934231,-0.11349434,-0.08805893,-0.10078249,-0.12200504,-0.14724159,-0.112718426,,,,-0.14120406,-0.103942014
2060,,-0.15520911,-0.0709929,-0.13271818,-0.1376081,,,,-0.095067605,-0.089328006,-0.11324879,-0.08770759,-0.10161022,-0.121570155,-0.14991142,-0.11276871,,,,-0.14178869,-0.10339913
2061,,-0.15575257,-0.07066886,-0.13331234,-0.13779914,,,,-0.0946918,-0.08951287,-0.11298301,-0.08717326,-0.102554515,-0.121027224,-0.150854,-0.11271131,,,,-0.14209992,-0.10268692
2062,,-0.15629588,-0.0703452,-0.13390656,-0.13799062,,,,-0.09432481,-0.089703575,-0.11271979,-0.08665054,-0.10347755,-0.12046463,-0.15174976,-0.11265399,,,,-0.14239465,-0.10197456
2063,,-0.15683907,-0.07002141,-0.13450053,-0.13818157,,,,-0.09396521,-0.08990016,-0.112437576,-0.086129546,-0.10434869,-0.11987324,-0.15264139,-0.11259674,,,,-0.14267834,-0.10126272
2064,,-0.15738225,-0.06969746,-0.13509506,-0.13837379,,,,-0.09360294,-0.090100825,-0.112154596,-0.0856028,-0.10516011,-0.11933882,-0.15355898,-0.11253936,,,,-0.14295687,-0.10055252
2065,,-0.15780109,-0.06937394,-0.13568877,-0.13856447,,,,-0.09335727,-0.09031957,-0.11188202,-0.08545081,-0.106134936,-0.11876852,-0.15449011,-0.11248234,,,,-0.14317031,-0.0998431
2066,,-0.1580951,-0.06905019,-0.13628288,-0.13875623,,,,-0.093251854,-0.09057383,-0.11159162,-0.08567204,-0.10726191,-0.11814601,-0.15544066,-0.11242506,,,,-0.14332004,-0.09913408
2067,,-0.158389,-0.06872641,-0.13687721,-0.13894746,,,,-0.09316391,-0.09085099,-0.111268796,-0.08588634,-0.10836725,-0.11755933,-0.1564043,-0.112368636,,,,-0.14346863,-0.09842569
2068,,-0.15868276,-0.068402715,-0.13747108,-0.13913877,,,,-0.093078785,-0.09113478,-0.11096458,-0.08609453,-0.10944123,-0.11692902,-0.15723683,-0.112312034,,,,-0.14361805,-0.097718075
2069,,-0.15897687,-0.06807884,-0.13806549,-0.13933028,,,,-0.093002476,-0.09142669,-0.11067934,-0.08628392,-0.1105186,-0.116262555,-0.15787317,-0.11225472,,,,-0.14376874,-0.09700978
2070,,-0.15906344,-0.06770351,-0.13865636,-0.13950604,,,,-0.09312371,-0.09198549,-0.11037296,-0.08642994,-0.11156219,-0.11552143,-0.15805228,-0.11217506,,,,-0.1438465,-0.096375175
2071,,-0.15894224,-0.067277044,-0.13924442,-0.13966739,,,,-0.093422934,-0.092803605,-0.11006206,-0.08655471,-0.11247651,-0.11477353,-0.15783344,-0.11207354,,,,-0.14384992,-0.09581414
2072,,-0.15882158,-0.06685059,-0.13983254,-0.13982819,,,,-0.0937025,-0.09361677,-0.109752275,-0.08668421,-0.11328561,-0.11404435,-0.15761556,-0.11197216,,,,-0.14385195,-0.095252916
2073,,-0.15870048,-0.06642403,-0.14042081,-0.13998932,,,,-0.09399469,-0.094427675,-0.10944225,-0.08680874,-0.11405799,-0.11330248,-0.1573968,-0.11187064,,,,-0.14385279,-0.09469133
2074,,-0.15857956,-0.06599742,-0.14100927,-0.14015073,,,,-0.094328105,-0.09510413,-0.10913095,-0.08690329,-0.11486247,-0.11260659,-0.15717869,-0.11176956,,,,-0.14385387,-0.094129056
2075,,-0.15843613,-0.06557098,-0.14159709,-0.14031132,,,,-0.094680846,-0.095893554,-0.10881886,-0.086980954,-0.11562189,-0.11185578,-0.15696026,-0.11166824,,,,-0.14384493,-0.09356597
2076,,-0.15826914,-0.065144375,-0.14218521,-0.14047256,,,,-0.0950309,-0.096952066,-0.10850399,-0.08706776,-0.11629669,-0.111004435,-0.15674278,-0.111567035,,,,-0.1438264,-0.09300306
2077,,-0.15810245,-0.06471791,-0.14277394,-0.14063303,,,,-0.09538338,-0.09803291,-0.10819084,-0.08714766,-0.11696458,-0.11010623,-0.15652558,-0.11146597,,,,-0.14380798,-0.09243998
2078,,-0.15793557,-0.064291365,-0.14336194,-0.1407941,,,,-0.095737174,-0.09910999,-0.10787367,-0.087202765,-0.117597856,-0.109252006,-0.15630879,-0.11136492,,,,-0.14378902,-0.09187683
2079,,-0.15776867,-0.06386476,-0.14395037,-0.14095557,,,,-0.09608348,-0.10017736,-0.107546985,-0.08723843,-0.11816322,-0.1084417,-0.1560911,-0.11126359,,,,-0.1437699,-0.09131346
2080,,-0.15796591,-0.063511685,-0.14435421,-0.14113696,,,,-0.09643847,-0.10103013,-0.10715414,-0.08730447,-0.11867348,-0.10753258,-0.1559715,-0.1111394,,,,-0.1437513,-0.0908138
2081,,-0.15852733,-0.063232005,-0.1445742,-0.14133923,,,,-0.096805096,-0.101678014,-0.106696196,-0.087400906,-0.11918532,-0.10652708,-0.15595686,-0.11099504,,,,-0.14373426,-0.09037663
2082,,-0.15908884,-0.062952116,-0.14479367,-0.14154142,,,,-0.09716274,-0.10231082,-0.10623511,-0.087509796,-0.11971853,-0.10549163,-0.1559464,-0.110908866,,,,-0.14371696,-0.08993962
2083,,-0.15964997,-0.06267263,-0.14501354,-0.14174375,,,,-0.097517475,-0.10292172,-0.10577139,-0.08763073,-0.12022194,-0.10446426,-0.15593673,-0.11087059,,,,-0.14369929,-0.089502335
2084,,-0.1602115,-0.062392842,-0.14523335,-0.14194553,,,,-0.09788012,-0.10354083,-0.105307415,-0.08774539,-0.120698296,-0.10349141,-0.1559229,-0.110801704,,,,-0.1436805,-0.08906502
2085,,-0.16076615,-0.062113144,-0.14545302,-0.14214817,,,,-0.09812612,-0.104057305,-0.10484438,-0.08794528,-0.121047914,-0.1024807,-0.155856,-0.110721365,,,,-0.14356522,-0.0886279
2086,,-0.16131434,-0.061833598,-0.14567266,-0.14235057,,,,-0.09825206,-0.1044645,-0.10437903,-0.08823597,-0.1212345,-0.101458944,-0.15577956,-0.110635385,,,,-0.14335337,-0.08819023
2087,,-0.16186245,-0.061553977,-0.1458924,-0.1425528,,,,-0.098381735,-0.10488051,-0.10391075,-0.08852722,-0.121386446,-0.1005062,-0.15575814,-0.110526696,,,,-0.14314246,-0.08775214
2088,,-0.1624105,-0.061274342,-0.14611228,-0.14275403,,,,-0.0985193,-0.10530104,-0.10344302,-0.08881691,-0.121540576,-0.099577054,-0.15575825,-0.11041707,,,,-0.14293094,-0.0873143
2089,,-0.16295844,-0.060994625,-0.14633225,-0.14295675,,,,-0.09866557,-0.10572743,-0.10297992,-0.089099735,-0.12163945,-0.098655,-0.15576898,-0.110313274,,,,-0.1427198,-0.08687546
2090,,-0.16344912,-0.060715266,-0.14676654,-0.14314097,,,,-0.09888782,-0.10585231,-0.10254572,-0.089267865,-0.1214478,-0.097703755,-0.15577886,-0.11012277,,,,-0.14252162,-0.086297415
2091,,-0.16388187,-0.060435575,-0.14741512,-0.14330693,,,,-0.09918794,-0.105687946,-0.102143966,-0.08932726,-0.121043414,-0.09673633,-0.15578155,-0.10985385,,,,-0.14233701,-0.08557994
2092,,-0.16431442,-0.060156062,-0.14806315,-0.1434727,,,,-0.09949566,-0.105543315,-0.1017446,-0.08938907,-0.120629266,-0.095765755,-0.15578462,-0.1095758,,,,-0.14215103,-0.08486236
2093,,-0.16474724,-0.059876572,-0.1487118,-0.14363904,,,,-0.099807024,-0.105401546,-0.10134436,-0.08945354,-0.120224014,-0.09477974,-0.15579037,-0.10927603,,,,-0.14196555,-0.08414478
2094,,-0.16517997,-0.059597127,-0.14936037,-0.14380476,,,,-0.100125395,-0.10526802,-0.10094786,-0.089520074,-0.11989429,-0.09378522,-0.1557971,-0.10897578,,,,-0.14178108,-0.083427265
2095,,-0.1654938,-0.059317566,-0.15000904,-0.14397073,,,,-0.10025794,-0.10483232,-0.10055156,-0.08979969,-0.119555645,-0.09286015,-0.15580414,-0.1086872,,,,-0.14162944,-0.08270981
2096,,-0.1656892,-0.05903809,-0.15065685,-0.14413694,,,,-0.10020408,-0.10408746,-0.10015077,-0.09029693,-0.11918677,-0.09202281,-0.1558112,-0.108404726,,,,-0.14151146,-0.08199206
2097,,-0.16588455,-0.05875859,-0.1513058,-0.14430295,,,,-0.10016078,-0.10335002,-0.099747784,-0.09080245,-0.11882444,-0.09123016,-0.1558187,-0.10812193,,,,-0.14139359,-0.0812743
2098,,-0.16607958,-0.05847893,-0.15195456,-0.14446855,,,,-0.1001236,-0.10262636,-0.099346265,-0.091309525,-0.11846622,-0.090440646,-0.15582578,-0.10783872,,,,-0.14127666,-0.08055679
2099,,-0.16627498,-0.058199514,-0.15260273,-0.14463499,,,,-0.10008698,-0.10190939,-0.09894414,-0.09181813,-0.11811871,-0.08965255,-0.15583013,-0.10756241,,,,-0.14116131,-0.079839475
