,CO2,CH4,N2O,aerosol-radiation_interactions,aerosol-cloud_interactions,O3,contrails,land_use,BC_on_snow,H2O_stratospheric,solar,volcanic,aerosol,nonco2wmghg,halogen,anthro,total,minor
1750.5,0.0,0.0,0.0,0.0,0.0,0.0,0.0,-0.0,0.0,0.0,0.0975902619928896,0.2464124699959412,0.0,0.0,0.0,0.0,0.3440027319888308,0.0
1751.5,0.0014167913545922,0.000508281967061,7.397631132996578e-05,0.0003115136378774,0.0033032056771499,-0.0003829103010544,0.0,-7.3362944610351905e-06,-0.000366433388989,4.671947425952785e-05,0.0792439729303896,0.2464196812311494,0.0036147193150273,0.0005822590741919253,7.958009594387151e-10,0.004903809233566518,0.33056746339510557,-0.00032705020919050737
1752.5,0.0028332451320559,0.0010162567352663,0.0001479445242567,0.0006208609202975,0.0047700552262331,-0.0003183581817699,0.0,-1.956345189609384e-05,-0.0004927796644413,9.3410711890648e-05,0.0491660432428896,0.2464221031513641,0.005390916146530599,0.0011642028511249188,1.5916019188774301e-09,0.00865107354349477,0.3042392199377485,-0.0004189324044467458
1753.5,0.004249361508732,0.0015239247974318,0.0002219046432573,6.394560416641965e-06,0.0027756113036223,-8.93040795174348e-05,0.0,-3.668147230517594e-05,-0.0003787116630668,0.0001400737581912,0.0129882844538271,0.2464229209708615,0.0027820058640389417,0.0017458318280919782,2.387402878341742e-09,0.00841257574416471,0.26782378116885325,-0.00027531937718077587
1754.5,0.0056651406608258,0.0020312866450537,0.0002958566728016,-0.0012072955909387,-0.0029532734482347,0.0007220893267399,0.0,-5.869035568828151e-05,2.7656403093911705e-05,0.0001867086583378,-0.0214266081242978,-0.1167286836319999,-0.0041605690391734,0.0023271465010591377,3.183203837780457e-09,0.0047094821551948675,-0.13344580960110283,0.00015567470574343018
1755.5,0.0070805827643972,0.0025383427683148,0.0003698006173495,-0.0002919745432786,-0.0008254534346703,0.0010518294572027,0.0,-8.559010204541055e-05,2.6115011478980116e-05,0.0002333154573864,-0.0459039274602353,-0.0044965500942877,-0.0011174279779489,0.0029081473646690973,3.979004797219172e-09,0.010096971975140066,-0.04030350557938293,0.00017384036681996956
1756.5,0.008495687995375,0.0030450936560881,0.0004437364813537,-0.0006252566031541,0.0017990822202092,0.000265119266749,0.0,-0.0001173807113765,-0.0004208227481743,0.0002798942002724,-0.0534858122258603,0.1562750429499726,0.0011738256170551,0.0034888349122475567,4.774805756657887e-09,0.013165158532148257,0.11595438925626056,-0.0002583092592784
1757.5,0.0099104565295481,0.0035515397959428,0.0005176642692575,-0.0010894720748533,-0.0091865008554249,0.0026871570861959,0.0,-0.0001540621836817,0.0007489561585451,0.0003264449318114,-0.0343438932805478,0.2158749963499172,-0.0102759729302782,0.004069209635807016,5.570606716122199e-09,0.007312189227947616,0.18884329229731703,0.0009213389066748
1758.5,0.0113248885425675,0.0040576816741483,0.0005915839854977,-0.0006288925666358,-0.0046201745041334,0.0023169026563856,0.0,-0.0001956345189609,0.000346014794771,0.0003729676966996,0.0170132356257021,0.2361496875107225,-0.0052490670707692,0.004649272026053675,6.366407675560915e-09,0.013565344126747276,0.2667282672631719,0.0005233479725097
1759.5,0.0127389842099464,0.0045635197756793,0.0006654956345007,-0.001223343821995,-0.0058103023237422,0.0020705860236639,0.0,-0.0002420977172141,0.0002976172593738,0.0004194625395142,0.0675123323053896,0.2429717505361263,-0.0070336461457372,0.005229022572388635,7.162208634999629e-09,0.013479928741935637,0.3239640115834515,0.0004749820816739
1760.5,0.014152743707062,0.0050690545842213,0.0007393992206855,-0.0019564804142838,-0.0081010393615963,0.0023986104217386,0.0,-0.0002934517784414,0.0004545472244519,0.0004659295047137,0.0923952668757021,0.2452638878122271,-0.0100575197758801,0.005808461762916394,7.958009594438344e-09,0.012929321066561092,0.3505884757544902,0.0006270249507242
1761.5,0.0155661672091516,0.0055742865821744,0.0008132947484638,-0.0013359576608665,-0.0086009287385017,0.0031017367891609,0.0,-0.0003496967026426,0.0006024596716385,0.0005123686366387,0.0862486360163271,0.246033860143254,-0.0099368863993682,0.006387590084448755,8.753810553877059e-09,0.015883739289027653,0.34816623544860886,0.0007651316056346
1762.5,0.0169792548913156,0.0060792162506586,0.0008871822222379,-0.0013456998896977,-0.0037425038726529,0.0020515490047569,0.0,-0.0004108324898179,7.112883157533579e-05,0.0005587799795121,0.0641582063288271,-0.8908206150110526,-0.0050882037623506,0.006966408022508013,9.549611513341372e-09,0.021128084477499448,-0.8055343242047259,0.00021907632126953578
1763.5,0.0183920069285194,0.0065838440695186,0.0009610616464021,-0.0015157717744068,-0.0049312535445761,0.0025640590051981,0.0,-0.0004768591399672,0.0001505762838087,0.0006051635774394,0.0308197541803896,-0.539512136147498,-0.0064470253189829,0.007544916061333173,1.0345412472780088e-08,0.022332837397348673,-0.48635954456975977,0.00027888072128090004
1764.5,0.0198044234955905,0.0070881705173281,0.0010349330253429,-0.0003429688168001,0.002139434446943,0.0021104588249769,0.0,-0.0005477766530906,-0.000372941694344,0.0006515194744095,-0.0059352262883603,-0.0359522733117756,0.0017964656301428998,0.008123114683884432,1.11412134322188e-08,0.03156526376156963,-0.010322235838566271,-0.0002691988730251
1765.5,0.0212165047672198,0.0075921960713951,0.0011087963634391,-0.0016203209878197,-0.0074178730822675,0.0033646295576894,0.0,-0.0006235850291879,0.0003983237786735,0.0006978477142948,-0.0357791471867978,0.1507352043538642,-0.0090381940700872,0.00870100437184859,1.1937014391657516e-08,0.024716531090450987,0.1396725882575174,0.0004725864637804
1766.5,0.0226282509179612,0.0080959212077662,0.0011826516650604,-0.0011976005653514,-0.004316484845259,0.0033666446198695,0.0,-0.0007042842682593,0.0002044231940568,0.0007441483408518,-0.0498976774602353,0.2142426810130964,-0.0055140854106104,0.009278585605641952,1.2732815351121831e-08,0.03000368299951155,0.19434868655237264,0.0002442872666493001
1767.5,0.0240396621222338,0.0085993464012314,0.0012564989345687,-0.000909195301279,-0.0039802996396067,0.0035590920955967,0.0,-0.0007898743703047,0.0002353331874112,0.0007904213977216,-0.0367151823430478,-0.3132902266282379,-0.0048894949408856995,0.00985585886441641,1.3528616310560544e-08,0.032800998356189305,-0.3172044106150964,0.00023588021482810002
1768.5,0.0254507385543164,0.0091024721253283,0.001330338176319,-0.0029532605992646,-0.0181064348592668,0.0056363329117613,0.0,-0.0008803553353242,0.001282034373765,0.00083666692843,0.0194469270319521,-0.1364722714707308,-0.0210596954585314,0.01043282462606457,1.4324417269999258e-08,0.021698546600481667,-0.09532679783829702,0.0012383459668708
1769.5,0.0268614803883566,0.0096052988523479,0.0014041693946561,-0.0030820761793287,-0.0133141140193182,0.0045522403524448,0.0,-0.0009757271633176,0.0006103246131211,0.0008828849763884,0.0855934114069521,0.1089447638604682,-0.0163961901986469,0.01100948336722223,1.5120218229437974e-08,0.02654449633556863,0.22108267160298892,0.0005174824261919
1770.5,0.0282718877983611,0.0101078270533375,0.0014779925939188,-0.0037020847169395,-0.0151061670118343,0.0048534749304572,0.0,-0.0010759898542851,0.0006372408221876,0.0009290755848937,0.1172626008600771,0.199839903095319,-0.0188082517287738,0.01158583556327549,1.5916019188876692e-08,0.02639327311611619,0.34349577707151224,0.0004903265527962
1771.5,0.0296819609582043,0.0106100571981069,0.0015518077784375,0.0014060674020226,0.0033114455661131,0.0040089383982975,0.0,-0.0011811434082266,6.915567004972581e-05,0.0009752387971292,0.1097119172663271,0.2307571245590539,0.0047175129681357,0.012161881688364549,1.6711820148341002e-08,0.050433545071954376,0.39090258689733537,-0.00013674894104767426
1772.5,0.0310917000416237,0.0111119897552318,0.001625614952534,0.0019846465586881,0.0048959757122479,0.0037952111315468,0.0,-0.0012911878251421,-0.0001338137314976,0.0010213746561647,0.0867790559382021,0.2411600543912579,0.0068806222709360005,0.012737622215386908,1.7507621107779713e-08,0.05410152875901841,0.3820406390884784,-0.00040362690047499993
1773.5,0.0325011052222211,0.0116136251920592,0.0016994141205225,0.0017316689323015,0.00417023923502,0.0039609537280841,0.0,-0.0014061231050317,-4.818500161657329e-05,0.0010674832049571,0.0508353059382021,0.2446553102021653,0.0059019081673214995,0.013313057616003768,1.830342206721843e-08,0.05529019983193929,0.3507808159723067,-0.00038682490169117314
1774.5,0.0339101766734641,0.0121149639747109,0.0017732052867096,0.0001508732094057,-0.0055801992699746,0.0056007695328294,0.0,-0.0015259492478953,0.000872716675659,0.0011135644863506,0.0100865754694521,0.2458294362990602,-0.0054293260605689,0.013888188360643526,1.9099223026657145e-08,0.04843014042048243,0.30434615218899475,0.0004603319141143001
1775.5,0.0353189145686813,0.0126160065680892,0.0018469884553937,0.0013447377411743,-0.0014627926003683,0.005742003590163,0.0,-0.0016506662537329,0.0007870149482419,0.0011596185430775,-0.0256387663274228,0.2462238377540386,-0.00011805485919400005,0.014463014918506885,1.9895023986121463e-08,0.05570184545574369,0.2762869168823595,0.0002959672375864999
1776.5,0.0367273190810709,0.0131167534358804,0.0019207636308655,0.0013829018606507,0.0026979443851035,0.004642059972528,0.0,-0.0017802741225445,0.0002425626390807,0.001205645417758,-0.0467931608586728,0.2463563194896021,0.0040808462457542,0.015037537757570845,2.0690824945560174e-08,0.060155696991218144,0.25971885562214747,-0.00033206606570579996
1777.5,0.0381353903836913,0.0136172050405595,0.0019945308174078,0.0014981804243699,-0.0032380656467451,0.0064231665671167,0.0,-0.0019147728543301,0.0011036466258491,0.0012516451529014,-0.0429866178899228,0.2464008215308729,-0.0017398852223752,0.015611757344593205,2.1486625904998888e-08,0.05887094799744641,0.26228515163839655,0.0004405189244204
1778.5,0.0395431286494694,0.0141173618433949,0.0020682900192959,0.0011927244856136,-0.0072307061294682,0.0074866460237134,0.0,-0.0020541624490898,0.0015158576443382,0.0012976177909056,0.0016466584772646,0.2464157666892758,-0.0060379816438546,0.016185674145117665,2.22824268644376e-08,0.05793678016059985,0.3059992053271403,0.0007593129861539999
1779.5,0.0409505340511964,0.0146172243044526,0.0021420412407972,0.0013925079330984,-0.002334270788699,0.0062491955909131,0.0,-0.0021984429068235,0.0009496746243583,0.0013435633740585,0.0730505403132021,0.2464207870700394,-0.0009417628556006,0.016759288623477624,2.307822782387632e-08,0.06311205050157982,0.3825833778848214,9.479509159329995e-05
1780.5,0.0423576067615286,0.0151167928826005,0.002215784486171,0.0004288864778616,-0.0081555619932457,0.0068676903653111,0.0,-0.0023476142275312,0.001349844967989,0.0013894819445374,0.1158273469538271,0.2464224700988227,-0.0077266755153841,0.017332601242800283,2.387402878334063e-08,0.059222935539251086,0.4214727525919009,0.0003917126849951999
1781.5,0.0437643469529892,0.0156160680355131,0.0022895197596695,0.0012412417666358,-0.0057563578924522,0.0072703429742508,0.0,-0.0025016764112129,0.0013547446131871,0.0014353735444102,0.1156713410944521,0.2464230325818022,-0.0045151161258164,0.017905612465012342,2.4669829742779345e-08,0.06471362801282034,0.42680800168907457,0.0002884417463844
1782.5,0.0451707547979632,0.0161150502196753,0.0023632470655363,0.0009626277173776,-0.0035102227485833,0.006406915954981,0.0,-0.0026606294578687,0.0009279454879361,0.0014812382156353,0.0913812287897646,0.2464232295495401,-0.0025475950312057,0.018478322750842303,2.5465630702218063e-08,0.0672569527182835,0.40506141105758825,-0.00025144575429730007
1783.5,0.0465768304687065,0.0166137398903876,0.0024369664080092,0.001029974418555,-0.0020727121520655,0.0064585468841773,0.0,-0.0028244733674985,0.0007839901500945,0.0015270760000624,0.0545170442194521,-2.0611524537530936,-0.0010427377335105,0.019050732559828462,2.6261431661656777e-08,0.07052996496186016,-1.9361054445717814,-0.0005134072173416002
1784.5,0.0479825741373358,0.0171121375017689,0.0025106777913157,0.0025059495915975,0.0027724924701382,0.0066925157059905,0.0,-0.0029932081401023,0.0006365043098644,0.0015728869394325,0.0109914094538271,-1.349945153624783,0.0052784420617357,0.01962284235031722,2.705723262109549e-08,0.07879255736457381,-1.260161186806382,-0.0007838168908054
1785.5,0.0493879859758376,0.0176102435067627,0.0025843812196775,0.0008322215499869,-0.0043679818652927,0.0072338467582898,0.0,-0.0031668337756801,0.0010102109105826,0.0016186710753785,-0.0257011686711728,-0.3271061433171254,-0.0035357603153058003,0.02019465257947378,2.7853033580559802e-08,0.07274277320857636,-0.28006453877972176,-0.0005379517897190001
1786.5,0.0507930661560634,0.0181080583571398,0.0026580766973089,0.0017403485493411,0.0001275124641575,0.0072853995145947,0.0,-0.003345350274232,0.0009027052202188,0.0016644284494256,-0.0449990934758603,0.0520726790654311,0.0018678610134986,0.02076616370328324,2.864883453999852e-08,0.07993427378285234,0.08700785937242315,-0.0007782166045876
1787.5,0.0521978148497322,0.0186055825035035,0.0027317642284153,0.0012982489708753,-0.0048059493783522,0.0081644115092368,0.0,-0.0035287576357579,0.0012959591215868,0.0017101591029917,-0.0313017790227353,0.1810616709170245,-0.0035077004074768998,0.021337376176554297,2.9444635499437234e-08,0.077669262716867,0.2274291546111562,-0.0005226394111794001
1788.5,0.0536022322284258,0.0191028163952929,0.0028054438171959,0.0001765368029104,-0.0157033972406459,0.0101752744262804,0.0,-0.0037170558602578,0.0023337558604992,0.0017558630773875,0.0373095979303896,0.2244641131267272,-0.0155268604377355,0.02190829045292526,3.0240436458875955e-08,0.07053149974752486,0.3323052108046416,0.00037256307762890007
1789.5,0.0550063184635963,0.0195997604807885,0.0028791154678412,0.000509896149921,-0.0097060101592424,0.0090486232657215,0.0,-0.0039102449477317,0.0016330236053797,0.0018015404138175,0.1174498078913271,0.2390468296177833,-0.0091961140093214,0.02247890698486712,3.1036237418340256e-08,0.07686205377632901,0.4333586912854394,-0.00047568092853449953
1790.5,0.0564100737265625,0.0200964152071147,0.0029527791845349,0.0004750470181276,-0.0107244113702412,0.0095071279770184,0.0,-0.0041083248981797,0.0017630113495282,0.0018471911533797,0.1446260285944521,0.243945478818565,-0.0102493643521136,0.023049226223687977,3.183203837777897e-08,0.07821894117988348,0.46679044859290064,-0.0004981223952718
1791.5,0.0578134981885064,0.0205927810202455,0.0030264349714536,0.0013135179279121,-0.0031705971602439,0.0085919436342368,0.0,-0.0043112957116016,0.0011137347199875,0.0018928153370665,0.1305230989069521,0.2455909913886294,-0.0018570792323318,0.023619248619538437,3.262783933721769e-08,0.08686286555540224,0.4629769558509837,-0.0013047456545476
1792.5,0.0592165920204808,0.0210888583650075,0.003100082832765,0.0017921944540645,0.0003083455630661,0.0086590307876859,0.0,-0.0045191573879976,0.000962820150236,0.0019384130057647,0.1123484162897646,0.2461437296606899,0.0021005400171306,0.024188974621412795,3.34236402966564e-08,0.0925472132147132,0.4510393591651678,-0.0016179242319969004
1793.5,0.0606193553934043,0.0215846476850846,0.0031737227726313,0.001440174178372,-0.0002883972260987,0.0084693003724389,0.0,-0.0047319099273676,0.0008383626957723,0.0019839842002563,0.0815684602350771,0.2463294057253897,0.0011517769522733,0.024758404677157154,3.4219441256095126e-08,0.09308927436393465,0.4209871403244015,-0.0019095630313389995
1794.5,0.062021788478064,0.0220801494230223,0.0032473547952059,-0.0002021478697188,-0.0123075376674547,0.0101695038221645,0.0,-0.0049495533297117,0.0017398517725279,0.0020295289612183,0.0457027131647646,0.2463917793467588,-0.0125096855371735,0.025327539233470416,3.5015242215559433e-08,0.08382897340055992,0.3759234659120832,-0.0011801725959655006
1795.5,0.0634238914451109,0.0225753640202311,0.0033209789046349,0.0008406026950605,-0.0082820069297142,0.0102358845480693,0.0,-0.0051720875950298,0.0015772352008324,0.0020750473292238,0.0078088899225771,0.0251823127664006,-0.0074414042346537,0.025896378735909175,3.5811043174998144e-08,0.09059494542946206,0.12358614811843976,-0.0015198050649736002
1796.5,0.064825664465067,0.0230702919169912,0.0033945951050577,0.0007196845518935,-0.0032493004717326,0.0088634546194285,0.0,-0.0053995127233218,0.0008524520439509,0.0021205393447417,-0.0260599821477353,0.0935605989640071,-0.0025296159198391,0.026464923628893036,3.660684413443686e-08,0.09519790545892025,0.16269852227519208,-0.0024265213346292003
1797.5,0.0662271077083222,0.023564933552456,0.0034682034006059,0.0007833758444105,-0.0096498515817853,0.0108737841959227,0.0,-0.005631828714588,0.0017455843894463,0.0021660050481374,-0.0510989225774228,0.1915042211527974,-0.0088664757373748,0.02703317435570699,3.740264509387557e-08,0.0935473512455728,0.2339526498209474,-0.0017202392770043003
1798.5,0.0676282213451305,0.0240592893646568,0.0035418037954041,0.0003257249805884,-0.0131495166983299,0.011819806023778,0.0,-0.0058690355688281,0.0020506374098828,0.0022114444796733,-0.0633297819524228,0.2278130192175067,-0.012823791717741501,0.02760113135850695,3.819844605333989e-08,0.09261841333040194,0.25710165059548584,-0.0016069536792719997
1799.5,0.0690290055456176,0.0245533597905062,0.0036153962935699,0.0001508322605191,-0.0107789108301678,0.0109148169274092,0.0,-0.0061111332860423,0.0016522818829294,0.0022568576795087,-0.0608024870305478,0.2401645355209216,-0.0106280785696487,0.028168795078323112,3.899424701277861e-08,0.09528254525809701,0.2746445937484708,-0.0022019937236041997
1800.5,0.0704294604797759,0.0250471452658026,0.0036889808992123,-0.0006671195547662,-0.0137629508297776,0.011185443912995,0.0,-0.0063581218662304,0.0017812102353627,0.0023022446877007,-0.0425966032414853,0.2443205995165774,-0.014430070384543801,0.02873616595506287,3.979004797221732e-08,0.09364633302012297,0.29537032929521506,-0.0022746669431670005
1801.5,0.0718295863174673,0.0255406462252338,0.0037625576164339,0.0002153798178799,-0.011870594374738,0.0116545613065407,0.0,-0.0066100013093927,0.0018359578509011,0.0023476055442042,-0.0127214811711728,0.2457169847009876,-0.011655214556858098,0.029303244427516632,4.0585848931656033e-08,0.09870573958037915,0.33170124311019394,-0.0024264379142873993
1802.5,0.0732293832284187,0.0260338631023808,0.0038361264493308,-0.0003562273641434,-0.0116617042272225,0.0110415840305484,0.0,-0.0068667716155289,0.0016009956927141,0.0023929402888725,0.0154219758600771,0.2461860630121428,-0.0120179315913659,0.02987003093336149,4.138164989109474e-08,0.09925023096702039,0.3608582698392403,-0.002872835633942301
1803.5,0.0746288513822288,0.0265267963297225,0.0039096874019909,0.0001203913549327,-0.0079157342005802,0.0106898360626917,0.0,-0.0071284327846391,0.0012672229145859,0.0024382489614576,0.0325826203913271,0.246343628088561,-0.007795342845647501,0.030436525909164253,4.2177450850559065e-08,0.10453690959984165,0.38346315807972975,-0.0034229609085956
1804.5,0.0760279909483651,0.027019446338639,0.0039832404784953,0.0012800195675084,-0.0060158449210892,0.0115433715337216,0.0,-0.0073949848167234,0.0015328402160838,0.0024835316016103,0.0348603059382021,0.246396559538824,-0.0047358253535808,0.03100272979038611,4.2973251809997776e-08,0.1104596539198627,0.3917165193968888,-0.0033786129990293003
1805.5,0.0774268020961602,0.0275118135594156,0.0040567856829179,-0.0003206183145074,-0.0129009114503026,0.0118891380788451,0.0,-0.0076664277117817,0.0017986185291661,0.0025287882488809,0.0263111848444521,0.2464143387494071,-0.01322152976481,0.031568643011386274,4.3769052769436494e-08,0.10432403248784687,0.3770495560817061,-0.0033390209337347005
1806.5,0.0788252849948194,0.0280038984212466,0.0041303230193248,0.0003780390048342,-0.0117569409663839,0.0122959966985488,0.0,-0.007942761469814,0.0019187716479372,0.0025740189427195,0.0118338410944521,0.24642030483893,-0.011378901961549701,0.032134266005425134,4.456485372887521e-08,0.10842667485808632,0.36668082079146846,-0.0034499708791572996
1807.5,0.0802234398134169,0.0284957013522395,0.0042038524917765,4.830731210668025e-05,-0.014552477012647,0.0128607950145809,0.0,-0.0082239860908204,0.0021746677068681,0.0026192237224762,-0.0082129118352353,0.2464223101459828,-0.01450416970054032,0.03269959920467069,4.5360654688339525e-08,0.10784956967065207,0.3460589679813996,-0.0034300946614761003
1808.5,0.0816212667208924,0.0289872227794188,0.0042773741043255,-0.0009178810913353,-0.0247315594712746,0.0149553813594497,0.0,-0.0085101015748008,0.0032481958693731,0.0026644026274015,-0.0298665251164853,0.246422982043385,-0.0256494405626099,0.03326464304019995,4.615645564777824e-08,0.10159434747990595,0.3181508044068056,-0.0025975030780262
1809.5,0.0830187658860586,0.0294784631287294,0.0043508878610164,-0.000746482840034,-0.0195678035811955,0.0138534097697673,0.0,-0.0088011079217552,0.0025952420231791,0.0027095556966469,-0.0493828581242978,-3.2831932420997982,-0.0203142864212295,0.03382939794200241,4.6952256607216954e-08,0.1068909769746696,-3.2256851232494266,-0.0034963102019292002
1810.5,0.0844159374775966,0.0299694228250409,0.004424393765888,-0.0006719729708876,-0.0207395489584165,0.0143016628777056,0.0,-0.0090970051316836,0.0027855778632433,0.0027546829692647,-0.0627993620305478,-2.2122185783576067,-0.0214115219293041,0.03439386433898646,4.774805756665567e-08,0.10814319846580896,-2.1668747419223453,-0.0035567442991755994
1811.5,0.085812781664058,0.0304601022921512,0.0044978918229724,6.136380794171635e-05,-0.0159443396617546,0.0138569351957344,0.0,-0.009397793204586,0.0023915367248176,0.002799784484209,-0.0674951383977353,-0.6369268282810688,-0.015882975853812886,0.03495804265898212,4.854385852609438e-08,0.11453831166940225,-0.5898836550094018,-0.0042064719955594
1812.5,0.0872092986138608,0.0309505019527901,0.0045713820362932,0.0004991767985547,-0.0120685648984681,0.0134678012105131,0.0,-0.0097034721404625,0.002039581824911,0.0028448602803357,-0.0622221403508603,-0.0529159596313354,-0.0115693880999134,0.03552193332874278,4.9339659485558696e-08,0.11981061501798748,0.004672515035791799,-0.004819030035215801
1813.5,0.0886054884952962,0.0314406222286237,0.004644864409868,-4.754521977318234e-05,-0.01414342108631,0.0135601781068966,0.0,-0.010014041939313,0.002106647282757,0.0028899103964027,-0.0465435514836728,0.1457532477368804,-0.014190966306083182,0.03608553677395214,5.0135460444997414e-08,0.11904275280990848,0.21825244906311608,-0.005017484260153301
1814.5,0.0900013514765256,0.0319304635402573,0.0047183389477076,-0.0015170209592873,-0.024198576536988,0.0152258250659584,0.0,-0.0103295026011375,0.0029974674847378,0.0029349348710707,-0.0256387663274228,0.2126017680826137,-0.0257155974962753,0.03664885341922631,5.0931261404436125e-08,0.11176333222010602,0.29872633397529696,-0.0043971002453289994
1815.5,0.0913968877255767,0.0324200263072397,0.004791805653815,-0.0005729778908811,-0.0214722263908709,0.0154460525011595,0.0,-0.010649854125936,0.0029408831688034,0.002979933742903,-0.0066684538274228,-6.45575886456441,-0.022045204281752,0.03721188368811706,5.172706236387484e-08,0.11728058241887168,-6.34514673597296,-0.0047290372142295995
1816.5,0.0927920974103513,0.0329093109480667,0.0048652645321872,-0.000941809169074,-0.019743301198106,0.0146674368136162,0.0,-0.0109750965137086,0.0025623242144132,0.0030249070503663,0.0049383821100771,-4.7502341037881655,-0.02068511036718,0.03777462800311722,5.252286332333914e-08,0.11916118661097563,-4.626134535067113,-0.0053878652489291
1817.5,0.0941869806986202,0.0333983178801849,0.0049387155868133,-0.0005972594090848,-0.0225941386545412,0.0159029932716845,0.0,-0.0113052297644552,0.0030871507815457,0.0030698548318309,0.0066856477350771,-1.5605221252169477,-0.023191398063626,0.038337086785662486,5.331866428277787e-08,0.12008743854126261,-1.4337490389406078,-0.005148224151078601
1818.5,0.095581537758026,0.0338870475199954,0.0050121588216769,-0.0012110587754485,-0.0283461242175271,0.0174046419550692,0.0,-0.0116402538781758,0.0036771959440863,0.0031147771255707,-0.0006622282414853,-0.3662101580827904,-0.029557182992975602,0.03889926045613754,5.4114465242216585e-08,0.11747997636773834,-0.24939240995653741,-0.004848280808518799
1819.5,0.0969757687560782,0.0343755002828575,0.0050855942407534,-0.0011145730200106,-0.0248497667395157,0.0163174577349082,0.0,-0.0119801688548704,0.0032206774356878,0.0031596739697643,-0.0140631315617978,0.040375667524954,-0.025964339759526302,0.0394611494338771,5.4910266201655296e-08,0.12119021871591888,0.1475027546790751,-0.0055998174494182994
1820.5,0.0983696738601609,0.0348636765830919,0.0051590218480122,-0.0021760930226217,-0.0292578171242638,0.0167647706068381,0.0,-0.0123249746945391,0.0034783127568705,0.0032045454024944,-0.0313797819524228,0.1771979804731465,-0.0314339101468855,0.04002275413717126,5.5706067161094014e-08,0.11808117192211057,0.26389937044283424,-0.005642116535174201
1821.5,0.099763253237529,0.0353515768339848,0.0052324416474158,-0.0015655057455963,-0.0291498367077929,0.0174283890544439,0.0,-0.0126746713971817,0.0036629792476511,0.0032493914617489,-0.0479788053899228,0.2231692423033152,-0.0307153424533892,0.04058407498326872,5.650186812055832e-08,0.12129807413407072,0.29648851104746315,-0.005762300687781699
1822.5,0.1011565070553048,0.0358392014477918,0.0053058536429188,-0.002189187019806,-0.0275110259019548,0.016341998671192,0.0,-0.0130292589627984,0.0032159308478333,0.0032942121854208,-0.0593984342961728,-0.015950444421627,-0.0297002129217608,0.04114511238837968,5.729766907999703e-08,0.12242428926357138,0.047075410545771565,-0.0065191159295443
1823.5,0.1025494354804854,0.0363265508357404,0.0053792578384708,-0.0014165741216023,-0.0235231316795449,0.0160768608482686,0.0,-0.0133887373913892,0.0029276083226897,0.0033390076113088,-0.0618009245305478,0.0678712398643792,-0.0249397058011472,0.04170586676768124,5.8093470039435757e-08,0.12827033583789732,0.13434065117172878,-0.0071221214573907
1824.5,0.1039420386799382,0.0368136254080349,0.0054526542380138,-0.0004275353265797,-0.0240353888511229,0.017135285360578,0.0,-0.0137531066829539,0.0033629919387671,0.0033837777771173,-0.0501784880071103,0.1823344580071691,-0.0244629241777026,0.0422663385353197,5.888927099887447e-08,0.1318744014310638,0.26403037143112257,-0.007006336967069499
1825.5,0.1053343168204029,0.0373004255738589,0.0055260428454823,-0.0017841672957502,-0.028802664204498,0.0173048656840222,0.0,-0.0141223668374927,0.0035377140784997,0.003428522720457,-0.0202409635930478,0.2247082746776468,-0.0305868315002482,0.04282652810441316,5.96850719583132e-08,0.12772274907005407,0.332190060154653,-0.007156130038535999
1826.5,0.1067262700684874,0.0377869517413797,0.0055994236648054,-0.0011968327578991,-0.027330768993853,0.0173508491109287,0.0,-0.0144965178550055,0.0035223261242361,0.0034732424788452,0.0131442903132021,0.2391205048567157,-0.0285276017517521,0.04338643588705802,6.048087291777749e-08,0.13143500406279782,0.38369979923271563,-0.007500949251924201
1827.5,0.108117898590676,0.0382732043177511,0.0056727966999051,-0.0017830855341684,-0.0317435062474187,0.0180983438966535,0.0,-0.0148755597354923,0.0038990476968604,0.0035179370897061,0.0375436067194521,0.243969848401677,-0.0335265917815871,0.043946062294330075,6.127667387721623e-08,0.12917713805114667,0.4106905931722758,-0.007458574948925801
1828.5,0.1095092025533202,0.0387591837091173,0.0057461619546961,-0.003070806101562,-0.0425274319319896,0.0201633445868325,0.0,-0.0152594924789531,0.0050122991139016,0.0035626065903711,0.0449538850397646,0.2455991617306899,-0.0455982380335516,0.044505407736288236,6.207247483665494e-08,0.12189513006820893,0.41244817683866336,-0.006684586774680401
1829.5,0.1109001821226467,0.0392448903206166,0.0058195194330875,-0.0029344899646819,-0.0380179129508562,0.0191770909856026,0.0,-0.015648316085388,0.0044067651233249,0.0036072510180788,0.0359211457819521,0.2461464781419916,-0.0409524029155381,0.04506447262197989,6.286827579609364e-08,0.1265550428707068,0.40862266679465054,-0.007634299943984303
1830.5,0.1122908374647536,0.0397303245563843,0.0058928691389807,-0.0037168156184849,-0.0430820976480191,0.0197574997675509,0.0,-0.0160420305547969,0.0047538503964779,0.0036518704099762,0.0161864045710146,0.2463303337547771,-0.046798913266504004,0.04562325735944175,6.366407675555796e-08,0.12323637157689944,0.3857531099026912,-0.007636309748342802
1831.5,0.1136811687456108,0.0402154868195567,0.0059662110762711,-0.0029898493650819,-0.0376860850529418,0.0188491331695186,0.0,-0.0164406358871798,0.0041451604816616,0.0036964648031179,-0.0103657926946103,-3.342833908747093,-0.040675934418023696,0.046181762355705515,6.445987771499667e-08,0.1294371192504109,-3.2237625821912923,-0.0085990106024003
1832.5,0.1150711761310619,0.0407003775122744,0.0060395452488472,-0.0026734165761329,-0.0365460094050501,0.0189118912731279,0.0,-0.0168441320825367,0.0040561038259678,0.0037410342344674,-0.0354827360539853,-2.3130540168830827,-0.039219425981183005,0.04673998801680027,6.525567867443538e-08,0.13245663541770555,-2.216080117519362,-0.0090469940221015
1833.5,0.1164608597868194,0.0411849970356855,0.0061128716605915,-0.0031742347942179,-0.0381814162349179,0.0189195448489837,0.0,-0.0172525191408677,0.0041240224490264,0.0037855787408967,-0.0510521208196103,-0.6731924624017536,-0.0413556510291358,0.04729793474775663,6.605147963387409e-08,0.13197977040347933,-0.5922648128178846,-0.0093429179509446
1834.5,0.1178502198784732,0.0416693457899496,0.006186190315379,-0.0046168824710488,-0.0469737308071096,0.0203600846397924,0.0,-0.0176657970621727,0.0049576138709917,0.0038300983591872,-0.0485092253117978,-0.0652062484074469,-0.0515906132781584,0.0478556029526092,6.68472805933128e-08,0.1255972093607226,0.011881735641477903,-0.008878084831993802
1835.5,0.1192392565714812,0.0421534241742405,0.0062595012170794,-0.0037893619268623,-0.0450709627479674,0.0203562622384856,0.0,-0.0180839658464517,0.0048621668318717,0.0038745931260294,-0.0151551725774228,-1.0268141927776016,-0.0488603246748297,0.048412993034401455,6.764308155277712e-08,0.12980098128098794,-0.9121683840740362,-0.0093472058885506
1836.5,0.1206279700311776,0.0426372325867502,0.0063328043695548,-0.0045061971164491,-0.0470965063433541,0.0199800884662092,0.0,-0.0185070254937047,0.0048524342028942,0.0039190630780237,0.0438618440241396,-0.5963156946123799,-0.051602703459803195,0.048970105395187515,6.843888251221585e-08,0.12823993221998434,-0.424213918368256,-0.009735528212786799
1837.5,0.1220163604227687,0.0431207714246918,0.0064060997766613,-0.0040938092952573,-0.0498639147722687,0.0212575531521034,0.0,-0.0189349760039318,0.0053992497563064,0.0039635082516806,0.0877930940241396,-0.0555369493179454,-0.053957724067526004,0.04952694043603657,6.923468347165456e-08,0.12927091194743787,0.16152705665363204,-0.009572217995944796
1838.5,0.1234044279113336,0.0436040410843031,0.006479387442248,-0.0047905140313202,-0.0555569034339824,0.0225211147177929,0.0,-0.0193678173771329,0.0059668370200428,0.0040079286834208,0.0996183381647646,0.14413354977398,-0.0603474174653026,0.05008349855703553,7.003048443109327e-08,0.12626857204719014,0.37002045998593475,-0.0093930516736693
1839.5,0.1247921726618249,0.0440870419608503,0.0065526673701584,-0.0051374450177964,-0.0544323200439761,0.0216195065307549,0.0,-0.0198055496133079,0.0056137309482791,0.0040523244095758,0.0859366242975771,0.2120240771039959,-0.0595697650617725,0.0506397801572941,7.082628539055759e-08,0.1273422000326484,0.4253029014342214,-0.010139494255453
1840.5,0.1261795948390695,0.0445697744486305,0.0066259395642296,-0.0057390022145179,-0.0549805052378862,0.0211570086217521,0.0,-0.0202481727124571,0.0054906707050059,0.0040966954663881,0.0635029817194521,0.2348664761621754,-0.060719507452404106,0.05119578563494645,7.16220863499963e-08,0.12715207510230084,0.4255215329839283,-0.010660806541063099
1841.5,0.1275666946077658,0.0450522389409757,0.0066992040282911,-0.0053849957067859,-0.0591066137099413,0.0228098364166473,0.0,-0.0206956866745802,0.0062049639068066,0.0041410418900111,0.0307105500788271,0.2425411630715616,-0.0644916094167272,0.05175151538715411,7.2417887309435e-08,0.1272867561170775,0.40053846926746617,-0.010349680877762498
1842.5,0.1289534721324857,0.0455344358302561,0.0067724607661664,-0.0060339365274282,-0.0568273607791883,0.021665006402014,0.0,-0.0211480914996774,0.005603342489299,0.0041853637165103,-0.0041411589055478,0.2451192599111455,-0.06286129730661649,0.05230696981011077,7.321368826887372e-08,0.12870476574412587,0.3696828667497236,-0.011359385293868101
1843.5,0.1303399275776771,0.046016365507883,0.006845709781674,-0.0057134757933818,-0.0530842578117983,0.0207975894232586,0.0,-0.0216053871877486,0.0050559335379834,0.0042296609818628,-0.0344686979680478,0.2459852750556211,-0.0587977336051801,0.052862149299046236,7.400948922831245e-08,0.13288214002689944,0.3443987171144727,-0.012319792667902403
1844.5,0.1317260611076608,0.046498028364312,0.0069189510786239,-0.0050989109290565,-0.0557387466694472,0.0219161502755149,0.0,-0.0220675737387938,0.0055534380600199,0.0042739337219579,-0.0530021940617978,-0.0563503500567075,-0.060837657598503694,0.053417054248226084,7.480529018777677e-08,0.13398140607608208,0.024628861957576787,-0.012240201956816
1845.5,0.1331118728866316,0.0469794247890473,0.0069921846608217,-0.00702491523187,-0.0636268533347998,0.0223779817436776,0.0,-0.022534651152813,0.0059728793472145,0.0043181819725974,-0.0542502409367978,0.0372741264701623,-0.0706517685666698,0.053971685050960144,7.560109114721548e-08,0.12656618128159844,0.10959006681496293,-0.012243589833001101
1846.5,0.1344973630786583,0.0474605551706432,0.0070654105320651,-0.005856617436606,-0.0609684769835826,0.0223978171138876,0.0,-0.0230066194298063,0.0059891137272454,0.0043624057694958,-0.0418789762883603,0.1712831883734682,-0.0668250944201886,0.05452604209960041,7.639689210665419e-08,0.13194102793889262,0.26134524002400056,-0.0126550999330651
1847.5,0.1358825318476867,0.0479414198967092,0.0071386286961469,-0.0068279288261794,-0.0690553190516341,0.0236200479721216,0.0,-0.0234834785697736,0.0067595225966745,0.0044066051482809,-0.0295389128117978,0.2209608170908942,-0.0758832478778135,0.05508012578554916,7.71926930660929e-08,0.12638210690272578,0.31780401118182217,-0.012317350824818201
1848.5,0.1372673793575295,0.048422019353912,0.0072118391568518,-0.0082033444633423,-0.0777695344343162,0.0252552981090505,0.0,-0.0239652285727149,0.0076017763237615,0.0044507801444937,-0.0171676481633603,0.237860085873862,-0.08597287889765849,0.055633936499257824,7.798849402555722e-08,0.12027106296371963,0.34096350067422126,-0.0119126721044597
1849.5,0.1386519057718813,0.0489023539279787,0.0072850419179606,-0.0081302756842507,-0.0758956716873514,0.0247058569356282,0.0,-0.0244518694386302,0.0072581373076959,0.0044949307935888,-0.0047963835149228,0.2435463847729198,-0.0840259473716021,0.05618747463023429,7.878429498499593e-08,0.12282048862879619,0.3615704898867932,-0.012698801337345501
1850.5,0.1400361112543089,0.0493824240037012,0.0073582369832456,-0.0042456226175901,-0.0640432789780742,0.0251161312586594,0.0,-0.0250399223483119,0.0075529560723952,0.0045390571309349,0.0075280793757021,0.2454860679515545,-0.0682889015956643,0.056740740567042744,7.958009594443463e-08,0.14065617233936495,0.3936703196666216,-0.012947909144981798
1851.5,0.1423790604868686,0.04948550439733,0.0076560697703456,-0.0031196597466327,-0.0571533453783177,0.0240725550594129,0.0,-0.0256479218274894,0.0069109365265263,0.0045485319148322,0.0020678742975771,0.2458425228598807,-0.060273005124950395,0.05714165645044891,8.228277331323192e-08,0.1491318134856491,0.39704221064310696,-0.014188453386130898
1852.5,0.1450286890495806,0.0499465329041208,0.0079534800061242,-0.0026445728978333,-0.0546565764127226,0.0236752899129687,0.0,-0.0262664475306454,0.0066448369574868,0.0045909080187504,0.0012566438288271,0.2384931706178337,-0.057301149310555896,0.057900098244361195,8.533411619096846e-08,0.1542722253419464,0.3940220397886073,-0.015030702554408202
1853.5,0.1474081655851312,0.0507079701566862,0.0083313398403393,-0.0031234992455468,-0.058092934164272,0.0243184473098553,0.0,-0.0268981704123929,0.0069590346267969,0.0046608966282759,-0.0088681364446103,0.2460232293212327,-0.0612164334098188,0.059039398395535125,8.839850963654287e-08,0.15427133872338278,0.39142643160000506,-0.0152782391573201
1854.5,0.1494417023210235,0.0515219541560287,0.0087201626814921,-0.0050599000748526,-0.0716382363485278,0.0262995050603228,0.0,-0.0275378219264506,0.0081716996730134,0.0047357151482498,-0.0227214567571103,0.2466493615077828,-0.0766981364233804,0.06024220830869934,9.147117854510986e-08,0.14465487216147782,0.3685827769121503,-0.014630407105187402
1855.5,0.1510904105276249,0.0525009977038655,0.0091382394357112,-0.0039470317801726,-0.0677935503836821,0.0263375552606254,0.0,-0.0281797205203302,0.0079334866670259,0.0048257053560406,-0.0312549772649228,-0.173711445848554,-0.07174058216385469,0.0616393316966889,9.45571121971603e-08,0.1519061868238208,-0.053060236289655976,-0.015420528497263702
1856.5,0.1529880341741182,0.0533961644217038,0.0095596864065636,-0.0047549315396322,-0.0686016982388219,0.0257483297081078,0.0,-0.028825167707012,0.0076748058531539,0.0049079859033396,-0.0336418669133603,-0.0383046033208858,-0.0733566297784541,0.06295594848622062,9.765795323018466e-08,0.15209330663947399,0.08014683640522792,-0.0162423759505185
1857.5,0.155786198557743,0.0544072819940081,0.0099407081526546,-0.0048038176242106,-0.0752570833392432,0.0282673027468764,0.0,-0.0294793478012487,0.0086485251926211,0.0050009242416123,-0.0276668424992978,0.1466736480102153,-0.08006090096345381,0.06434809092200962,1.0077534692160276e-07,0.15251079289615993,0.27151759840707745,-0.0158298983670153
1858.5,0.1587743163398476,0.0555674478933803,0.0102627625687875,-0.0052309494012916,-0.0789623308901785,0.0296102619224959,0.0,-0.0301379025007009,0.0090398001362679,0.0051075625730603,-0.0108026091008603,0.2137042741026257,-0.0841932802914701,0.06583031437310098,1.0391093318677317e-07,0.15403107255260168,0.3569327375543671,-0.015990539791372698
1859.5,0.1619724120018749,0.0568095465205354,0.0107972767558478,-0.0059810238608127,-0.0806051559311777,0.0292899854099336,0.0,-0.0308074072989228,0.0089043425256611,0.005221731870025,0.0034563264460146,0.2360166856252518,-0.0865861797919904,0.06760693034274116,1.070663579474686e-07,0.15560181505932255,0.395074827130589,-0.0166813329032367
1860.5,0.1655128183160131,0.0579740391600852,0.0114122077378708,-0.0070824010776412,-0.0843894087884122,0.0295011153179629,0.0,-0.0314425836733592,0.0089488023710516,0.0053287679000723,0.0140335237116396,0.2433782007027112,-0.0914718098660534,0.06938635714121791,1.102432619119341e-07,0.15576346750690523,0.41317519192125607,-0.0171650134022353
1861.5,0.1690510698757602,0.0592403394188214,0.0121109323982226,-0.0065576067947188,-0.0861180976666642,0.0308917176842778,0.0,-0.0320548300518858,0.009296856285932,0.0054451617251079,0.0119118440241396,0.1183075706915506,-0.092675704461383,0.07135138526033498,1.1344329098085221e-07,0.16130565631814409,0.29152507103383424,-0.0173128120408459
1862.5,0.1720708501445974,0.0608330029202561,0.0127798019793306,-0.0071308765746664,-0.0855674221445929,0.0307706318745884,0.0,-0.0326615660581282,0.0090051221938837,0.0055915537009823,-0.0003502165227353,0.0942383564306916,-0.0926982987192593,0.07361293142667387,1.265270871681483e-07,0.16569122456333812,0.2595793644712944,-0.018064890163262202
1863.5,0.175165541383484,0.0627286560697212,0.013371231948191,-0.0070209116546129,-0.0839144722612093,0.0307482079436528,0.0,-0.0332653458094175,0.0086085221504029,0.0057657954098383,-0.0075420866399228,-0.6921190280374073,-0.09093538391582219,0.07610001779620469,1.2977829247904535e-07,0.17218735495834298,-0.5274737597189869,-0.018891028249176302
1864.5,0.1782586356909912,0.0648012784342751,0.0139403122317578,-0.0068602084121174,-0.0885603376574211,0.0326242514761005,0.0,-0.0338632375051153,0.0092116796042906,0.0059563035007911,-0.0145935514836728,-0.3628009833834082,-0.09542054606953851,0.07874172372358183,1.3305754892752077e-07,0.17550881042110142,-0.20188572444597966,-0.0186952544000336
1865.5,0.1813699058226255,0.0667802181952157,0.0145492157217965,-0.0088217360213436,-0.0989850987440028,0.0346155571156157,0.0,-0.0344506165625651,0.010027075249684,0.0061382006193471,-0.0202721647649228,0.038346463639684,-0.1078068347653464,0.08132957028352245,1.3636651024569513e-07,0.17122285776288323,0.18929715663764446,-0.018285340693534
1866.5,0.1843834503553476,0.0688611600851226,0.0151870202493811,-0.0082755328427041,-0.0974577470554259,0.0352326237325318,0.0,-0.0350420332991145,0.0098977331844843,0.0063294734115401,-0.0231582731633603,0.1784446681639029,-0.10573327989813,0.08404832004130125,1.3970679756383712e-07,0.17911628752796058,0.3344026825285031,-0.018814826703090096
1867.5,0.1875287534453469,0.071035756579895,0.0158134256957734,-0.0096776364279468,-0.1069093868513438,0.0373373739936196,0.0,-0.0356362188075364,0.0106944722304436,0.0065293546025841,-0.0275420378117978,0.2247318747175488,-0.1165870232792906,0.08684933521475001,1.5293908161145047e-07,0.17671604739991723,0.3739058843056682,-0.018412391974508703
1868.5,0.1902157163576793,0.072979088109271,0.0164871982173722,-0.0109473757136548,-0.1163769731473815,0.0398452926786002,0.0,-0.036223959245417,0.0116751637004962,0.0067079787388866,-0.0177604704289853,0.2398717840948349,-0.1273243488610363,0.08946644267362408,1.563469808795975e-07,0.17436228604283313,0.39647359970868284,-0.0178408168060342
1869.5,0.1923292832669034,0.0746962564845504,0.0171315742787579,-0.0110596794833547,-0.1143707995240188,0.0393683313166414,0.0,-0.036808254342047,0.0111292534594437,0.0068658147608333,8.659988351464562e-05,0.2448160718793139,-0.1254304790073735,0.09182799055446135,1.5979115304529292e-07,0.17928194000886266,0.42418461177169126,-0.01881318612177
1870.5,0.1946327937874764,0.0760680983654032,0.0177360030131436,-0.0120513192330175,-0.1214163877395349,0.0410161516303199,0.0,-0.0374430475988838,0.0118213761680899,0.0069919095971527,0.0014750520319521,0.2464303694122065,-0.13346770697255242,0.09380426465178951,1.6327324272341385e-07,0.17735574126339224,0.4252611627075508,-0.0186297618336412
1871.5,0.1971061870062083,0.0769945729335979,0.0184280050669372,-0.0118045669260121,-0.120377242330275,0.040727743273366,0.0,-0.0381003333911089,0.0115312991107987,0.0070770678509289,0.0122394563288271,0.2469560199396589,-0.13218180925628709,0.09542275465441659,1.7665388147620873e-07,0.18158290924832252,0.4407783855168084,-0.019491966429381304
1872.5,0.2001692373516892,0.0777315399603506,0.0190907141659061,-0.0124451752605214,-0.1215445257302298,0.0400903328735831,0.0,-0.0387686317764638,0.0112319884131008,0.007144807244155,0.0065608430475771,0.2409156571350968,-0.1339897009907512,0.09682243434298368,1.802167269817115e-07,0.18270046745829682,0.4301769676409707,-0.020391836119208
1873.5,0.20372467626714,0.0782873972182254,0.0197425293964036,-0.0145870221190176,-0.1348741445761244,0.0420973494358383,0.0,-0.0394519125053959,0.0123335334322453,0.0071958996702771,-0.0030959196477353,0.1332370948225108,-0.149461166695142,0.09803011043703978,1.838224107823324e-07,0.17446849004200257,0.3046096652167781,-0.0199224794028735
1874.5,0.2073737200063182,0.0792671350061981,0.0203715228369003,-0.0152357109668443,-0.1383146752267203,0.043621800376773,0.0,-0.0401481159811637,0.0127363165238222,0.007285953690157,-0.0114734342961728,0.2406238955026242,-0.15355038619356462,0.09963885517467592,1.9733157751313514e-07,0.176958143597018,0.40610860480346933,-0.0201258457671845
1875.5,0.2115706440108322,0.0802440525827524,0.0210111860625005,-0.0149626191966372,-0.135662620044121,0.0431324394674112,0.0,-0.0408494276915933,0.0122474121040259,0.0073757484862136,-0.0270740202336728,0.2471623298012153,-0.15062523924075819,0.10125543967312467,2.0102787176812013e-07,0.18410701680925615,0.40419532637679856,-0.0212262671013538
1876.5,0.2157461299665956,0.0810671159498056,0.0215815562425232,-0.0165171124115231,-0.1405787528690373,0.0435936226261776,0.0,-0.0415574724900505,0.01239401249457,0.0074514015494402,-0.0342190885930478,0.2191542759402381,-0.15709586528056038,0.10264888682326696,2.1463093817408944e-07,0.18318071568943955,0.3681159030366298,-0.0217120584460403
1877.5,0.2199760588568599,0.0819661949580037,0.0220751770609734,-0.01668469118883,-0.1454045269135151,0.0452664053261611,0.0,-0.0422785242668725,0.0129887674007814,0.0075340417005824,-0.0387900602727353,0.2284429655944334,-0.1620892181023451,0.10404159044339845,2.1842442134473644e-07,0.1854391213585656,0.37509202668026376,-0.021755715165508702
1878.5,0.2243730270143581,0.0830057963301221,0.0226011463419341,-0.0170543831892722,-0.1488310766267397,0.0466797321307045,0.0,-0.043012686273611,0.0133580664622012,0.0076295981686304,-0.0444530729680478,0.2406464204947807,-0.16588545981601188,0.10560717480000904,2.3212795284255864e-07,0.18874945248628036,0.38494280001301323,-0.022025021642779405
1879.5,0.2285205480772995,0.0842701761986009,0.0231011847683003,-0.0191953588798348,-0.1579542487200166,0.0471479626844647,0.0,-0.0437536601656138,0.0138153443125876,0.00774581547821,-0.0432674284367978,0.2422421542936375,-0.1771496075998514,0.10737159699209155,2.3602519034553407e-07,0.1836979997791881,0.3826727256360279,-0.0221925003748162
1880.5,0.2330625781379287,0.085690795082749,0.0236042849868043,-0.0215955790127501,-0.1652619172428397,0.0471334997882207,0.0,-0.0445042065633153,0.0137842118375915,0.0078763937235378,-0.0293517057805478,0.1941948871195941,-0.1868574962555898,0.10929532990533175,2.4983577844828176e-07,0.17979031057370531,0.34463349191275167,-0.022843601002186
1881.5,0.2379417321932318,0.0870360307088865,0.0240237140671175,-0.0217309782174406,-0.1707212761642157,0.0489052854642666,0.0,-0.0452471503862382,0.0144375614194916,0.0080000430073629,-0.0099913786321103,0.1929414276366284,-0.1924522543816563,0.11105999861935271,2.538433487239772e-07,0.18264521593581112,0.3655952649403293,-0.0228095459593837
1882.5,0.2431006033737328,0.0883663015758476,0.0244538275628333,-0.0230044121662498,-0.1730122319086263,0.0484192436403609,0.0,-0.0460047667980832,0.0142511643637064,0.0081223167836422,-0.0141255339055478,0.2438669648152969,-0.1960166440748761,0.11282039690622671,2.677675457874626e-07,0.1846923141947097,0.4144337451044588,-0.023631285650734597
1883.5,0.2475371634588874,0.0897455516838251,0.0248582753528511,-0.023594095906188,-0.1726314238968198,0.0480762170280835,0.0,-0.0467779877799614,0.0139304283708296,0.0082490925579032,-0.0170896452336728,-0.2772184651544283,-0.1962255198030078,0.11460410878767743,2.8175100121006483e-07,0.18939350262041196,-0.10491460776768918,-0.0245984668512286
1884.5,0.2520648639861115,0.091234809504765,0.0252588292207636,-0.0239863707530553,-0.1802027224206584,0.0503779366537973,0.0,-0.0475529966439713,0.0148516983013789,0.0083859798506662,0.0061084260553896,-1.847969087741215,-0.2041890931737137,0.11649393452091428,2.95795385692887e-07,0.19043232349518321,-1.651428338190642,-0.024315318491926204
1885.5,0.2572679944472413,0.0929150930207603,0.0256443160275188,-0.024973523123723,-0.1836110237417076,0.0511884012198314,0.0,-0.0483267067121469,0.0149952659840846,0.0085404255472707,-0.0083689176946103,-0.7596845923387612,-0.2085845468654306,0.11855970909170128,3.00043422176008e-07,0.19364054271255177,-0.5744129673208196,-0.024791015180791603
1886.5,0.2628057387540518,0.0945557453355026,0.0259933301865212,-0.0244281882205807,-0.1834997227285751,0.0521878935225167,0.0,-0.0491111114673591,0.0151833445582742,0.0086912284845274,-0.0247963346867978,-0.1576062546627266,-0.2079279109491558,0.12054938973657023,3.1421454643450337e-07,0.20237857263942538,0.019975983289901002,-0.025236538424557503
1887.5,0.2685450116694608,0.0963556905011225,0.0264145367310801,-0.025984390001875,-0.1925172524042733,0.0538686533098967,0.0,-0.0499083601721703,0.0158757181519077,0.008856673055225,-0.0349211149602353,-0.0033857994916374,-0.2185016424061483,0.12277055568378842,3.2845158582711183e-07,0.2015066092919601,0.1631996948400873,-0.0251759689650376
1888.5,0.2749367923048079,0.0980938673526923,0.0267448070366499,-0.0296068139843629,-0.2114086192644356,0.0559180857284225,0.0,-0.0507077010794759,0.0172051263526132,0.0090164401017424,-0.0388836637883603,0.1810866267274113,-0.2410154332487985,0.12483901714531831,3.4275597610990665e-07,0.1901923273046299,0.33239529024368086,-0.024486134625120302
1889.5,0.2813405871050857,0.0999654562435037,0.0271689732184066,-0.0294186836737112,-0.208444596856038,0.0565122713474383,0.0,-0.0515052812761109,0.0168545990844279,0.0091884699093594,-0.0403033171086728,0.2379160075179853,-0.2378632805297492,0.1271347865915855,3.5712967516837597e-07,0.20166215223203665,0.3992748426413492,-0.0254622122823236
1890.5,0.2876437884751536,0.1018317101504031,0.0274878751246268,-0.032296803460419,-0.2227930124170434,0.0581030595050471,0.0,-0.0523615654141646,0.0178080191319283,0.0093600093441918,-0.0368399870305478,0.0735332451289865,-0.25508981587746243,0.12931995684901815,3.715739882511609e-07,0.19478345201371192,0.23147671011215068,-0.025193536938044492
1891.5,0.2941839680456161,0.1037265014000911,0.0277775817781728,-0.032681051561427,-0.221079555593871,0.0578649944753084,0.0,-0.0532416463177331,0.0174161984955291,0.0095341718302796,-0.0114266325383603,-0.075628199783297,-0.25376060715529797,0.13150446927799458,3.860997306783647e-07,0.20350154865169673,0.11644671633003939,-0.026291275991924396
1892.5,0.3005855977260262,0.105953193710417,0.0281426478146198,-0.0328117865812269,-0.2201163759050428,0.0582561118520497,0.0,-0.0541311774554258,0.0172620661636087,0.0097388414837747,0.0094937532038271,-0.0373445155493215,-0.2529281624862697,0.13409624228910083,4.007640639840747e-07,0.2128795195728647,0.18502875722737025,-0.027130269808042395
1893.5,0.3062140944818782,0.1081009069119584,0.0285693182599742,-0.0330009554866297,-0.2225419661345416,0.0596752053100912,0.0,-0.0550378782393034,0.0175464959452667,0.0099362516579275,0.0259367707819521,0.1507103197542996,-0.2555429216211713,0.1366706407072052,4.1553527254720354e-07,0.21946188824189405,0.39610897877814577,-0.0275551306361092
1894.5,0.3119119034333633,0.1099368304188654,0.0290796060088113,-0.0360027561706382,-0.2381054761817219,0.0625316532582039,0.0,-0.0559525619984131,0.0186961063469714,0.0101050032300507,0.0457339143366396,0.2157740306122791,-0.2741082323523601,0.1390168668552812,4.304276045066424e-07,0.21220073877309728,0.473708683722016,-0.027151452421390998
1895.5,0.317119607544907,0.1115084782058305,0.0296154689566442,-0.0370175927590405,-0.2430884786426367,0.0632348040250684,0.0,-0.0568761498452816,0.0190484001804553,0.0102494635160465,0.0269976106257021,0.2366809401733683,-0.2801060714016772,0.14112440246552554,4.553030508485385e-07,0.2137944564850439,0.47747300728411435,-0.0275782861487798
1896.5,0.3222847994454696,0.1123919098383338,0.0300294028967204,-0.0387063894906108,-0.2419910120228422,0.0619003239907393,0.0,-0.0578091281490602,0.0183510384569929,0.0103306654159554,0.0013814485163271,0.242637560052798,-0.280697401513453,0.1424217831812536,4.704461994051334e-07,0.21678208082789757,0.46080108939702275,-0.02912742427611191
1897.5,0.327352855270283,0.1132505678248597,0.03045770827335,-0.0407912631584613,-0.2575740219449693,0.0649616952870114,0.0,-0.0587452393222883,0.0198123834736221,0.0104095902102604,-0.0150615690617978,0.2441568702165465,-0.29836528510343063,0.1437087618172509,4.857190411843461e-07,0.20913476163270883,0.43823006278745763,-0.028523265638405796
1898.5,0.3329193861499901,0.1148139910079558,0.0308844242089765,-0.0430065686501171,-0.2661275798769536,0.0660830866322361,0.0,-0.05968830910667,0.020293145608935,0.0105532945198619,-0.0227682585149228,0.2444019302035132,-0.3091341485270707,0.14569892620023306,5.109833007421152e-07,0.20672538147751549,0.4283590531661059,-0.0288418689778731
1899.5,0.33918659179863,0.1166702708595835,0.0314294805882762,-0.0485546081433389,-0.286606021825085,0.0671427721796654,0.0,-0.0606446168268347,0.0212927186906207,0.0107239171749367,-0.0319414030461728,0.244287347446123,-0.3351606299684239,0.14810027797156505,5.265237053454234e-07,0.19064103102015928,0.40298697542010936,-0.0286279809612773
1900.5,0.3459863309158834,0.1185266930942101,0.0319777929028907,-0.0513903473241182,-0.2934724201591903,0.0677921545482659,0.0,-0.0616184555736152,0.0214233008497095,0.0108945529173514,-0.0372456022649228,0.2440696021846242,-0.34486276748330846,0.1505050380489251,5.520518242716895e-07,0.19012015422321155,0.39694415414291306,-0.029300601806554298
1901.5,0.3519805171397813,0.1203663453951744,0.0325728974431841,-0.0525736850414596,-0.2978624209946075,0.069243575743284,0.0,-0.0626013369826054,0.021792073445368,0.0110636472269889,-0.0462939421086728,0.2438473776052769,-0.3504361060360671,0.15293981146645275,5.686280942441088e-07,0.1939821820032024,0.3915356174998066,-0.029745616310248493
1902.5,0.3577092373299504,0.1225864083836566,0.0334881603783092,-0.0543964711812662,-0.3010467298306725,0.0700193618397509,0.0,-0.0635994235411527,0.0217518571771378,0.011267707536751,-0.0441410612492978,0.0078887325958151,-0.3554432010119387,0.1560754236420792,8.548801133775157e-07,0.19778096297257786,0.16152863431909514,-0.03057985882726389
1903.5,0.3636351690902115,0.1248688857905468,0.0345719282401657,-0.0588514970112465,-0.311427106296042,0.0707595801707959,0.0,-0.0645996783822851,0.0221041538425002,0.0114775047583123,-0.0258259733586728,-0.7005588720541879,-0.37027860330728846,0.1594419986848792,1.1846541666467503e-06,0.1925401248571255,-0.5338447205557354,-0.031018019781472603
1904.5,0.3690194897632519,0.1278632238848124,0.0355848718160444,-0.0615954375493093,-0.3260347953467754,0.0745048335507893,0.0,-0.06561933908084,0.023107923873801,0.0117527336874995,0.0074656770319521,-0.2457716796804389,-0.38763023289608467,0.16344962893064968,1.53322979285145e-06,0.18858503782906663,-0.049720964819420024,-0.0307586815195395
1905.5,0.3750454648091902,0.1308468094062168,0.0365860418969383,-0.0656742079436054,-0.3413602029868714,0.0772080910221718,0.0,-0.0666422657890031,0.024113048483955,0.0120269742783557,-0.0072144743352353,0.1207768281526846,-0.4070344109304768,0.16743481123316972,1.95993001461809e-06,0.1821517131073625,0.2957140669248118,-0.030502243026692404
1906.5,0.3817669226944154,0.133999014227699,0.0375929211494868,-0.0699479981255176,-0.3530228879150746,0.078941935904949,0.0,-0.067670977301206,0.024669041582947,0.0123167137567589,0.0167948274225771,0.2256785587259424,-0.4229708860405922,0.17159446723392308,2.5318567372558437e-06,0.17864721783119525,0.4211206039797146,-0.0306852219615001
1907.5,0.3896428878932956,0.1373703509856512,0.0386736134854295,-0.0786158682121722,-0.3864972682241859,0.0831467510118904,0.0,-0.0687091444818254,0.026811066492959,0.012626595064951,0.0038151399225771,0.0634446857672883,-0.4651131364363581,0.1760472716044564,3.307133375700153e-06,0.15445229114936884,0.22171211683923428,-0.029271482923915397
1908.5,0.397213849966425,0.1401010863892998,0.039895127071122,-0.0759899409637595,-0.3797370932570493,0.0854652823247879,0.0,-0.0697559386013017,0.0265273380650655,0.0128775945704775,0.0119274446100771,0.176417570953293,-0.4557270342208088,0.18000051964276986,4.306182348068401e-06,0.17660161174741523,0.3649466273107854,-0.03035100596575871
1909.5,0.4047381979739251,0.1430354529437749,0.0411291589715705,-0.0793740871972268,-0.3877374065615654,0.0871141691950678,0.0,-0.0708117672315495,0.0268809116001512,0.0131473111285968,-0.0049211882024228,0.2420368715416596,-0.46711149375879224,0.18416957645015689,4.964534811461905e-06,0.17812690535755593,0.4152425886967929,-0.030783544502801498
1910.5,0.4126751162187649,0.1460017484625683,0.0424515350646554,-0.0843475933152713,-0.4074326852130508,0.0904133095263972,0.0,-0.0718446468458648,0.0281555792922054,0.013419962483784,-0.0173548551946103,0.2417920454417349,-0.4917802785283221,0.18845970784811855,6.4243208948368095e-06,0.16949874999508305,0.3939359402422079,-0.03026910506987541
1911.5,0.4208034208410227,0.1485682722378652,0.0439275738798226,-0.0839488667415312,-0.4011520831778178,0.0911676126894306,0.0,-0.0728699048653788,0.02771940810355,0.0136558682393035,-0.0353267301946103,0.2415430947590054,-0.485100949919349,0.1925136760146424,1.78298969545553e-05,0.1878891311032214,0.3941054956676164,-0.03149462852252529
1912.5,0.4302405349947583,0.1508349467995486,0.0450122881708882,-0.0864296154966325,-0.4049010708397955,0.0920458842871527,0.0,-0.0738821151493366,0.0278543369027348,0.0138642129194258,-0.0421909880071103,-0.3409978868537385,-0.49133068633642796,0.19587015405162858,2.291908119180301e-05,0.19466232166993558,-0.1885265531909131,-0.032163565327176
1913.5,0.440265863828686,0.1522741270779673,0.0462593277565019,-0.0911103011729345,-0.4237464722857132,0.0947476115562826,0.0,-0.0748918419617621,0.0292051280538626,0.013996497262231,-0.0406777311711728,-0.248960343416813,-0.5148567734586478,0.19856173601710325,2.8281182634079385e-05,0.18702822129775554,-0.10260985329023034,-0.031690216645668505
1914.5,0.4493975303201432,0.1535647299308871,0.0475453523806659,-0.084434890103787,-0.4086388717473732,0.0967037667788854,0.0,-0.0759010661021596,0.0284401130092633,0.0141151248954617,-0.0269804167180478,0.0525216518189415,-0.4930737618511602,0.20115391708928912,4.383477773607721e-05,0.2208356241397229,0.2463768592406166,-0.033345828197434604
1915.5,0.4586801457240947,0.1551161042939485,0.0487473192064974,-0.0825944348224693,-0.3998094861516062,0.0969585534420148,0.0,-0.0769000167131656,0.0279936742691336,0.014257721720293,0.0127698762507021,0.2145135719067889,-0.48240392097407553,0.20393065164583443,6.722814538851073e-05,0.24251680911412943,0.4698002572716203,-0.034648620723739
1916.5,0.4684948279457536,0.1589154663756389,0.0497051963136139,-0.0908705334311742,-0.4191757219222559,0.0990987664770124,0.0,-0.0778884411001931,0.0287588780953218,0.0146069455969623,0.0447510774225771,0.2398327877457219,-0.5100462553534301,0.2087251490285394,0.00010448633928659672,0.23174987068996636,0.5163337358582653,-0.034522617407909004
1917.5,0.4778935183803372,0.1616847960581597,0.0508011922363235,-0.0946019491444707,-0.4372198351372803,0.1034459594222944,0.0,-0.0788736375176577,0.0303356973632339,0.0148614925516119,0.0658742707819521,0.2399610448831083,-0.531821784281751,0.21263438850702238,0.00014840021253920152,0.2284756344250911,0.5343109500901515,-0.03367644760281191
1918.5,0.4856812052304185,0.1652254877730746,0.0514909656789741,-0.0939149635160062,-0.4370834579437282,0.1060473492865544,0.0,-0.0798648524137264,0.0303794277285654,0.0151869403663207,0.0696496125788271,0.2396852647026757,-0.5309984214597344,0.21689865508249598,0.00018220163044732824,0.24333030382089424,0.552665181102397,-0.0342984843188403
1919.5,0.4921370674658261,0.1692596315558142,0.0516654253042636,-0.0802466039345627,-0.3923339498427716,0.1069478215755353,0.0,-0.0808466985900538,0.027578449043631,0.0155577445435901,0.0370131867975771,0.2394033794019371,-0.4725805537773343,0.22113863164774278,0.0002135747876649968,0.3099324619089372,0.5863490281084512,-0.037710505002832705
1920.5,0.4997987980408111,0.1732441865290021,0.0519537103394967,-0.0894930642963304,-0.423162517116984,0.111058288445822,0.0,-0.0818719484581296,0.0295800330490496,0.0159239906935015,0.0060304231257021,0.2391174269818206,-0.5126555814133144,0.22543150914679247,0.000233612278293651,0.28726508950453267,0.5324129396120552,-0.036367924715578495
1921.5,0.5060394171852208,0.1770467054384116,0.0523567754631602,-0.0743652948249643,-0.3745553806100448,0.1117387945599944,0.0,-0.0829246550875123,0.0270276807841028,0.0162735047345696,-0.0131426969914853,0.2388273386710145,-0.4489206754350091,0.2296532980816377,0.000249817180065845,0.358887364823004,0.5845720065025329,-0.03962346956883991
1922.5,0.51211135346526,0.1807117925982633,0.052834682567663,-0.0782727076974808,-0.3799593364495672,0.1136895389467865,0.0,-0.0839912082934037,0.0270131477470947,0.0166103865370339,-0.0306465544133603,0.0998493089209365,-0.458232044147048,0.233823736943359,0.0002772617774326824,0.36102491119908253,0.4302276657066586,-0.0403676740092751
1923.5,0.5178334999520686,0.1839004914818482,0.0539046871308847,-0.0843629057663842,-0.4278874481913478,0.120685752691458,0.0,-0.0850564083605389,0.0319470902023331,0.0169034804200895,-0.0346247038274228,0.1641370042354384,-0.512250353957732,0.23812629513806677,0.00032111652533385707,0.3281893560857451,0.45770165649376077,-0.03620583773811631
1924.5,0.5241455925067106,0.1861803063918826,0.0544112669658305,-0.085125437111783,-0.4164166033812395,0.1196239406814172,0.0,-0.0861258308727084,0.030376532908111,0.0171130329143904,-0.0269024137883603,0.2379323744863831,-0.5015420404930224,0.24095739182530207,0.0003658184675889789,0.34454861947020043,0.5555785801682231,-0.03863626505020701
1925.5,0.5272810161716713,0.1876092709433591,0.0545977852328548,-0.0856465908655939,-0.4199353302213759,0.1216446644264125,0.0,-0.0872103308285684,0.0308771807641321,0.0172443782638359,-0.0057636198430478,0.2376257984880118,-0.5055819210869699,0.24262684759117073,0.0004197914149568126,0.3468818353016843,0.5787440139466483,-0.0390887718006004
1926.5,0.5296578076492167,0.1883686291764722,0.0547619334173968,-0.0894980063197865,-0.422207229823222,0.1223134142452802,0.0,-0.0882911762229283,0.0303017538578311,0.0173141757772729,0.0225514436335146,0.2373151548214562,-0.5117052361430086,0.24361704642857512,0.0004864838347060762,0.34320778559223913,0.6030743840472098,-0.0406752465878243
1927.5,0.533510216646088,0.1895109487906165,0.0549527400789665,-0.0963482879820735,-0.4432166972180162,0.1259226992448051,0.0,-0.0893739181852637,0.0315107796829529,0.0174191737415283,0.0462487336725771,0.2370003550651561,-0.5395649852000897,0.24499901788450823,0.0005353290149252031,0.3244229838145291,0.6076720725522624,-0.040443964760782505
1928.5,0.5360824944800314,0.1920663415076548,0.0552987280912455,-0.098578393472762,-0.4421328320386204,0.1277110392214546,0.0,-0.0904584942212144,0.0307122792621218,0.0176540563696825,0.0307105500788271,0.1982873347347265,-0.5407112255113824,0.2479668195094704,0.0006017499105700707,0.32895696911016387,0.5579548539237174,-0.042092158589410095
1929.5,0.5389058912618491,0.1952163414956854,0.0555181193244689,-0.1080316688090285,-0.466111170997858,0.131435039311799,0.0,-0.091546186823738,0.031603795883076,0.0179435931876208,0.0227542512507021,0.0096175964804486,-0.5741428398068865,0.25143039008882806,0.0006959292686738868,0.3056296831025485,0.33800153083369927,-0.041998797753041196
1930.5,0.5409905130391972,0.1983353383379027,0.055698567435228,-0.1014510733731157,-0.4520885681396387,0.1333925742101017,0.0,-0.0926505355318342,0.0308501190962094,0.0182302803064421,0.0229726594538271,0.2360313206365775,-0.5535396415127544,0.25483472652990613,0.000800820756775464,0.33210803613726797,0.5911120162276726,-0.0435701361291827
1931.5,0.5444574610122063,0.2008554896542214,0.0563741538754061,-0.0876369064673732,-0.3977859033435536,0.1294134547549798,2.937649503980207e-05,-0.0937707578074272,0.0272467064335983,0.0184619236701318,0.0007418244928896,0.2357000869025083,-0.48542280981092684,0.2581540795678106,0.000924436038183126,0.3985694343154126,0.6350113457108104,-0.0480327512086573
1932.5,0.5491622653317474,0.2031738240986991,0.0567373887992388,-0.0768194123553499,-0.3755283191147602,0.1310492221001727,5.875299007960414e-05,-0.094903508843672,0.0268378946675779,0.0186750167433133,-0.0158103971867978,0.0501376147303632,-0.4523477314701101,0.26095950786620487,0.001048294968267044,0.43949141938531366,0.47381863692887904,-0.049331844442701195
1933.5,0.5545448245048239,0.2055425319279026,0.0572809390395769,-0.0825895271999891,-0.3853927165144249,0.1316790489858894,8.81294851194062e-05,-0.0960408681596967,0.0266804850338651,0.0188927399592178,-0.0227370573430478,0.1969343492420373,-0.467982243714414,0.2640004995233327,0.0011770285558533504,0.4318626156181376,0.6060599075171271,-0.050379513681494396
1934.5,0.5612494722793742,0.2082413291598835,0.0576347283119625,-0.0929493340431275,-0.4230994493881663,0.1367900896683925,0.0001175059801592,-0.0971891422515919,0.0290471018214224,0.0191408038213695,-0.0150303678899228,0.234681664723959,-0.5160487834312938,0.2671989174602249,0.0013228599883788566,0.40030596534805707,0.6199572621820931,-0.048883730628640806
1935.5,0.5690031000230357,0.2109731925269437,0.058072897242891,-0.1016721577447212,-0.4404616740783297,0.1389362258785119,0.000146882475199,-0.0983381064985955,0.0293990664932451,0.0193919070052891,0.0115842317194521,0.2343339786632786,-0.5421338318230509,0.27054867794352505,0.0015025881736902722,0.38695392149715924,0.6328721318798902,-0.0494002505248623
1936.5,0.5828750214118258,0.2134098736663774,0.0586518694396904,-0.1098014204261202,-0.4727701138478712,0.144322997252801,0.0001762589702388,-0.0994928120753015,0.0318006464826985,0.0196158780865979,0.0692439973444521,0.2339821631321471,-0.5825715342739914,0.2737982958443678,0.001736552738299977,0.3705247516992368,0.6737509121758362,-0.047900028535766304
1937.5,0.5961265836052877,0.2157063198166418,0.0593869262402988,-0.1195838095504484,-0.4881305836711886,0.1464662946589962,0.0002056354652786,-0.1006444255397495,0.0318603131966899,0.0198269592654681,0.0725357209772646,0.2336262382613803,-0.607714393221637,0.27708365121197964,0.0019904051550391493,0.3632106186423138,0.6693725778809585,-0.0487515176123129
1938.5,0.6054005351588457,0.2179053643935979,0.0602502603366687,-0.1107486466935991,-0.4561680813888866,0.1445485130739986,0.0002350119603184,-0.1018021063914313,0.0297170785881699,0.0200290876374477,0.0620989289850771,0.2332661891785047,-0.5669167280824857,0.28039997391234484,0.0022443491820782293,0.4116113658572081,0.7069764840207902,-0.0518209282054953
1939.5,0.6151404336238311,0.2211014812712994,0.0609533692760579,-0.120006588158354,-0.4881205635106935,0.1498938021089245,0.0002643884553582,-0.1029603714295239,0.0317337201188211,0.0203228633561922,0.0591972200007021,0.232902032483087,-0.6081271516690475,0.2845670295875644,0.0025121790402070627,0.3908347141521202,0.682933966635909,-0.0506393994991524
1940.5,0.6239593938976892,0.2227301235955581,0.0617895183417503,-0.1335941051673446,-0.5102030779414775,0.1517912836036606,0.000293764950398,-0.1041488212436046,0.0320850466706291,0.0204725623777533,0.0397744905085146,0.2325337568575879,-0.6437971831088221,0.2873405001425627,0.0028208582052543342,0.36799654729026626,0.6403047946563687,-0.0512974472448242
1941.5,0.6318448093705622,0.2243099525516981,0.062671496046792,-0.1378316501194503,-0.5219167530533638,0.1536257525103387,0.0003166557257537,-0.1053756860692001,0.0329853110366811,0.0206177746477805,0.0240647004694521,0.2321613810356819,-0.6597484031728141,0.2901673977453753,0.003185949146885069,0.3644336117944771,0.6206596932996112,-0.05145594465898479
1942.5,0.6380738091355279,0.2268117516166261,0.0636520739254907,-0.1416301932953152,-0.5393781808199714,0.1557441462036826,0.0003433616303353,-0.1066104306184759,0.0342793657068007,0.020847731137664,0.0055936067194521,0.2317848567197132,-0.6810083741152866,0.2941087698052607,0.0036449442631440346,0.3557783788855089,0.5931568423246741,-0.05113997214367591
1943.5,0.6417653348343142,0.2290574369867829,0.0659349934318114,-0.1439130201205251,-0.5426280351593855,0.1587263935513162,0.0003700675349169,-0.1078426998476577,0.0345188573565799,0.0210541465658026,-0.0130646940617978,0.2314042373651788,-0.6865410552799106,0.2991886726214199,0.004196242202825611,0.3612397173367814,0.5795792606401625,-0.051899628390358304
1944.5,0.6420094683180743,0.2308738538437621,0.0667242098265714,-0.140530967131785,-0.5371844742586311,0.1614992410760744,0.0004005885687245,-0.1090751293884592,0.0344593569500207,0.0212211051559035,-0.0078696989446103,0.2310194980440892,-0.6777154413904162,0.30244904660178484,0.004850982931451472,0.37524823589170686,0.5983980349911858,-0.0529940787138105
1945.5,0.6413521624898033,0.2324055076550168,0.0675425386933332,-0.1218810696914982,-0.4824388500958354,0.160733731579557,0.0004311096025321,-0.1102999400516056,0.0310626926370276,0.0213618893376111,0.0275124299616396,0.2306306753789544,-0.6043199197873337,0.30541181960553854,0.005463773257188599,0.44573354541313037,0.7038766507537244,-0.057444248474434786
1946.5,0.6412785355699537,0.2345823445546952,0.0682622798691161,-0.1194760262578219,-0.4711709568705872,0.1605473790132038,0.0004692608947916,-0.11152126461631,0.0303401425755149,0.0215619764587218,0.0445638703913271,0.2302376858621014,-0.5906469831284091,0.3091426720634983,0.0062980476396868965,0.4611717188309651,0.7359732750843935,-0.0591498846872817
1947.5,0.6428147114662126,0.2375768405268071,0.0685692708021038,-0.1370932765260256,-0.4975534508919251,0.1653439567209146,0.0005035970578251,-0.1127323129344767,0.0302015087808512,0.0218372198994802,0.0900551789850771,0.2298406128015797,-0.6346467274179507,0.313318978281514,0.007172866952603226,0.42664093185437035,0.7465367236410273,-0.0601899871963202
1948.5,0.643272758179043,0.2405682056148375,0.0687392269509225,-0.1456126558262204,-0.5204990211902574,0.1715248142042109,0.0005455634793106,-0.113926683409902,0.0313697149769506,0.022112175560487,0.1056245637507021,0.2294394311922398,-0.6661116770164778,0.31742808897113967,0.008120656405379525,0.4062147549447618,0.7412787498877034,-0.0598992293931538
1949.5,0.6450741670470075,0.2429193225317346,0.068900849172326,-0.1373955489528857,-0.5177084486733914,0.1702483396765777,0.000587529900796,-0.115109495145832,0.0324599655611639,0.0223282818821714,0.0906011994928896,0.2290341140632569,-0.6551039976262771,0.320922927982586,0.009102756278525425,0.4214077192781934,0.7410430328343399,-0.05973371780170071
1950.5,0.6482530711151624,0.24464272620552,0.0694128947884588,-0.1499910626959502,-0.5585350916027578,0.1783414620667084,0.0006371265807333,-0.1164592592065264,0.0350757387024391,0.0224866910306245,0.0569507356257021,0.2286247057506577,-0.708526154298708,0.3241603437511916,0.010104722757212858,0.3839690197416249,0.6695444611179846,-0.058259702892729505
1951.5,0.6515005163378408,0.2471159605427303,0.0698510165718718,-0.1582597114553006,-0.5447770233981939,0.1769403875138157,0.0006867232606706,-0.1178303284097649,0.0325802824734464,0.022714021952127,0.0124578645319521,0.2282111600495553,-0.7030367348534945,0.32813207187988874,0.011165094765286838,0.39168694015453,0.6323559647360373,-0.06184930072352089
1952.5,0.6571281257741772,0.2498345709474068,0.0704415792546298,-0.1654885033356778,-0.5623917322233462,0.1807233022594398,0.0007401350698339,-0.1192329925878156,0.033212771452809,0.0229639069707858,0.0104453889460146,0.2277935062368537,-0.7278802355590239,0.33249282371117167,0.01221667350913502,0.38014783709137784,0.6183867322742461,-0.062316179094386887
1953.5,0.6638067483755472,0.2542885674881903,0.0715289466712098,-0.1701159860775474,-0.578258193483445,0.1867176572020935,0.0008011771374491,-0.1206606517928096,0.0342358652095419,0.0233733025233023,-0.0026123014836728,0.2273717537744156,-0.7483741795609924,0.33921955878617227,0.013402044626772166,0.37911947788030426,0.603878930171047,-0.062250306922516305
1954.5,0.6700737130561434,0.2597132254367988,0.0722773728155406,-0.1744184371720653,-0.5888669150077019,0.1910443096690226,0.0008660343342902,-0.122122805167501,0.0350100988817571,0.0238719178270523,-0.0024562956242978,0.2269458569977344,-0.7632853521797672,0.34674982056919806,0.014759222316858809,0.38220773699019556,0.6066972983636321,-0.0623747541244014
1955.5,0.6755424223360036,0.2656658157064476,0.0733102482804482,-0.1906763011758566,-0.618001593006559,0.198910039553002,0.0009347066603573,-0.1236341633408571,0.0361501124844483,0.0244190587958504,0.0248447297663271,0.2265158551175833,-0.8086778941824155,0.3552790259380291,0.016302961951133323,0.3589233082444181,0.6102838931283284,-0.062130285400201095
1956.5,0.6803552793354356,0.2726589217513114,0.0745013986993246,-0.2047992096656046,-0.6639243530274598,0.2087740036896937,0.0010110092448763,-0.1251898327327579,0.0395145744812901,0.0250618402813835,0.0849849885553896,0.226081759631825,-0.8687235626930644,0.36523072198960715,0.01807040153897107,0.326034033596464,0.6371007817836787,-0.059602408725208014
1957.5,0.6853579020274313,0.2797236931777027,0.0756273711152975,-0.2125044845176085,-0.6942747095932471,0.216918401513321,0.0010911269586212,-0.1267856126353379,0.0421553158790523,0.0257112089944094,0.1409286897272646,0.2256435167448027,-0.9067791941108556,0.3754282104028279,0.02007714610982764,0.31309735902946967,0.6796695655015369,-0.057827960803255
1958.5,0.6913918389180643,0.2852741565014405,0.076531453514271,-0.2121156016044879,-0.6801634711348303,0.2148162567688741,0.001178874930818,-0.128427880190486,0.0416545113770972,0.0262213878816936,0.1483389680475771,0.2252011825616081,-0.8922790727393182,0.38401707723766487,0.02221146722195337,0.33857299418440795,0.712113144793593,-0.05937310600087722
1959.5,0.6993302219040735,0.289979360791269,0.0772809229479484,-0.221080999220689,-0.6965059844712307,0.2180514376405432,0.0012704380322407,-0.1301572295608866,0.0428650858902327,0.0266538735588376,0.1166697785944521,0.2247547302830971,-0.9175869836919197,0.3916991217528524,0.024438838013634938,0.33212596552597345,0.6735504744035231,-0.05936783207957562
1960.5,0.7134829710901572,0.293195325986598,0.078317306040448,-0.2337780157886079,-0.7209531812123118,0.2231307213236699,0.0013734465213413,-0.1316769864328276,0.0444721145453961,0.0269494736644866,0.0949693635553896,0.2243041761791161,-0.9547311970009197,0.3984805696265192,0.02696793759947315,0.3214811133378229,0.6407546530723287,-0.0588819517016036
1961.5,0.7250908192487906,0.295712586472048,0.0794374328028219,-0.2445058643099164,-0.7445209925957942,0.2301268555230201,0.0015943870759349,-0.1331340424414416,0.0446087344260393,0.0271808513132639,0.0468727571100771,0.2127160527168961,-0.9890268569057106,0.40506653641130463,0.02991651713643474,0.31150728465120137,0.5710960944781744,-0.059750069626203516
1962.5,0.7379132786783466,0.3018728993061724,0.080620430900224,-0.2506498343072963,-0.7463878127185459,0.2341978387906608,0.0018521067767464,-0.134485352558265,0.0446902910559936,0.027747085402875,0.0134563020319521,0.0220437662931856,-0.9970376470258422,0.4157990421666163,0.033305711960219794,0.33067664328713137,0.3661767116122692,-0.06019586932264999
1963.5,0.7482925203105453,0.3103747175292298,0.081925898721157,-0.2665739518566335,-0.7937502173827464,0.2485354682350498,0.002055865809978,-0.135792889451471,0.0473892647757654,0.0285285423566363,0.0018806672663271,-0.866306042224295,-1.0603241692393799,0.42955789803076755,0.0372572817803808,0.30824250082789156,-0.5561828741300766,-0.05781921650909131
1964.5,0.7599899965947716,0.3180507281560358,0.0831493132914123,-0.2771770294736552,-0.7782459196846734,0.2507218855584525,0.0022561460305714,-0.1370687960469654,0.045020611877641,0.0292340940073638,-0.0034859342961728,-0.6189029143086978,-1.0554229491583285,0.4430316111330041,0.04183156968555596,0.3377625999965106,-0.2846262486083597,-0.0605579441313892
1965.5,0.7682017889383187,0.3243443016980603,0.0843865164604956,-0.2884580235519849,-0.7941769407364775,0.2587172197149944,0.0025247797644886,-0.1382268953391461,0.0453012452779277,0.0298125769482346,-0.0004906217961728,-0.2984866121295857,-1.0826349642884625,0.4557432360750801,0.04701241791652427,0.3394389870914355,0.04046175316567714,-0.060588293348495206
1966.5,0.7864451269708805,0.3294527065749335,0.0857906739281632,-0.2972617768748156,-0.8021680300626886,0.2638015036558296,0.0028594478033042,-0.1393469491516811,0.0455627612522144,0.0302821233921745,0.0251411408991396,0.1551610222667467,-1.0994298069375041,0.4680285342195548,0.05278515371645809,0.3582027412047729,0.538504904370659,-0.06064261670398803
1967.5,0.7966380774676582,0.334922540749693,0.0871906855964059,-0.3030975807682778,-0.8240649437547215,0.2747036558331168,0.0035189056772834,-0.1404972828403176,0.0472057210449334,0.0307848911342788,0.0568571321100771,-0.10541424896399,-1.1271625245229993,0.4813577955501979,0.05924456920409898,0.36654923934415157,0.31799212249023856,-0.05898776498382198
1968.5,0.8121309627179315,0.3427776017069355,0.0885791981139115,-0.3163630997611515,-0.8328415456028111,0.2815736630942002,0.004150011071431,-0.1416613435510344,0.0473013620950983,0.0315069004558387,0.0735965608210146,0.0114172950423655,-1.1492046453639626,0.49785895467457336,0.06650215485372628,0.38365586519407613,0.4686697210574561,-0.0587030699286664
1969.5,0.8267782857752407,0.350713605446229,0.0899752422508929,-0.3274817145564999,-0.8415054092507139,0.2874731700497619,0.0045176693830054,-0.1427540302680837,0.0478130451233635,0.0322363497506175,0.0765762727350771,0.0978290011816049,-1.1689871238072138,0.5153005765846442,0.07461172888752243,0.40237794259133597,0.5767832165080178,-0.05818696601109729
1970.5,0.8528480104109134,0.3603948781219277,0.091370179911982,-0.352859348266948,-0.8837132442479174,0.3005725370454303,0.0047018920548368,-0.1438918025903151,0.0499809234573377,0.0331262179711784,0.0785107453913271,0.0936909703825889,-1.2365725925148654,0.5353174598446658,0.08355240181075617,0.39608264567918194,0.5682843614530979,-0.056082769106962194
1971.5,0.8632209313696216,0.3692236802144927,0.0927983212430555,-0.3529599094461875,-0.8950731663922552,0.3080321009490216,0.0057512755412596,-0.1449639748543345,0.0518106854840763,0.0339377301215918,0.0498368684382021,-0.0434637342675445,-1.2480330758384426,0.5552456502936545,0.09322364883610648,0.42500132306644856,0.431374457237106,-0.053464283707406794
1972.5,0.8962139598325792,0.3771712046573124,0.0942493686326935,-0.3674073531089142,-0.9500045429156128,0.3233427480426105,0.0062692304018648,-0.1460367937991248,0.0562958149607751,0.0346682383585458,0.0480584016413271,0.0720323608917363,-1.317411896024527,0.5751829438331765,0.10376237054317033,0.4285242456059,0.5486150081389634,-0.04880351007793909
1973.5,0.9393314230100552,0.3830648954959267,0.0957430939670832,-0.3801555470219479,-0.9424784962288943,0.3250044392930394,0.0067031811117069,-0.1470813734445323,0.055352565010356,0.0352099655007075,0.0192909211725771,0.20248941700935,-1.3226340432508423,0.5943238599314045,0.1155158704683946,0.4862100171618949,0.7079903553438222,-0.04981566182176189
1974.5,0.953425007449094,0.3888000421491679,0.0972902554899617,-0.3735951556489497,-0.9406929845056198,0.3256586942250784,0.0067019161678207,-0.1480967790922998,0.0564132707639983,0.035737119824104,0.0051723908991396,0.0706504376761705,-1.3142881401545694,0.6146095574447392,0.12851925980560955,0.5301606466279655,0.6059834752032754,-0.04924447233637679
1975.5,0.9544604863561792,0.395499644933647,0.0988864901521038,-0.3661878491351472,-0.9292188314629248,0.3241459182693096,0.0069279517460029,-0.1491230071329704,0.0565583328152706,0.0363529235317357,0.0054844026178896,-0.1766556955831415,-1.295406680598072,0.6361332756173697,0.14174714053161855,0.5700492006048249,0.39887790763957287,-0.04928379903996118
1976.5,0.9663558083778367,0.4029112079624325,0.1005279076338149,-0.3840496038714017,-0.9767986708793894,0.3354738214748053,0.0071477227160021,-0.1501443443106669,0.060681016421458,0.037034168097913,0.0008354280085146,0.0833810452338904,-1.360848274750791,0.6581455158961137,0.15470640029986635,0.553845433922671,0.638061907165076,-0.04528143707529381
1977.5,0.996446419340767,0.4107788886390624,0.1022115570396176,-0.3839103411107523,-0.9849989096902032,0.3414654451742073,0.0078060803246344,-0.1511657711541847,0.0626086295227394,0.0377573373792852,0.0309445588678896,0.1680283648537144,-1.3689092508009555,0.6805951687513044,0.16760472307262467,0.606604058537798,0.8055769822594019,-0.04299372392752569
1978.5,1.0238823775067056,0.4188573356541837,0.1039630936421292,-0.3843144351601446,-1.0046762376230256,0.348946411090217,0.0082975069039629,-0.1521572115733794,0.065874853839263,0.038499879554374,0.0770598908991396,0.1930150156920156,-1.3889906727831702,0.7031815396125909,0.18036111031627794,0.6475346841505637,0.9176095907417189,-0.0394849712757795
1979.5,1.0520225240940515,0.426899861645998,0.1057854561892757,-0.3931390494613918,-1.0169947651344105,0.3539794333661659,0.0088555516907148,-0.1530981918724128,0.0665613516567436,0.0392391199965025,0.1158585481257021,0.1775725169250055,-1.4101338145958022,0.7248154880010701,0.1921301701657965,0.6822414623370334,0.9756725273877411,-0.0384421685284519
1980.5,1.0859658557356218,0.4346753819148741,0.1080139585915898,-0.3948439590540633,-1.0091429405733177,0.354197185006558,0.0091537125622436,-0.1540785245983643,0.0648263478492822,0.0399538182203185,0.1082142610163271,0.1323814602461631,-1.403986899627381,0.7466420012841174,0.2039526607776531,0.7426734964323958,0.9832692176948865,-0.040144645966519996
1981.5,1.105647100614283,0.4419488118525765,0.1108107035868354,-0.3827643266668568,-0.9826990763135534,0.3515921813321494,0.0091861866200275,-0.1551141213587762,0.0628475262532864,0.0406223660830684,0.1107571565241396,0.100339081110069,-1.36546340298041,0.7682007555009529,0.215441240061541,0.8175185920645814,1.0286148296987903,-0.042458042402393904
1982.5,1.1179075012814292,0.4484940588807334,0.1147289525999547,-0.3813400209018466,-1.0216144756444838,0.362513242851704,0.0095825586901551,-0.1561545546392402,0.0669779335635911,0.0412239819574665,0.0674187287897646,-0.2453383921558475,-1.4029544965463305,0.7899770187745809,0.22675400729389278,0.829073185933356,0.6511535225672733,-0.0383700804280275
1983.5,1.1451464549049324,0.4541335188468206,0.1166246738920867,-0.3656064039921521,-0.9566861329220062,0.3501685403009955,0.010008162901096,-0.1573024483306818,0.0623608139371709,0.0417423411002209,0.0655934602350771,-0.706958684485834,-1.3222925369141583,0.8089284255750185,0.2381702328361111,0.9387597534745942,0.29739452922383725,-0.04319113039219401
1984.5,1.1701569455107146,0.4589867287793295,0.118901064429744,-0.3691375757757282,-0.9786549938268564,0.3572948499380378,0.010930144928115,-0.1586299372276756,0.0651592656590385,0.0421884309306923,0.0146107453913271,-0.2433190495150009,-1.3477925696025845,0.8275018448899909,0.24961405168091724,0.9668089750263291,0.7381006709026552,-0.0403520957098298
1985.5,1.1939379763907396,0.4640554657523369,0.1207263962268744,-0.3714905428678311,-0.9893484739458784,0.3608906279089869,0.0115429627661341,-0.1598545006305272,0.066331738565404,0.0426543312417106,-0.0026123014836728,0.0205474613199687,-1.3608390168137094,0.8472552011833155,0.2624733392041042,1.0019193206120542,1.01985448044835,-0.039325468057278504
1986.5,1.216979346796058,0.4691658548227213,0.1237396359109689,-0.3665930901537778,-0.9928599265156997,0.3664984065609159,0.0124898876949956,-0.1611210031833811,0.0682985152911143,0.0431240600656752,-0.0004906217961728,0.0189671764112348,-1.3594530166694774,0.869410123112743,0.276504632379053,1.0562263196686437,1.0747028742837053,-0.037208540131596
1987.5,1.244432892792389,0.4731834853026435,0.1243684432797453,-0.3771159328904658,-1.0248890842625664,0.3736257810506185,0.0133522124969298,-0.1623478489889539,0.0709449802688542,0.0434933463987638,0.0103829866022646,0.09692585253296,-1.4020050171530323,0.88872464698555,0.2911727184031612,1.0702209938511194,1.177529832986344,-0.03455730982440611
1988.5,1.2840282326581551,0.4782492718722982,0.1266993710676142,-0.3760750049974103,-1.033695083600091,0.3796880429866274,0.0143333673696204,-0.1635266692372679,0.0735981361012449,0.0439589755191784,0.0554062776178896,0.1509358698150824,-1.4097700885975013,0.9118386899844281,0.30689004704451567,1.1341486867844852,1.340490834217457,-0.031636190247224215
1989.5,1.3099069465006197,0.4836671462935422,0.1301868649364129,-0.3733323710770405,-1.0209143391014996,0.381756946278709,0.0152557744837018,-0.1646926210816681,0.0728472841764341,0.0444569673051712,0.1172626008600771,0.1880111597828069,-1.39424671017854,0.9346494388219327,0.3207954275919774,1.1999340263063605,1.5052077869492435,-0.032132595116361
1990.5,1.3299939299044747,0.4866764620956296,0.1332541393701432,-0.3748119564181447,-1.0398461932219332,0.3844830336657621,0.0156981285458834,-0.1658421206064528,0.0754330718886399,0.0447335729320979,0.1058273713678896,0.1836910187202189,-1.4146581496400779,0.9525946831054126,0.33266408163963973,1.22243614979574,1.511954539883848,-0.029977347239831587
1991.5,1.3509645065436642,0.4919441723118366,0.135559903114296,-0.3857256726933792,-1.1176647195731495,0.4074985639579018,0.01558858235327,-0.1669425946642151,0.0831326380114058,0.0452177621573732,0.1041113069147646,-0.5286111757337705,-1.5033903922665286,0.9696762493525231,0.3421721739263901,1.2017453154453943,0.777245446626388,-0.023003612142166084
1992.5,1.361970870784842,0.4949146237483361,0.1372853060432028,-0.3535381033573362,-0.9991572916136072,0.3861366007509283,0.0172155610255799,-0.1681045984953368,0.0731234145367944,0.0454907955097645,0.0833469270319521,-1.7412044775611024,-1.3526953949709435,0.9824968944347836,0.3502969646432447,1.3456341435764125,-0.3122234069527373,-0.032274827423198
1993.5,1.3735887726752294,0.4956830285529928,0.1383346829468691,-0.3478475708952708,-1.0133251888792598,0.3924115274060081,0.0188266402893235,-0.169245680301514,0.0761526951648873,0.0455614245519468,0.0344858918757021,-0.7475364434954924,-1.3611727597745307,0.9891574374602062,0.3551397259603445,1.365280057471557,0.652229505851767,-0.028704920295356373
1994.5,1.3970739243149914,0.4978458886729615,0.1401232950765728,-0.3495164534592499,-1.066646522555469,0.4076438282684246,0.0200492526653364,-0.1705307844365458,0.0824383832281666,0.0457602269770773,0.0049071809382021,-0.0409989132199912,-1.416162976014719,0.9970369878034613,0.35906780405392713,1.363308842806193,1.3272171105244037,-0.022282921565965473
1995.5,1.425763310626188,0.4997752582179121,0.1420942476047777,-0.3246752088450533,-1.0215310063900898,0.4024976956655608,0.0214084542129021,-0.1717854212123954,0.0824084541152946,0.0459375677773297,-0.0007090299992978,0.1323489970074279,-1.346206215235143,1.0045164170884515,0.36264691126576126,1.464540263038188,1.5961802300463177,-0.022030945106868996
1996.5,1.4530779247590426,0.5005713451480236,0.1449208222319925,-0.3149783850601034,-0.9906197694941844,0.4031918468111035,0.0226605033477437,-0.1731196649345856,0.0794925105811305,0.0460107412622258,-0.0129086882024228,0.1951747143446128,-1.3055981545542878,1.0113144011443895,0.3658222337643732,1.5370301084167617,1.719296134558952,-0.024955909743485626
1997.5,1.4702384523820962,0.501871682005302,0.1476857160336942,-0.3418375427246524,-1.0966270052180254,0.4363298102182505,0.0238161139467551,-0.1747839902817465,0.0889900581782855,0.0461302636105861,0.0035031282038271,0.2157444216672525,-1.4384645479426776,1.017745552175264,0.3681881541362678,1.4700017122868134,1.6892492621578925,-0.015847554546119802
1998.5,1.5111920218495674,0.505874100916031,0.1502021278266602,-0.3287731664800211,-1.0824940952362538,0.4315182404884845,0.0247778700396266,-0.1761555703084512,0.0896407082183204,0.0464981517502281,0.0503984895319521,0.2174028305403763,-1.411267261716275,1.0266078238667247,0.3705315951240335,1.5428119841882255,1.810613304260554,-0.015238840300276071
1999.5,1.5431764514315276,0.5088390392154462,0.1534475608558413,-0.2974960863095311,-0.9697491494577004,0.4185134104882329,0.0262782635901504,-0.1774913030267023,0.0781959903096428,0.0467706783546275,0.0849069856257021,0.2208896532104763,-1.2672452357672315,1.0350087966661596,0.37272219659487194,1.7032070520464075,2.0090036908825852,-0.026246370772281598
2000.5,1.5610028844737776,0.5092985751383967,0.1566962740653144,-0.2945358879389693,-0.9243241461961296,0.4165635609889194,0.0283573150619565,-0.1786872467297176,0.0721462375925031,0.046812917265537,0.1100083283991396,0.2215364990456264,-1.2188600341350988,1.0408258743027061,0.3748310250989948,1.7681615088205829,2.099706336265349,-0.03137077680972102
2001.5,1.5854615745136067,0.5086882546296848,0.1591404285404239,-0.2933336119754282,-0.925619114359214,0.4200036017878095,0.0290157677277463,-0.1798076619226835,0.0731268939982044,0.046756818770716,0.0994467317194521,0.216276085909788,-1.218952726334642,1.0445645001766801,0.3767358170065705,1.800168768717437,2.115891586346676,-0.030908181426016784
2002.5,1.6158690255336767,0.5090075626423908,0.1612479650171287,-0.3064064792161852,-0.992505371722385,0.4312975032048662,0.0284689656030904,-0.1810057222825081,0.0786470748669965,0.0467861684298564,0.1047353303522646,0.223059880349933,-1.2989118509385702,1.0487050042706108,0.3784494766110913,1.7698561686880188,2.097651379390216,-0.02710351338256481
2003.5,1.6543876490414129,0.5105958651929747,0.1635387306909741,-0.3197078952067443,-1.015181940347752,0.4347995631909261,0.0294917743551657,-0.1823035317926879,0.0796556266321013,0.0469321595626078,0.0433626252741396,0.2067048448321507,-1.3348898355544963,1.0540671660647172,0.3799325701807691,1.782140571499747,2.032208041606037,-0.02622397124281311
2004.5,1.6814773303586532,0.51032461568817,0.1656727129533022,-0.3215137118954508,-1.0198706269271385,0.4436895832146464,0.0335430801137224,-0.1835035131748028,0.0822429052797135,0.0469072272709294,0.0165764192194521,0.2176197499030167,-1.3413843388225892,1.0575673132947085,0.3815699846532364,1.8205395875349815,2.0547357566574505,-0.0208103005104375
2005.5,1.7117223848833465,0.5095269597624096,0.1679911881677313,-0.3360786845612084,-1.0502336676213302,0.4495732435133075,0.0352359404521889,-0.1845918334380747,0.085009050273904,0.0468339095695224,-0.0098821745305478,0.1914872955579164,-1.3863123521825385,1.0607980083435846,0.3832798604134439,1.818268351415241,1.9998734724426097,-0.017512933142459407
2006.5,1.743892336289981,0.5095745621966246,0.1707247869387646,-0.3462181037637053,-1.0646266894555976,0.4556423777905832,0.0367040154281106,-0.1857564185579882,0.0843448214789517,0.0468382850163101,-0.0158884001164853,0.1755151763448627,-1.410844793219303,1.065214587649984,0.3849152385145943,1.8360352118766294,1.9956619881050064,-0.017869296634615783
2007.5,1.7697156702992902,0.5122151517195015,0.1731311323295688,-0.3314543511361065,-1.0510113191183077,0.4618340993615079,0.0385804172483912,-0.1867700173036014,0.0869963736735277,0.0470809986324499,-0.0274016325383603,0.1633203469919668,-1.3824656702544142,1.072174315319594,0.3868280312705237,1.9071461869767456,2.043064901430352,-0.014112227749232611
2008.5,1.8008582921271123,0.5146560020717951,0.1760406937659348,-0.3178592003820338,-1.013561176116418,0.4576808413906759,0.0393490935440634,-0.1878247183182191,0.0839481222674178,0.0473053529330061,-0.0298821257024228,0.1794772077198342,-1.3314203764984518,1.0795234373078522,0.3888267414701221,1.989420044753457,2.139015126770868,-0.01722214957373179
2009.5,1.8225074420525051,0.5165206317383294,0.1783026870607601,-0.289103899936053,-0.9680529764695436,0.4505048465588296,0.0382906772610375,-0.188989624061372,0.0821676267888481,0.0474767430734294,-0.0299445280461728,0.1512956081055699,-1.2571568764055967,1.0853273011130802,0.39050398231399075,2.080128136380761,2.201479216440158,-0.021054576938057012
2010.5,1.8554282890801284,0.5184851054250419,0.1811244389257072,-0.2776016963332191,-0.9920189521256834,0.4589599668189077,0.0422801172698445,-0.1901414847861147,0.0886914516042806,0.0476573105217899,-0.0077916960149228,0.1849273721871582,-1.2696206484589023,1.0919589162200285,0.39234937186927915,2.1252139182699628,2.302349594442198,-0.011512605390199715
2011.5,1.8825336784684576,0.5205097029851427,0.184362483307943,-0.2876683220451254,-0.969752229948022,0.4625152705389131,0.0443840735930902,-0.191302352850168,0.0832420069747971,0.0478434043431819,0.0265763948053896,0.1453079254429587,-1.2574205519931474,1.099039407361562,0.3941672210684765,2.1708349364366866,2.342719256685035,-0.015832867939098792
2012.5,1.911688486646359,0.5223971333664714,0.1871450482506015,-0.2850569093863017,-0.995552650777136,0.4683982780005589,0.0454187985982174,-0.1924915172736721,0.0872020809084166,0.0480168902443777,0.0409445344538271,0.1827296281497465,-1.2806095601634375,1.1052343792499422,0.3956921976328686,2.192857836210762,2.4165319988143357,-0.01185374752266042
2013.5,1.9511714737076369,0.5244103844422799,0.1900998073599905,-0.266384496242907,-0.9368435234853084,0.4621887261860322,0.0467963464335496,-0.1935724686367298,0.0822393597573421,0.0482019411372081,0.0492128450007021,0.2056802448837178,-1.2032280197282155,1.1119954962733443,0.3974853044710735,2.3057928551301674,2.5606859450145865,-0.016334821308630003
2014.5,1.978868257602009,0.5278419206221283,0.1936590400175292,-0.2625743362133403,-0.947551386203772,0.4700209932534875,0.0487108140323893,-0.1947325106883696,0.0835712847984267,0.0485173557625823,0.0591036164850771,0.1878193979219565,-1.2101257224171122,1.1206933042835099,0.399192343643853,2.3455237766269224,2.592446791033956,-0.013933056094971308
2015.5,2.0117000580591347,0.5319992781265986,0.1965865361002906,-0.2566677246596917,-0.9422640397184424,0.4781404248939759,0.0511742057299655,-0.1959850960189163,0.0834126407539142,0.0488994853078047,0.0291972932428896,0.1570381235234933,-1.198931764378134,1.1294518745932585,0.4008660603663692,2.4078618289410034,2.5940972457073865,-0.012498764227231902
2016.5,2.060013301788658,0.5350442028809451,0.1991455088269824,-0.2350411361453502,-0.8714306136488674,0.467499955889401,0.0537753141927416,-0.1970082509673515,0.0778154377853444,0.0491793639832286,-0.0075872260402231,0.178190711945434,-1.1064717497942176,1.1368168982095481,0.4026271865016205,2.541620271087353,2.712223756992563,-0.016238135006036908
2017.5,2.090190991579844,0.5376654481868969,0.2020294805153096,-0.2318809476462188,-0.8770236323158418,0.4721210009608716,0.056307676158472,-0.1980238413810536,0.0789416548029836,0.0494202995476111,-0.0174665810347086,0.204682078042034,-1.1089045799620605,1.1443268798733324,0.40463195117112555,2.58438008158,2.771595578587326,-0.013354210871986925
2018.5,2.1235681898134917,0.5408211232185522,0.2056505234732398,-0.228306713840507,-0.8536702621316985,0.472017595524671,0.0568248812278769,-0.1989771738262424,0.0758631268354841,0.0497103579954159,-0.0214675543197145,0.1867051698512031,-1.0819769759722055,1.1531068002967195,0.4066351536049271,2.6501368018952105,2.815374417426699,-0.01657880776746548
2019.5,2.157748969184664,0.5439722675789467,0.208488127285528,-0.2427143480350916,-0.9039462594203812,0.4838791081573526,0.0615413861146925,-0.2,0.08,0.05,-0.0221728717694077,0.1332214486000229,-1.1466606074554728,1.1606088613539796,0.4081484664895054,2.6471177173552167,2.7581662941858323,-0.008458613885307498
2020.5,2.190500302036935,0.5485462305499926,0.2122312063588519,-0.1946429833108439,-0.7910272952809829,0.4661180389196488,0.0306759701993075,-0.2009555659392803,0.0735317394644805,0.050420422440964,-0.0169686341312789,0.0963036107324756,-0.9856702785918268,1.1694785362883138,0.4087010993794698,2.794099164818542,2.8734341414197386,-0.04632743383452829
2021.5,2.221572925198618,0.55476528866468,0.2162609438583317,-0.2285367275673112,-0.8730161393350664,0.4838942173516976,0.0369090627768414,-0.2019170036312755,0.0790762286794224,0.0509920561882474,0.0195572424081152,0.1534478061376971,-1.1015528669023775,1.1806901851883023,0.40966395266529,2.7496648048494747,2.922669853395288,-0.034939655986764295
2022.5,2.2539989145475148,0.5606911772120051,0.2202808635637377,-0.1984735143294634,-0.7662416686698292,0.4751058638697688,0.0409456584542668,-0.2028758546001867,0.0693970126881166,0.0515367428295075,0.0593930607808931,0.0959181619806166,-0.9647151829992926,1.1915745144216863,0.41060247364594366,2.9149676692113817,3.070278891972891,-0.04099644062829581
2023.5,2.284366607080304,0.56458072956922,0.2233681659730745,-0.2611715080462807,-0.9108303842632876,0.5059605762436984,0.0500602742060728,-0.203772512812091,0.077565260535776,0.0518942566761716,0.0819815979437634,0.2074542135287921,-1.1720018923095683,1.1986746833088913,0.410725787766597,2.792747252929255,3.0821830644018116,-0.02425272139407058
