YYYY,CO2,CH4,N2O,HFC-134a,HFC-23,HFC-32,HFC-125,HFC-143a,HFC-152a,HFC-227ea,HFC-236fa,HFC-245fa,HFC-365mfc,HFC-43-10mee,NF3,SF6,SO2F2,CF4,C2F6,C3F8,c-C4F8,CFC-12,CFC-11,CFC-113,CFC-114,CFC-115,CFC-13,HCFC-22,HCFC-141b,HCFC-142b,CH3CCl3,CCl4,CH3Cl,CH3Br,CH2Cl2,CHCl3,Halon-1211,Halon-1301,Halon-2402,n-C4F10,n-C5F12,n-C6F14,i-C6F14,C7F16,C8F18,CFC-112,CFC-112a,CFC-113a,CFC-114a,HCFC-133a,HCFC-31,HCFC-124
1750,278.37785700000006,729.2,270.1,0.0,0.0,0.0002183888945183,0.0,0.0,0.0,3.9529038221e-06,0.0,0.0,0.0,0.0,0.0,0.0,2.1002043139e-05,34.0499999968418,1.2887821641e-06,0.0,0.0,0.0,0.0,0.0,0.0,0.0,0.0,0.0,0.0,0.0,0.0,0.0250004286778735,457.0,5.2999978176457105,6.91,4.8,0.0044465725806451,0.0,0.0,0.0,0.0,0.0,0.0,0.0,0.0,0.0,0.0,0.0,0.0,0.0,0.0,0.0
1850,285.583545,807.6,272.1,0.0,0.0,0.0002183888945183,0.0,0.0,0.0,3.9529038221e-06,0.0,0.0,0.0,0.0,0.0,0.0,2.1002043139e-05,34.0499999968418,1.2887821641e-06,0.0,0.0,0.0,0.0,0.0,0.0,0.0,0.0,0.0,0.0,0.0,0.0,0.0250004286778735,457.0,5.2999978176457105,6.91276128022014,4.8,0.0044465725806451,0.0,0.0,0.0,0.0,0.0,0.0,0.0,0.0,0.0,0.0,0.0,0.0,0.0,0.0,0.0
1851,285.7055531568127,807.768974281425,272.181132098858,0.0,0.0,0.0002209283002685,0.0,0.0,0.0,3.99886782e-06,0.0,0.0,0.0,0.0,0.0,0.0,2.12491259994e-05,34.0499999968418,1.03102573128e-05,0.0,0.0,0.0,0.0,0.0,0.0,0.0,0.0,0.0,0.0,0.0,0.0,0.0250004286778735,457.0,5.2999978176457105,6.91276128022014,4.8,0.0044465725806451,0.0,0.0,0.0,0.0,0.0,0.0,0.0,0.0,0.0,0.0,0.0,0.0,0.0,0.0,0.0
1852,285.84358836930284,808.5228484651939,272.262214148888,0.0,0.0,0.0002234677060187,0.0,0.0,0.0,4.0448318179e-06,0.0,0.0,0.0,0.0,0.0,0.0,2.14962088599e-05,34.0499999968417,2.06673598077e-05,0.0,0.0,0.0,0.0,0.0,0.0,0.0,0.0,0.0,0.0,0.0,0.0,0.0250004286778735,457.0,5.2999978176457105,6.91276128022014,4.8,0.0044465725806451,0.0,0.0,0.0,0.0,0.0,0.0,0.0,0.0,0.0,0.0,0.0,0.0,0.0,0.0,0.0
1853,285.9676049474529,809.7686049731809,272.365268855168,0.0,0.0,0.000226007111769,0.0,0.0,0.0,4.0907958159e-06,0.0,0.0,0.0,0.0,0.0,0.0,2.17432917203e-05,34.0499999968415,3.10744549386e-05,0.0,0.0,0.0,0.0,0.0,0.0,0.0,0.0,0.0,0.0,0.0,0.0,0.0250004286778735,457.0,5.2999978176457105,6.91276128022014,4.8,0.0044465725806451,0.0,0.0,0.0,0.0,0.0,0.0,0.0,0.0,0.0,0.0,0.0,0.0,0.0,0.0,0.0
1854,286.0736324719537,811.1015196842941,272.471344801683,0.0,0.0,0.0002285465175192,0.0,0.0,0.0,4.1367598138e-06,0.0,0.0,0.0,0.0,0.0,0.0,2.19903745808e-05,34.0499999968413,4.15132507514e-05,0.0,0.0,0.0,0.0,0.0,0.0,0.0,0.0,0.0,0.0,0.0,0.0,0.0250004286778735,457.0,5.2999978176457105,6.91276128022014,4.8,0.0044465725806451,0.0,0.0,0.0,0.0,0.0,0.0,0.0,0.0,0.0,0.0,0.0,0.0,0.0,0.0,0.0
1855,286.1596246497759,812.7062849813431,272.585446871244,0.0,0.0,0.0002310859232694,0.0,0.0,0.0,4.1827238117e-06,0.0,0.0,0.0,0.0,0.0,0.0,2.22374574413e-05,34.0499999968412,5.20028595643e-05,0.0,0.0,0.0,0.0,0.0,0.0,0.0,0.0,0.0,0.0,0.0,0.0,0.0250004286778735,457.0,5.2999978176457105,6.91276128022014,4.8,0.0044465725806451,0.0,0.0,0.0,0.0,0.0,0.0,0.0,0.0,0.0,0.0,0.0,0.0,0.0,0.0,0.0
1856,286.25862758626374,814.1752470557369,272.700494985727,0.0,0.0,0.0002336253290196,0.0,0.0,0.0,4.2286878097e-06,0.0,0.0,0.0,0.0,0.0,0.0,2.24845403017e-05,34.049999996841,6.25495738772e-05,0.0,0.0,0.0,0.0,0.0,0.0,0.0,0.0,0.0,0.0,0.0,0.0,0.0250004286778735,457.0,5.2999978176457105,6.91276128022014,4.8,0.0044465725806451,0.0,0.0,0.0,0.0,0.0,0.0,0.0,0.0,0.0,0.0,0.0,0.0,0.0,0.0,0.0
1857,286.4046647207501,815.83610366138,272.804587289663,0.0,0.0,0.0002361647347698,0.0,0.0,0.0,4.2746518076e-06,0.0,0.0,0.0,0.0,0.0,0.0,2.27316231622e-05,34.0499999968408,7.31596961901e-05,0.0,0.0,0.0,0.0,0.0,0.0,0.0,0.0,0.0,0.0,0.0,0.0,0.0250004286778735,457.0,5.2999978176457105,6.91276128022014,4.8,0.0044465725806451,0.0,0.0,0.0,0.0,0.0,0.0,0.0,0.0,0.0,0.0,0.0,0.0,0.0,0.0,0.0
1858,286.5606889868895,817.743908509212,272.892657865084,0.0,0.0,0.00023870414052,0.0,0.0,0.0,4.3206158055e-06,0.0,0.0,0.0,0.0,0.0,0.0,2.29787060226e-05,34.0499999968406,8.38395085029e-05,0.0,0.0,0.0,0.0,0.0,0.0,0.0,0.0,0.0,0.0,0.0,0.0,0.0250004286778735,457.0,5.2999978176457105,6.91276128022014,4.8,0.0044465725806451,0.0,0.0,0.0,0.0,0.0,0.0,0.0,0.0,0.0,0.0,0.0,0.0,0.0,0.0,0.0
1859,286.72776934372683,819.789713845324,273.03874235652,0.0,0.0,0.0002412435462702,0.0,0.0,0.0,4.3665798035e-06,0.0,0.0,0.0,0.0,0.0,0.0,2.32257888831e-05,34.0499999968404,9.45953158158e-05,0.0,0.0,0.0,0.0,0.0,0.0,0.0,0.0,0.0,0.0,0.0,0.0,0.0250004286778735,457.0,5.2999978176457105,6.91276128022014,4.8,0.0044465725806451,0.0,0.0,0.0,0.0,0.0,0.0,0.0,0.0,0.0,0.0,0.0,0.0,0.0,0.0,0.0
1860,286.9128387542145,821.7106412517489,273.206830021785,0.0,0.0,0.0002437829520205,0.0,0.0,0.0,4.4125438014e-06,0.0,0.0,0.0,0.0,0.0,0.0,2.34728717435e-05,34.0499999968403,0.0001054334031287,0.0,0.0,0.0,0.0,0.0,0.0,0.0,0.0,0.0,0.0,0.0,0.0,0.0250004286778735,457.0,5.2999978176457105,6.91276128022014,4.8,0.0044465725806451,0.0,0.0,0.0,0.0,0.0,0.0,0.0,0.0,0.0,0.0,0.0,0.0,0.0,0.0,0.0
1861,287.09790816470115,823.8025281308301,273.397897423377,0.0,0.0,0.0002463223577707,0.0,0.0,0.0,4.4585077993e-06,0.0,0.0,0.0,0.0,0.0,0.0,2.3719954604e-05,34.0499999968401,0.0001163600754416,0.0,0.0,0.0,0.0,0.0,0.0,0.0,0.0,0.0,0.0,0.0,0.0,0.0250004286778735,457.0,5.2999978176457105,6.91276128022014,4.8,0.0044465725806451,0.0,0.0,0.0,0.0,0.0,0.0,0.0,0.0,0.0,0.0,0.0,0.0,0.0,0.0,0.0
1862,287.25594818218406,826.4373837599111,273.580969219501,0.0,0.0,0.0002488617635209,0.0,0.0,0.0,4.5044717973e-06,0.0,0.0,0.0,0.0,0.0,0.0,2.39670374645e-05,34.0500999968399,0.0001273816227544,0.0,0.0,0.0,0.0,0.0,0.0,0.0,0.0,0.0,0.0,0.0,0.0,0.0250004286778735,457.0,5.2999978176457105,6.91276128022014,4.8,0.0044465725806451,0.0,0.0,0.0,0.0,0.0,0.0,0.0,0.0,0.0,0.0,0.0,0.0,0.0,0.0,0.0
1863,287.4179891606641,829.579258431961,273.743044921875,0.0,0.0,0.0002514011692711,0.0,0.0,0.0,4.5504357952e-06,0.0,0.0,0.0,0.0,0.0,0.0,2.42141203249e-05,34.0500999968397,0.0001385043350673,0.0,0.0,0.0,0.0,0.0,0.0,0.0,0.0,0.0,0.0,0.0,0.0,0.0250004286778735,457.0,5.2999978176457105,6.91276128022014,4.8,0.0044465725806451,0.0,0.0,0.0,0.0,0.0,0.0,0.0,0.0,0.0,0.0,0.0,0.0,0.0,0.0,0.0
1864,287.5800301391441,833.022036424324,273.899139178936,0.0,0.0,0.0002539405750213,0.0,0.0,0.0,4.5963997931e-06,0.0,0.0,0.0,0.0,0.0,0.0,2.44612031854e-05,34.0500999968396,0.0001497345023802,0.0,0.0,0.0,0.0,0.0,0.0,0.0,0.0,0.0,0.0,0.0,0.0,0.0250004286778735,457.0,5.2999978176457105,6.91276128022014,4.8,0.0044465725806451,0.0,0.0,0.0,0.0,0.0,0.0,0.0,0.0,0.0,0.0,0.0,0.0,0.0,0.0,0.0
1865,287.7431095349834,836.3169872682489,274.066189246544,0.0,0.0,0.0002564799807715,0.0,0.0,0.0,4.6423637911e-06,0.0,0.0,0.0,0.0,0.0,0.0,2.47082860458e-05,34.0500999968394,0.0001610784596931,0.0,0.0,0.0,0.0,0.0,0.0,0.0,0.0,0.0,0.0,0.0,0.0,0.0250004286778735,457.0,5.2999978176457105,6.91276128022014,4.8,0.0044465725806451,0.0,0.0,0.0,0.0,0.0,0.0,0.0,0.0,0.0,0.0,0.0,0.0,0.0,0.0,0.0
1866,287.9011495524652,839.7897945574861,274.2412654372,0.0,0.0,0.0002590193865217,0.0,0.0,0.0,4.688327789e-06,0.0,0.0,0.0,0.0,0.0,0.0,2.49553689063e-05,34.0500999968392,0.0001725424170059,0.0,0.0,0.0,0.0,0.0,0.0,0.0,0.0,0.0,0.0,0.0,0.0,0.0250004286778735,457.0,5.2999978176457105,6.91276128022014,4.8,0.0044465725806451,0.0,0.0,0.0,0.0,0.0,0.0,0.0,0.0,0.0,0.0,0.0,0.0,0.0,0.0,0.0
1867,288.06618361627324,843.4275798740671,274.413350905198,0.0,0.0,0.000261558792272,0.0,0.0,0.0,4.7342917869e-06,0.0,0.0,0.0,0.0,0.0,0.0,2.52024517668e-05,34.0501999968391,0.0001841327743188,0.0,0.0,0.0,0.0,0.0,0.0,0.0,0.0,0.0,0.0,0.0,0.0,0.0250004286778735,457.0,5.2999978176457105,6.91276128022014,4.8,0.0044465725806451,0.0,0.0,0.0,0.0,0.0,0.0,0.0,0.0,0.0,0.0,0.0,0.0,0.0,0.0,0.0
1868,288.20724245577605,846.686458940648,274.598436861478,0.0,0.0,0.0002640981980222,0.0,0.0,0.0,4.7802557848e-06,0.0,0.0,0.0,0.0,0.0,0.0,2.54495346272e-05,34.0501999968389,0.0001958557316317,0.0,0.0,0.0,0.0,0.0,0.0,0.0,0.0,0.0,0.0,0.0,0.0,0.0250004286778735,457.0,5.2999978176457105,6.91276128022014,4.8,0.0044465725806451,0.0,0.0,0.0,0.0,0.0,0.0,0.0,0.0,0.0,0.0,0.0,0.0,0.0,0.0,0.0
1869,288.31824827526043,849.572230097073,274.775496694712,0.0,0.0,0.0002666376037724,0.0,0.0,0.0,4.8262197828e-06,0.0,0.0,0.0,0.0,0.0,0.0,2.56966174877e-05,34.0501999968387,0.0002077176389446,0.0,0.0,0.0,0.0,0.0,0.0,0.0,0.0,0.0,0.0,0.0,0.0,0.0250004286778735,457.0,5.2999978176457105,6.91276128022014,4.8,0.0044465725806451,0.0,0.0,0.0,0.0,0.0,0.0,0.0,0.0,0.0,0.0,0.0,0.0,0.0,0.0,0.0
1870,288.4392717680846,851.8820124839671,274.941600717398,0.0,0.0,0.0002691770095226,0.0,0.0,0.0,4.8721837807e-06,0.0,0.0,0.0,0.0,0.0,0.0,2.59437003481e-05,34.0501999968385,0.0002197247962574,0.0,0.0,0.0,0.0,0.0,0.0,0.0,0.0,0.0,0.0,0.0,0.0,0.0250004286778735,457.0,5.2999978176457105,6.91276128022014,4.8,0.0044465725806451,0.0,0.0,0.0,0.0,0.0,0.0,0.0,0.0,0.0,0.0,0.0,0.0,0.0,0.0,0.0
1871,288.5692745168895,853.444907663829,275.131661038912,0.0,0.0,0.0002717164152728,0.0,0.0,0.0,4.9181477786e-06,0.0,0.0,0.0,0.0,0.0,0.0,2.61907832086e-05,34.0502999968383,0.0002318834535703,0.0,0.0,0.0,0.0,0.0,0.0,0.0,0.0,0.0,0.0,0.0,0.0,0.0250004286778735,457.0,5.2999978176457105,6.91276128022014,4.8,0.0044465725806451,0.0,0.0,0.0,0.0,0.0,0.0,0.0,0.0,0.0,0.0,0.0,0.0,0.0,0.0,0.0
1872,288.73033816138616,854.6896876093169,275.313725754958,0.0,0.0,0.000274255821023,0.0,0.0,0.0,4.9641117766e-06,0.0,0.0,0.0,0.0,0.0,0.0,2.64378660691e-05,34.0502999968382,0.0002441999608832,0.0,0.0,0.0,0.0,0.0,0.0,0.0,0.0,0.0,0.0,0.0,0.0,0.0250004286778735,457.0,5.2999978176457105,6.91276128022014,4.8,0.0044465725806451,0.0,0.0,0.0,0.0,0.0,0.0,0.0,0.0,0.0,0.0,0.0,0.0,0.0,0.0,0.0
1873,288.91739278152846,855.629780054804,275.492830265925,0.0,0.0,0.0002767952267732,0.0,0.0,0.0,5.0100757745e-06,0.0,0.0,0.0,0.0,0.0,0.0,2.66849489295e-05,34.050299996838,0.000256680568196,0.0,0.0,0.0,0.0,0.0,0.0,0.0,0.0,0.0,0.0,0.0,0.0,0.0250004286778735,457.0,5.2999978176457105,6.91276128022014,4.8,0.0044465725806451,0.0,0.0,0.0,0.0,0.0,0.0,0.0,0.0,0.0,0.0,0.0,0.0,0.0,0.0,0.0
1874,289.10948678002904,857.2864862698231,275.665892296424,0.0,0.0,0.0002793346325234,0.0,0.0,0.0,5.0560397724e-06,0.0,0.0,0.0,0.0,0.0,0.0,2.693203179e-05,34.0503999968379,0.0002693315755089,0.0,0.0,0.0,0.0,0.0,0.0,0.0,0.0,0.0,0.0,0.0,0.0,0.0250004286778735,457.0,5.2999978176457105,6.91276128022014,4.8,0.0044465725806451,0.0,0.0,0.0,0.0,0.0,0.0,0.0,0.0,0.0,0.0,0.0,0.0,0.0,0.0,0.0
1875,289.3305648395031,858.9403238324979,275.841975567157,0.0,0.0,0.0002818740382737,0.0,0.0,0.0,5.1020037704e-06,0.0,0.0,0.0,0.0,0.0,0.0,2.71791146504e-05,34.0503999968377,0.0002821592828218,0.0,0.0,0.0,0.0,0.0,0.0,0.0,0.0,0.0,0.0,0.0,0.0,0.0250004286778735,457.0,5.2999978176457105,6.91276128022014,4.8,0.0044465725806451,0.0,0.0,0.0,0.0,0.0,0.0,0.0,0.0,0.0,0.0,0.0,0.0,0.0,0.0,0.0
1876,289.5506655649928,860.33525026236,275.999046386719,0.0,0.0,0.0002844134440239,0.0,0.0,0.0,5.1479677683e-06,0.0,0.0,0.0,0.0,0.0,0.0,2.74261975109e-05,34.0504999968375,0.0002951699901346,0.0,0.0,0.0,0.0,0.0,0.0,0.0,0.0,0.0,0.0,0.0,0.0,0.0250004286778735,457.0,5.2999978176457105,6.91276128022014,4.8,0.0044465725806451,0.0,0.0,0.0,0.0,0.0,0.0,0.0,0.0,0.0,0.0,0.0,0.0,0.0,0.0,0.0
1877,289.77378991749634,861.8600595047219,276.13512111253,0.0,0.0,0.0002869528497741,0.0,0.0,0.0,5.1939317662e-06,0.0,0.0,0.0,0.0,0.0,0.0,2.76732803713e-05,34.0504999968373,0.0003083699974475,0.0,0.0,0.0,0.0,0.0,0.0,0.0,0.0,0.0,0.0,0.0,0.0,0.0250004286778735,457.0,5.2999978176457105,6.91276128022014,4.8,0.0044465725806451,0.0,0.0,0.0,0.0,0.0,0.0,0.0,0.0,0.0,0.0,0.0,0.0,0.0,0.0,0.0
1878,290.0058935259825,863.624981051772,276.280198523888,0.0,0.0,0.0002894922555243,0.0,0.0,0.0,5.2398957642e-06,0.0,0.0,0.0,0.0,0.0,0.0,2.79203632318e-05,34.0505999968371,0.0003217655547604,0.0,0.0,0.0,0.0,0.0,0.0,0.0,0.0,0.0,0.0,0.0,0.0,0.0250004286778735,457.0,5.2999978176457105,6.91276128022014,4.8,0.0044465725806451,0.0,0.0,0.0,0.0,0.0,0.0,0.0,0.0,0.0,0.0,0.0,0.0,0.0,0.0,0.0
1879,290.2249863758,865.7738137316351,276.418287409856,0.0,0.0,0.0002920316612745,0.0,0.0,0.0,5.2858597621e-06,0.0,0.0,0.0,0.0,0.0,0.0,2.81674460923e-05,34.050599996837,0.0003353630120733,0.0,0.0,0.0,0.0,0.0,0.0,0.0,0.0,0.0,0.0,0.0,0.0,0.0250004286778735,457.0,5.2999978176457105,6.91276128022014,4.8,0.0044465725806451,0.0,0.0,0.0,0.0,0.0,0.0,0.0,0.0,0.0,0.0,0.0,0.0,0.0,0.0,0.0
1880,290.46509190628245,868.1916283450911,276.557352858323,0.0,0.0,0.0002945710670247,0.0,0.0,0.0,5.33182376e-06,0.0,0.0,0.0,0.0,0.0,0.0,2.84145289527e-05,34.0506999968368,0.0003491686693861,0.0,0.0,0.0,0.0,0.0,0.0,0.0,0.0,0.0,0.0,0.0,0.0,0.0250004286778735,457.0,5.2999978176457105,6.91276128022014,4.8,0.0044465725806451,0.0,0.0,0.0,0.0,0.0,0.0,0.0,0.0,0.0,0.0,0.0,0.0,0.0,0.0,0.0
1881,290.7232170321021,870.484503993703,276.673438570463,0.0,0.0,0.0002971104727749,0.0,0.0,0.0,5.377787758e-06,0.0,0.0,0.0,0.0,0.0,0.0,2.86616118132e-05,34.0506999968366,0.000363188776699,0.0,0.0,0.0,0.0,0.0,0.0,0.0,0.0,0.0,0.0,0.0,0.0,0.0250004286778735,457.0,5.2999978176457105,6.91276128022014,4.8,0.0044465725806451,0.0,0.0,0.0,0.0,0.0,0.0,0.0,0.0,0.0,0.0,0.0,0.0,0.0,0.0,0.0
1882,290.99636866793105,872.7553459509089,276.792515005258,0.0,0.0,0.0002996498785252,0.0,0.0,0.0,5.4237517559e-06,0.0,0.0,0.0,0.0,0.0,0.0,2.89086946736e-05,34.0507999968364,0.0003774296340119,0.0,0.0,0.0,0.0,0.0,0.0,0.0,0.0,0.0,0.0,0.0,0.0,0.0250004286778735,457.0,5.2999978176457105,6.91276128022014,4.8,0.0044465725806451,0.0,0.0,0.0,0.0,0.0,0.0,0.0,0.0,0.0,0.0,0.0,0.0,0.0,0.0,0.0
1883,291.23146536174414,875.113224040928,276.904572397085,0.0,0.0,0.0003021892842754,0.0,0.0,0.0,5.4697157538e-06,0.0,0.0,0.0,0.0,0.0,0.0,2.91557775341e-05,34.0508999968363,0.0003918974913248,0.0,0.0,0.0,0.0,0.0,0.0,0.0,0.0,0.0,0.0,0.0,0.0,0.0250004286778735,457.0,5.2999978176457105,6.91276128022014,4.8,0.0044465725806451,0.0,0.0,0.0,0.0,0.0,0.0,0.0,0.0,0.0,0.0,0.0,0.0,0.0,0.0,0.0
1884,291.4715708922267,877.6631187325089,277.015653226412,0.0,0.0,0.0003047286900256,0.0,0.0,0.0,5.5156797518e-06,0.0,0.0,0.0,0.0,0.0,0.0,2.94028603946e-05,34.0509999968361,0.0004065987486377,0.0,0.0,0.0,0.0,0.0,0.0,0.0,0.0,0.0,0.0,0.0,0.0,0.0250004286778735,457.0,5.2999978176457105,6.91276128022014,4.8,0.0044465725806451,0.0,0.0,0.0,0.0,0.0,0.0,0.0,0.0,0.0,0.0,0.0,0.0,0.0,0.0,0.0
1885,291.7477156133825,880.5449226037779,277.122736253005,0.0,0.0,0.0003072680957758,0.0,0.0,0.0,5.5616437497e-06,0.0,0.0,0.0,0.0,0.0,0.0,2.9649943255e-05,34.0509999968359,0.0004215400059505,0.0,0.0,0.0,0.0,0.0,0.0,0.0,0.0,0.0,0.0,0.0,0.0,0.0250004286778735,457.0,5.2999978176457105,6.91276128022014,4.8,0.0044465725806451,0.0,0.0,0.0,0.0,0.0,0.0,0.0,0.0,0.0,0.0,0.0,0.0,0.0,0.0,0.0
1886,292.0418799298755,883.363860264109,277.219809513972,0.0,0.0,0.000309807501526,0.0,0.0,0.0,5.6076077476e-06,0.0,0.0,0.0,0.0,0.0,0.0,2.98970261155e-05,34.0510999968357,0.0004367267632634,0.0,0.0,0.0,0.0,0.0,0.0,0.0,0.0,0.0,0.0,0.0,0.0,0.0250004286778735,457.0,5.2999978176457105,6.91276128022014,4.8,0.0044465725806451,0.0,0.0,0.0,0.0,0.0,0.0,0.0,0.0,0.0,0.0,0.0,0.0,0.0,0.0,0.0
1887,292.3470392536937,886.4625830806899,277.33690230619,0.0,0.0,0.0003123469072762,0.0,0.0,0.0,5.6535717456e-06,0.0,0.0,0.0,0.0,0.0,0.0,3.01441089759e-05,34.0511999968356,0.0004521660205763,0.0,0.0,0.0,0.0,0.0,0.0,0.0,0.0,0.0,0.0,0.0,0.0,0.0250004286778735,457.0,5.2999978176457105,6.91276128022014,4.8,0.0044465725806451,0.0,0.0,0.0,0.0,0.0,0.0,0.0,0.0,0.0,0.0,0.0,0.0,0.0,0.0,0.0
1888,292.687229892513,889.4605368543031,277.428970684345,0.0,0.0,0.0003148863130264,0.0,0.0,0.0,5.6995357435e-06,0.0,0.0,0.0,0.0,0.0,0.0,3.03911918364e-05,34.0512999968354,0.0004678632778892,0.0,0.0,0.0,0.0,0.0,0.0,0.0,0.0,0.0,0.0,0.0,0.0,0.0250004286778735,457.0,5.2999978176457105,6.91276128022014,4.8,0.0044465725806451,0.0,0.0,0.0,0.0,0.0,0.0,0.0,0.0,0.0,0.0,0.0,0.0,0.0,0.0,0.0
1889,293.0284284070045,892.6953680693209,277.547040039062,0.0,0.0,0.0003174257187766,0.0,0.0,0.0,5.7454997414e-06,0.0,0.0,0.0,0.0,0.0,0.0,3.06382746969e-05,34.0513999968352,0.000483826035202,0.0,0.0,0.0,0.0,0.0,0.0,0.0,0.0,0.0,0.0,0.0,0.0,0.0250004286778735,457.0,5.2999978176457105,6.91276128022014,4.8,0.0044465725806451,0.0,0.0,0.0,0.0,0.0,0.0,0.0,0.0,0.0,0.0,0.0,0.0,0.0,0.0,0.0
1890,293.3646180848257,895.927208561684,277.636117694561,0.0,0.0,0.0003199651245269,0.0,0.0,0.0,5.7914637393e-06,0.0,0.0,0.0,0.0,0.0,0.0,3.08853575573e-05,34.051499996835,0.0005000592925149,0.0,0.0,0.0,0.0,0.0,0.0,0.0,0.0,0.0,0.0,0.0,0.0,0.0250004286778735,457.0,5.2999978176457105,6.91276128022014,4.8,0.0044465725806451,0.0,0.0,0.0,0.0,0.0,0.0,0.0,0.0,0.0,0.0,0.0,0.0,0.0,0.0,0.0
1891,293.7138185213135,899.21514036264,277.717199744591,0.0,0.0,0.0003225045302771,0.0,0.0,0.0,5.8374277373e-06,0.0,0.0,0.0,0.0,0.0,0.0,3.11324404178e-05,34.0515999968349,0.0005165705498278,3.28065257e-08,0.0,0.0,0.0,0.0,0.0,0.0,0.0,0.0,0.0,0.0,0.0,0.0250004286778735,457.0,5.2999978176457105,6.91276128022014,4.8,0.0044465725806451,0.0,0.0,0.0,0.0,0.0,0.0,0.0,0.0,0.0,0.0,0.0,0.0,0.0,0.0,0.0
1892,294.05599436978946,903.087911030784,277.819277888371,0.0,0.0,0.0003250439360273,0.0,0.0,0.0,5.8833917352e-06,0.0,0.0,0.0,0.0,0.0,0.0,3.13795232782e-05,34.0516999968347,0.0005333653071407,3.04819e-07,0.0,0.0,0.0,0.0,0.0,0.0,0.0,0.0,0.0,0.0,0.0,0.0250004286778735,457.0,5.2999978176457105,6.91276128022014,4.8,0.0044465725806451,0.0,0.0,0.0,0.0,0.0,0.0,0.0,0.0,0.0,0.0,0.0,0.0,0.0,0.0,0.0
1893,294.3571527326085,906.832690976271,277.938354323167,0.0,0.0,0.0003275833417775,0.0,0.0,0.0,5.9293557331e-06,0.0,0.0,0.0,0.0,0.0,0.0,3.16266061387e-05,34.0517999968345,0.0005504500644535,6.92283e-07,0.0,0.0,0.0,0.0,0.0,0.0,0.0,0.0,0.0,0.0,0.0,0.0250004286778735,457.0,5.2999978176457105,6.91276128022014,4.8,0.0044465725806451,0.0,0.0,0.0,0.0,0.0,0.0,0.0,0.0,0.0,0.0,0.0,0.0,0.0,0.0,0.0
1894,294.6623120564258,910.041582249883,278.080441011869,0.0,0.0,0.0003301227475277,0.0,0.0,0.0,5.9753197311e-06,0.0,0.0,0.0,0.0,0.0,0.0,3.18736889991e-05,34.0518999968344,0.0005678308217664,1.24217e-06,0.0,0.0,0.0,0.0,0.0,0.0,0.0,0.0,0.0,0.0,0.0,0.0250004286778735,457.0,5.2999978176457105,6.91276128022014,4.8,0.0044465725806451,0.0,0.0,0.0,0.0,0.0,0.0,0.0,0.0,0.0,0.0,0.0,0.0,0.0,0.0,0.0
1895,294.9414804045964,912.794235730527,278.229516225962,0.0,0.0,0.0003326621532779,0.0,0.0,0.0,6.021283729e-06,0.0,0.0,0.0,0.0,0.0,0.0,3.21207718596e-05,34.0520999968342,0.0005855145790792,1.95879e-06,0.0,0.0,0.0,0.0,0.0,0.0,0.0,0.0,0.0,0.0,0.0,0.0250004286778735,457.0,5.2999978176457105,6.91276128022014,4.8,0.0044465725806451,0.0,0.0,0.0,0.0,0.0,0.0,0.0,0.0,0.0,0.0,0.0,0.0,0.0,0.0,0.0
1896,295.21860245973755,914.344191457264,278.344594858023,0.0,0.0,0.0003352015590281,0.0,0.0,0.0,6.0672477269e-06,0.0,0.0,0.0,0.0,0.0,0.0,3.23678547201e-05,34.052199996834,0.0006035068363921,2.84641e-06,0.0,0.0,0.0,0.0,0.0,0.0,0.0,0.0,0.0,0.0,0.0,0.0250004286778735,457.0,5.2999978176457105,6.91276128022014,4.8,0.0044465725806451,0.0,0.0,0.0,0.0,0.0,0.0,0.0,0.0,0.0,0.0,0.0,0.0,0.0,0.0,0.0
1897,295.49074621989524,915.852277066814,278.463671292818,0.0,0.0,0.0003377409647784,0.0,0.0,0.0,6.1132117249e-06,0.0,0.0,0.0,0.0,0.0,0.0,3.26149375805e-05,34.0522999968338,0.000621814593705,3.90934e-06,0.0,0.0,0.0,0.0,0.0,0.0,0.0,0.0,0.0,0.0,0.0,0.0250004286778735,457.0,5.2999978176457105,6.91276128022014,4.8,0.0044465725806451,0.0,0.0,0.0,0.0,0.0,0.0,0.0,0.0,0.0,0.0,0.0,0.0,0.0,0.0,0.0
1898,295.78991937305767,918.600047734958,278.582747727614,0.0,0.0,0.0003402803705286,0.0,0.0,0.0,6.1591757228e-06,0.0,0.0,0.0,0.0,0.0,0.0,3.2862020441e-05,34.0524999968336,0.0006404438510178,5.1518699999e-06,0.0,0.0,0.0,0.0,0.0,0.0,0.0,0.0,0.0,0.0,0.0,0.0250004286778735,457.0,5.2999978176457105,6.91276128022014,4.8,0.0044465725806451,0.0,0.0,0.0,0.0,0.0,0.0,0.0,0.0,0.0,0.0,0.0,0.0,0.0,0.0,0.0
1899,296.1270863848641,921.868875532008,278.734813664363,0.0,0.0,0.0003428197762788,0.0,0.0,0.0,6.2051397207e-06,0.0,0.0,0.0,0.0,0.0,0.0,3.31091033014e-05,34.0525999968335,0.0006594006083307,6.5783e-06,0.0,0.0,0.0,0.0,0.0,0.0,0.0,0.0,0.0,0.0,0.0,0.0250004286778735,457.0,5.2999978176457105,6.91276128022014,4.8,0.0044465725806451,0.0,0.0,0.0,0.0,0.0,0.0,0.0,0.0,0.0,0.0,0.0,0.0,0.0,0.0,0.0
1900,296.49329854101796,925.1446613368701,278.88788668119,0.0,0.0,0.000345359182029,0.0,0.0,0.0,6.2511037187e-06,0.0,0.0,0.0,0.0,0.0,0.0,3.33561861619e-05,34.0527999968333,0.0006786918656437,8.19291e-06,0.0,0.0,0.0,0.0,0.0,0.0,0.0,0.0,0.0,0.0,0.0,0.0250003768272369,456.999999999998,5.299997817646471,6.91276128022004,4.79999999968078,0.0044465699997991,0.0,0.0,0.0,0.0,0.0,0.0,0.0,0.0,0.0,0.0,0.0,0.0,0.0,0.0,0.0
1901,296.81647746017234,928.397742063608,279.053960186298,0.0,0.0,0.0003478985877792,0.0,0.0,0.0,6.2970677166e-06,0.0,0.0,0.0,0.0,0.0,0.0,3.36032690224e-05,34.052899996833,0.0007011479094043,9.9999999999e-06,0.0,0.0,0.0,0.0,0.0,0.0,0.0,0.0,0.0,0.0,0.0,0.0250004944769045,456.999999999998,5.29999781764472,6.9127612802198,4.800000000411591,0.0044465699992931,0.0,0.0,0.0,0.0,0.0,0.0,0.0,0.0,0.0,0.0,0.0,0.0,0.0,0.0,0.0
1902,297.12566828667457,932.3333789426889,279.309053466797,0.0,0.0,0.0003504379935294,0.0,0.0,0.0,6.3430317145e-06,0.0,0.0,0.0,0.0,0.0,0.0,3.38503518828e-05,34.0552999968324,0.0008848810012952,1.49999999999e-05,0.0,0.0,0.0,0.0,0.0,0.0,0.0,0.0,0.0,0.0,0.0,0.0250003439832293,457.0,5.29999781764703,6.91276128022012,4.799999999461369,0.0044465699998966,0.0,0.0,0.0,0.0,0.0,0.0,0.0,0.0,0.0,0.0,0.0,0.0,0.0,0.0,0.0
1903,297.4458235788151,936.390536817864,279.61111330003,0.0,0.0,0.0003529773992796,0.0,0.0,0.0,6.3889957125e-06,0.0,0.0,0.0,0.0,0.0,0.0,3.40974347433e-05,34.0579999968317,0.0011166411784158,2.49999999999e-05,0.0,0.0,0.0,0.0,0.0,0.0,0.0,0.0,0.0,0.0,0.0,0.0250005392500912,457.0,5.29999781764392,6.91276128022016,4.80000000071541,0.0044465699999999,0.0,0.0,0.0,0.0,0.0,0.0,0.0,0.0,0.0,0.0,0.0,0.0,0.0,0.0,0.0
1904,297.73699480998124,941.726198111008,279.894191199669,0.0,0.0,0.0003555168050299,0.0,0.0,0.0,6.4349597104e-06,0.0,0.0,0.0,0.0,0.0,0.0,3.43445176037e-05,34.0607999968309,0.0013829462109654,3.5e-05,0.0,0.0,0.0,0.0,0.0,0.0,0.0,0.0,0.0,0.0,0.0,0.0250002822678021,457.0,5.29999781764817,6.912761280220111,4.79999999903558,0.00444657,0.0,0.0,0.0,0.0,0.0,0.0,0.0,0.0,0.0,0.0,0.0,0.0,0.0,0.0,0.0
1905,298.0631668144626,947.06008938462,280.174278376653,0.0,0.0,0.0003580562107801,0.0,0.0,0.0,6.4809237083e-06,0.0,0.0,0.0,0.0,0.0,0.0,3.45916004642e-05,34.0641999968302,0.0017163676861376,5e-05,0.0,0.0,0.0,0.0,0.0,0.0,0.0,0.0,0.0,0.0,0.0,0.0250006252896569,457.0,5.299997817642289,6.91276128022018,4.80000000009543,0.0044465699999999,0.0,0.0,0.0,0.0,0.0,0.0,0.0,0.0,0.0,0.0,0.0,0.0,0.0,0.0,0.0
1906,298.42736321927384,952.7140490176071,280.456349196214,0.0,0.0,0.0003605956165303,0.0,0.0,0.0,6.5268877063e-06,0.0,0.0,0.0,0.0,0.0,0.0,3.48386833247e-05,34.0686999968295,0.0021963609396787,6e-05,0.0,0.0,0.0,0.0,0.0,0.0,0.0,0.0,0.0,0.0,0.0,0.0250001609283373,457.0,5.29999781765056,6.9127612802200895,4.79999998814534,0.0044465700000001,0.0,0.0,0.0,0.0,0.0,0.0,0.0,0.0,0.0,0.0,0.0,0.0,0.0,0.0,0.0
1907,298.8546282077641,958.7826204670009,280.759416109525,0.0,0.0,0.0003631350222805,0.0,0.0,0.0,6.5728517042e-06,0.0,0.0,0.0,0.0,0.0,0.0,3.50857661851e-05,34.0746999968288,0.0028726063668017,8.49999999999e-05,0.0,0.0,0.0,0.0,0.0,0.0,0.0,0.0,0.0,0.0,0.0,0.0250007983064334,457.0,5.29999781763876,6.912761280220209,4.7999999812374305,0.0044465699999998,0.0,0.0,0.0,0.0,0.0,0.0,0.0,0.0,0.0,0.0,0.0,0.0,0.0,0.0,0.0
1908,299.26588935225976,963.71667043202,281.101515005258,0.0,0.0,0.0003656744280307,0.0,0.0,0.0,6.6188157021e-06,0.0,0.0,0.0,0.0,0.0,0.0,3.53328490456e-05,34.082399996828,0.0037649905538575,0.0001099999999999,0.0,0.0,0.0,0.0,0.0,0.0,0.0,0.0,0.0,0.0,0.0,0.0249999135726263,457.0,5.29999781765585,6.91276128022003,4.79999996379058,0.0044465700000002,0.0,0.0,0.0,0.0,0.0,0.0,0.0,0.0,0.0,0.0,0.0,0.0,0.0,0.0,0.0
1909,299.675134745413,969.034570494695,281.447581186148,0.0,0.0,0.0003682138337809,0.0,0.0,0.0,6.6647797001e-06,0.0,0.0,0.0,0.0,0.0,0.0,3.5579931906e-05,34.0873999968273,0.0043349900566914,0.0001249999999999,0.0,0.0,0.0,0.0,0.0,0.0,0.0,0.0,0.0,0.0,0.0,0.02507337770321,457.0,5.29999781763072,6.9127612802203,4.79999996137288,0.0044465699999995,0.0,0.0,0.0,0.0,0.0,0.0,0.0,0.0,0.0,0.0,0.0,0.0,0.0,0.0,0.0
1910,300.1073780288868,974.4281541511191,281.8186717811,0.0,0.0,0.0003707532395311,0.0,0.0,0.0,6.710743698e-06,0.0,0.0,0.0,0.0,0.0,0.0,3.58270147665e-05,34.0982999968265,0.0056099895333603,0.00016,0.0,0.0,0.0,0.0,0.0,0.0,0.0,0.0,0.0,0.0,0.0,0.0253292816302634,457.0,5.29999781766822,6.9127612802199,4.79999993693518,0.0044465700000006,0.0,0.0,0.0,0.0,0.0,0.0,0.0,0.0,0.0,0.0,0.0,0.0,0.0,0.0,0.0
1911,300.55064686137075,979.1112275536381,282.232731126052,0.0,0.0,0.0003732926452813,0.0,0.0,0.0,6.7567076959e-06,0.0,0.0,0.0,0.0,0.0,0.0,3.60740976269e-05,34.1145999968249,0.007499988982481,0.0002099999999999,0.0,0.0,0.0,0.0,0.0,0.0,0.0,0.0,0.0,0.0,0.0,0.0812472341276829,457.0,5.29999781761142,6.912761280220489,4.79999994503168,0.0044465699999989,0.0,0.0,0.0,0.0,0.0,0.0,0.0,0.0,0.0,0.0,0.0,0.0,0.0,0.0,0.0
1912,301.0659940752034,983.256581229594,282.537812199519,0.0,0.0,0.0003758320510316,0.0,0.0,0.0,6.8026716938e-06,0.0,0.0,0.0,0.0,0.0,0.0,3.63211804874e-05,34.1297999968234,0.0092599884026152,0.0002649999999999,0.0,0.0,0.0,0.0,0.0,0.0,0.0,0.0,0.0,0.0,0.0,0.100000089185025,457.0,5.299997817698751,6.9127612802196,4.79999990317777,0.0044465700000016,0.0,0.0,0.0,0.0,0.0,0.0,0.0,0.0,0.0,0.0,0.0,0.0,0.0,0.0,0.0
1913,301.6143568526946,985.897906585238,282.887876183143,0.0,0.0,0.0003783714567818,0.0,0.0,0.0,6.8486356918e-06,0.0,0.0,0.0,0.0,0.0,0.0,3.65682633479e-05,34.1497999968218,0.0115699877922307,0.00033,0.0,0.0,0.0,0.0,0.0,0.0,0.0,0.0,0.0,0.0,0.0,0.116667016540033,457.00000000000097,5.29999781756245,6.91276128022098,4.7999999369107,0.0044465699999972,0.0,0.0,0.0,0.0,0.0,0.0,0.0,0.0,0.0,0.0,0.0,0.0,0.0,0.0,0.0
1914,302.11464701483004,988.2713486401,283.24895701247,0.0,0.0,0.000380910862532,0.0,0.0,0.0,6.8945996897e-06,0.0,0.0,0.0,0.0,0.0,0.0,3.68153462083e-05,34.1714999968202,0.0140849871497169,0.0003999999999999,0.0,0.0,0.0,0.0,0.0,0.0,0.0,0.0,0.0,0.0,0.0,0.193330538091404,456.99999999999903,5.29999781777837,6.91276128021881,4.79999985340877,0.0044465700000044,0.0,0.0,0.0,0.0,0.0,0.0,0.0,0.0,0.0,0.0,0.0,0.0,0.0,0.0,0.0
1915,302.62397751632096,991.1263580777751,283.587058105469,0.0,0.0,0.0003834502682822,0.0,0.0,0.0,6.9405636876e-06,0.0,0.0,0.0,0.0,0.0,0.0,3.70624290688e-05,34.1939999968186,0.0166849864733827,0.0004749999999999,0.0,0.0,0.0,0.0,0.0,0.0,0.0,0.0,0.0,0.0,0.0,0.316559706619616,457.000000000002,5.29999781743118,6.91276128022226,4.799999952859769,0.0044465699999926,0.0,0.0,0.0,0.0,0.0,0.0,0.0,0.0,0.0,0.0,0.0,0.0,0.0,0.0,0.0
1916,303.16333049614457,998.1240066756061,283.859119159405,0.0,0.0,0.0003859896740324,0.0,0.0,0.0,6.9865276856e-06,0.0,0.0,0.0,0.0,0.0,0.0,3.73095119292e-05,34.2197999968169,0.0196699857614512,0.0005599999999999,0.0,0.0,0.0,0.0,0.0,0.0,0.0,0.0,0.0,0.0,0.0,0.520652479728318,456.999999999997,5.299997817997849,6.9127612802167,4.7999997609447105,0.0044465700000124,0.0,0.0,0.0,0.0,0.0,0.0,0.0,0.0,0.0,0.0,0.0,0.0,0.0,0.0,0.0
1917,303.6806629196318,1003.24555664062,284.169205115685,0.0,0.0,0.0003885290797826,0.0,0.0,0.0,7.0324916835e-06,0.0,0.0,0.0,0.0,0.0,0.0,3.75565947897e-05,34.2563999968153,0.0239249850120543,0.0006800000000002,0.0,0.0,0.0,0.0,0.0,0.0,0.0,0.0,0.0,0.0,0.0,0.756340640584319,457.00000000000495,5.299997817059009,6.91276128022582,4.800000039225529,0.0044465699999785,0.0,0.0,0.0,0.0,0.0,0.0,0.0,0.0,0.0,0.0,0.0,0.0,0.0,0.0,0.0
1918,304.10991311777775,1009.81028287517,284.366284480168,0.0,0.0,0.0003910684855328,0.0,0.0,0.0,7.0784556814e-06,0.0,0.0,0.0,0.0,0.0,0.0,3.78036776502e-05,34.2974999968138,0.0286899842232248,0.0008150000000001,0.0,0.0,0.0,0.0,0.0,0.0,0.0,0.0,0.0,0.0,0.0,0.927673728531435,456.999999999991,5.299997818637911,6.91276128021064,4.79999954572718,0.0044465699998862,0.0,0.0,0.0,0.0,0.0,0.0,0.0,0.0,0.0,0.0,0.0,0.0,0.0,0.0,0.0
1919,304.4661381422785,1017.31507258629,284.41935139348,0.0,0.0,0.0003936078912831,0.0,0.0,0.0,7.1244196794e-06,0.0,0.0,0.0,0.0,0.0,0.0,3.80507605106e-05,34.3386999968122,0.033434983392879,0.0009500000000001,0.0,0.0,0.0,0.0,0.0,0.0,0.0,0.0,0.0,0.0,0.0,1.08436435041779,457.00000000001506,5.29999781594252,6.91276128023628,4.80000032310213,0.0044465699996332,0.0,0.0,0.0,0.0,0.0,0.0,0.0,0.0,0.0,0.0,0.0,0.0,0.0,0.0,0.0
1920,304.88940216977073,1024.75986473881,284.504431246244,0.0,0.0,0.0003961472970333,0.0,0.0,0.0,7.1703836773e-06,0.0,0.0,0.0,0.0,0.0,0.0,3.82978433711e-05,34.3757999968108,0.0377049825188043,0.0010700000000003,0.0,0.0,0.0,0.0,0.0,0.0,0.0,0.0,0.0,0.0,0.0,1.17603772641889,456.99999999997505,5.29999782061339,6.91276128019228,4.79999928681746,0.0044465700000602,0.0,0.0,0.0,0.0,0.0,0.0,0.0,0.0,0.0,0.0,0.0,0.0,0.0,0.0,0.0
1921,305.23457110357356,1031.89472036789,284.621524038462,0.0,0.0,0.0003986867027835,0.0,0.0,0.0,7.2163476752e-06,0.0,0.0,0.0,0.0,0.0,0.0,3.85449262315e-05,34.4146999596749,0.042184981598733,0.0011999999999996,0.0,0.0,0.0,0.0,0.0,0.0,0.0,0.0,0.0,0.0,0.0,1.24166952080167,457.00000000004496,5.29999781239687,6.9127612802689296,4.80352552619178,0.004446569999787,0.0,0.0,0.0,0.0,0.0,0.0,0.0,0.0,0.0,0.0,0.0,0.0,0.0,0.0,0.0
1922,305.57076078139465,1038.79947345791,284.759582406851,0.0,0.0,0.0004012261085337,0.0,0.0,0.0,7.2623116732e-06,0.0,0.0,0.0,0.0,0.0,0.0,3.8792009092e-05,34.4300997299675,0.0438949806302471,0.0012499999999997,0.0,0.0,0.0,0.0,0.0,0.0,0.001,0.0,0.0,0.0,0.0,1.38888551763282,456.99999999992,5.2999978270691,6.91276128013339,4.813409467372351,0.0044465700003915,0.0,0.0,0.0,0.0,0.0,0.0,0.0,0.0,0.0,0.0,0.0,0.0,0.0,0.0,0.0
1923,305.88795352989524,1044.83423143074,285.06365640024,0.0,0.0,0.0004037655142839,0.0,0.0,0.0,7.3082756711e-06,0.0,0.0,0.0,0.0,0.0,0.0,3.90390919525e-05,34.4571996491632,0.0470049796107817,0.0013350000000002,0.0,0.0,0.0,0.0,0.0,0.0,0.001,0.0,0.0,0.0,0.0,1.62499160112626,457.000000000144,5.2999978004724495,6.91276128037671,4.828584377477,0.0044465699992689,0.0,0.0,0.0,0.0,0.0,0.0,0.0,0.0,0.0,0.0,0.0,0.0,0.0,0.0,0.0
1924,306.2381313003675,1049.15902846607,285.208733811598,0.0,0.0,0.0004063049200341,0.0,0.0,0.0,7.354239669e-06,0.0,0.0,0.0,0.0,0.0,0.0,3.92861748129e-05,34.5056996259233,0.05258997853767,0.0014950000000002,0.0,0.0,0.0,0.0,0.0,0.0,0.002,0.0,0.0,0.0,0.0,1.84595434235822,456.999999999734,5.29999784941516,6.91276127993324,4.847969048874609,0.004446570001385,0.0,0.0,0.0,0.0,0.0,0.0,0.0,0.0,0.0,0.0,0.0,0.0,0.0,0.0,0.0
1925,306.4122057035309,1051.87384014984,285.262807804988,0.0,0.0,0.0004088443257843,0.0,0.0,0.0,7.400203667e-06,0.0,0.0,0.0,0.0,0.0,0.0,3.95332576734e-05,34.560599606397,0.058854977408089,0.0016749999999999,0.0,0.0,0.0,0.0,0.0,0.0,0.003,0.0,0.0,0.0,0.0,2.11642150573691,457.00000000049505,5.29999775798516,6.91276128075384,4.87049984972446,0.0044465699973373,0.0,0.0,0.0,0.0,0.0,0.0,0.0,0.0,0.0,0.0,0.0,0.0,0.0,0.0,0.0
1926,306.5442242036783,1053.31875437267,285.309893272987,0.0,0.0,0.0004113837315346,0.0,0.0,0.0,7.4461676649e-06,0.0,0.0,0.0,0.0,0.0,0.0,3.97803405338e-05,34.6161995858422,0.0651649762189969,0.0018550000000003,0.0,0.0,0.0,0.0,0.0,0.0,0.005,0.0,0.0,0.0,0.0,2.46036727346852,456.999999999062,5.299997931380809,6.91276127921218,4.89509652361699,0.0044465700051942,0.0,0.0,0.0,0.0,0.0,0.0,0.0,0.0,0.0,0.0,0.0,0.0,0.0,0.0,0.0
1927,306.75830821682734,1055.49401527519,285.364974346454,0.0,0.0,0.0004139231372848,0.0,0.0,0.0,7.4921316628e-06,0.0,0.0,0.0,0.0,0.0,0.0,4.00274233943e-05,34.6767995642055,0.0720199749673605,0.0020500000000006,0.0,0.0,0.0,0.0,0.0,0.0,0.006,0.0,0.0,0.0,0.0,2.69428572696974,457.000000001804,5.29999759754798,6.912761282152849,4.92068747608842,0.0044465699897169,0.0,0.0,0.0,0.0,0.0,0.0,0.0,0.0,0.0,0.0,0.0,0.0,0.0,0.0,0.0
1928,306.9013522659859,1060.36873906833,285.465038330078,0.0,0.0,0.000416462543035,0.0,0.0,0.0,7.5380956608e-06,0.0,0.0,0.0,0.0,0.0,0.0,4.02745062548e-05,34.7449995414311,0.0797049736498959,0.0022699999999997,0.0,0.0,0.0,0.0,0.0,0.0,0.008,0.0,0.0,0.0,0.0,3.02649053976319,456.99999999647696,5.29999824959592,6.912761276457609,4.94619992996725,0.0044465700206603,0.0,0.0,0.0,0.0,0.0,0.0,0.0,0.0,0.0,0.0,0.0,0.0,0.0,0.0,0.0
1929,307.0584149494844,1066.39360934585,285.530129169171,0.0,0.0008387752063036,0.0004190019487852,0.0,0.0,0.0,7.5840596587e-06,0.0,0.0,0.0,0.0,0.0,0.0,4.05215891152e-05,34.8251995174572,0.088704972263045,0.0025300000000008,0.0,0.0,0.0,0.0,0.0,0.0,0.009,0.0,0.0,0.0,0.0,3.51771363523339,457.000000006985,5.29999697188539,6.91276128765707,4.970571346332631,0.0044465699578713,0.0,0.0,0.0,0.0,0.0,0.0,0.0,0.0,0.0,0.0,0.0,0.0,0.0,0.0,0.0
1930,307.1744296056381,1072.37819642024,285.58420316256,0.0,0.0051086764666553,0.0004215413545354,0.0,0.0,0.0,7.6300236566e-06,0.0,0.0,0.0,0.0,0.0,0.0,4.07686719757e-05,34.9092994922223,0.0980799708032601,0.0028050000000006,0.0,0.0,0.0,0.0013149973458574,0.0,0.0,0.011,0.0,0.0,0.0,0.0,4.06346393573614,456.99999998594,5.2999990246682,6.91276126529488,4.99271118490186,0.0044465700871947,0.0,0.0,0.0,0.0,0.0,0.0,0.0,0.0,0.0,0.0,0.0,0.0,0.0,0.0,0.0
1931,307.3675009381221,1077.23314482276,285.777284724309,0.0,0.0013775627697389,0.0004240807602856,0.0,0.0,0.0,7.6759876545e-06,0.0,0.0,0.0,0.0,0.0,0.0,4.10157548361e-05,34.9865994656578,0.106624969266577,0.0030500000000005,0.0,0.0,0.0,0.0211515679160015,0.0,0.0,0.013,0.0,0.0,0.0,0.0,4.70297809972121,457.00000002874,5.3066508620986,6.91276131063422,5.014263083685511,0.0044465698168261,0.0,0.0,0.0,0.0,0.0,0.0,0.0,0.0,0.0,0.0,0.0,0.0,0.0,0.0,0.0
1932,307.62962702493996,1081.70796627216,285.882353590745,0.0,0.0006616643931112,0.0004266201660358,0.0,0.0,0.0,7.7219516525e-06,0.0,0.0,0.0,0.0,0.0,0.0,4.12628376966e-05,35.0427994376948,0.112749967648966,0.0032300000000016,0.0,0.0,0.0,0.0749974524433778,0.0,0.0,0.015,0.0,0.0,0.0,0.0,5.29421339034312,456.99999994034704,5.33830533633998,6.91276121728918,5.036628813300551,0.0044465703906074,0.0,0.0,0.0,0.0,0.0,0.0,0.0,0.0,0.0,0.0,0.0,0.0,0.0,0.0,0.0
1933,307.92977751208775,1086.29289514342,286.038417330228,0.0,0.0007192010384192,0.000429159571786,0.0,0.0,0.0,7.7679156504e-06,0.0,0.0,0.0,0.0,0.0,0.0,4.1509920557e-05,35.0766994082613,0.116369965946365,0.0033399999999982,0.0,0.0,0.0,0.124997952687607,0.0,0.0,0.017,0.0,0.0,0.0,0.0,5.937420766939209,457.000000125728,5.37997852987891,6.91276141244188,5.06005933920706,0.0044465691544543,0.0,0.0,0.0,0.0,0.0,0.0,0.0,0.0,0.0,0.0,0.0,0.0,0.0,0.0,0.0
1934,308.3039915902388,1091.52772635844,286.141502554086,0.0,0.0007817409424619,0.0004316989775363,0.0,0.0,0.0,7.8138796483e-06,0.0,0.0,0.0,0.0,0.0,0.0,4.17570034175e-05,35.1115993772773,0.120129964153969,0.0034499999999996,0.0,0.0,0.0,0.174997894997946,0.0,0.0,0.02,0.000761761500079,0.0,0.0,0.0,6.6797985401028,456.99999973090496,5.4199787177105,6.91276099812043,5.08417752035023,0.004446571858119,0.0,0.0,0.0,0.0,0.0,0.0,0.0,0.0,0.0,0.0,0.0,0.0,0.0,0.0,0.0
1935,308.73727329106987,1096.84239155784,286.268574594351,0.0,0.0008497191719464,0.0004342383832865,0.0,0.0,0.0,7.8598436463e-06,0.0,0.0,0.0,0.0,0.0,0.0,4.2004086278e-05,35.1578993446638,0.12510996226739,0.0036000000000012,0.0,0.0,0.0,0.224997905317577,0.0,0.0,0.022,0.0190800332703707,0.0,0.0,0.0,7.59582319598913,457.00000058488,5.45997938882185,6.91276189141285,5.10982265296353,0.004446565854573,0.0,0.0,0.0,0.0,0.0,0.0,0.0,0.0,0.0,0.0,0.0,0.0,0.0,0.0,0.0
1936,309.51381301222665,1101.59748644473,286.435655179537,0.0,0.0009236086352511,0.0004367777890367,0.0,0.0,0.0,7.9058076442e-06,0.0,0.0,0.0,0.0,0.0,0.0,4.22511691384e-05,35.2335993103327,0.133214960281426,0.0038450000000019,0.0,0.0,0.0,0.274997908037261,0.0,0.0,0.024,0.0793223306118043,0.0,0.0,0.0,8.76137212555461,456.99999870898,5.49997996180503,6.91275993545929,5.13640511059565,0.0044465793895495,0.0,0.0,0.0,0.0,0.0,0.0,0.0,0.0,0.0,0.0,0.0,0.0,0.0,0.0,0.0
1937,310.2573066280361,1106.09196121444,286.64674211238,0.0,0.0010039232081899,0.0004393171947869,0.0,0.0,0.0,7.9517716421e-06,0.0,0.0,0.0,0.0,0.0,0.0,4.24982519989e-05,35.336399274196,0.144079958191036,0.0041750000000012,0.0,0.0,0.0,0.324997910462776,0.0,0.0,0.026,0.140004524180032,0.0,0.0,0.0,10.0249596036449,457.000002894145,5.53998056005453,6.91276428503969,5.16417058606679,0.0044465484055515,0.0,0.0,0.0,0.0,0.0,0.0,0.0,0.0,0.0,0.0,0.0,0.0,0.0,0.0,0.0
1938,310.77864001252243,1110.40760297633,286.893809269832,0.0,0.0010912219322979,0.0004418566005371,0.0,0.0,0.0,7.9977356401e-06,0.0,0.0,0.0,0.0,0.0,0.0,4.27453348593e-05,35.469799236156,0.158039955990521,0.0046050000000011,0.0,0.0,0.0,0.374997914511618,0.0,0.0,0.028,0.2000043055966,0.0,0.0,0.0,11.2661631617909,456.99999341058896,5.5799811516966304,6.9127544617843295,5.19335185284808,0.0044466204796957,0.0,0.0,0.0,0.0,0.0,0.0,0.0,0.0,0.0,0.0,0.0,0.0,0.0,0.0,0.0
1939,311.32700279001364,1116.69138438666,287.096900597206,0.0,0.0011861117397994,0.0004443960062873,0.0,0.0,0.0,8.043699638e-06,0.0,0.0,0.0,0.0,0.0,0.0,4.29924177198e-05,35.6214991961142,0.173689953674177,0.0050950000000019,0.0,0.0,0.0,0.424997916356362,0.0004437717203125,0.0,0.03,0.260004537133376,0.0,0.0,0.0,12.5757619091578,457.00001523844895,5.619981745105609,6.91277696765702,5.22413261046455,0.0044464476696312,0.0,0.0,0.0,0.0,0.0,0.0,0.0,0.0,0.0,0.0,0.0,0.0,0.0,0.0,0.0
1940,311.82429986682223,1119.90680642199,287.335972149189,0.0,0.0012892556240319,0.0004469354120375,0.0,0.0,0.0,8.0896636359e-06,0.0,0.0,0.0,0.0,0.0,0.0,4.32395005803e-05,35.8049991539651,0.192399951235959,0.0056899999999998,0.0,0.0,0.0,0.474997921041798,0.0092259119148429,0.0,0.032,0.320004246371371,0.0,0.0,0.0,14.0908547368482,456.99996418669105,5.65998233797197,6.912726090142489,5.25656974518296,0.0044469936142717,0.0,0.0,0.0,0.0,0.0,0.0,0.0,0.0,0.0,0.0,0.0,0.0,0.0,0.0,0.0
1941,312.2695844506497,1123.03189642607,287.588044189453,0.0,0.0014013840643824,0.0004494748177878,0.0,0.0,0.0,8.1356276339e-06,0.0,0.0,0.0,0.0,0.0,0.0,4.34865834407e-05,35.991299109597,0.211069949310204,0.0062900000000018,0.0,0.0,0.0,0.524997922013837,0.04815833141483,0.0,0.033,0.380004601000157,0.0,0.0,0.0,15.8721491665085,457.00008643703904,5.699982931166449,6.92315851700657,5.29031120750038,0.0121519158565644,0.0,0.0,0.0,0.0,0.0,0.0,0.0,0.0,0.0,0.0,0.0,0.0,0.0,0.0,0.0
1942,312.62177797246443,1127.98645420359,287.869138446514,0.0,0.0015232670601041,0.000452014223538,0.0,0.0,0.0,8.1815916318e-06,0.0,0.0,0.0,0.0,0.0,0.0,4.37336663012e-05,36.23889906289391,0.235624951061825,0.0070999999999992,0.0,0.0,0.0,0.574997927944652,0.112600847122312,0.0,0.035,0.440004135276596,0.0,0.0,0.0,18.1204303465857,456.999740569924,5.7399835238265,6.9544295552921,5.325883422622,0.0186648499194732,0.0,0.0,0.0,0.0,0.0,0.0,0.0,0.0,0.0,0.0,0.0,0.0,0.0,0.0,0.0
1943,312.8308836906309,1132.46127565299,288.519190223107,0.0,0.0016557506162213,0.0004545536292882,0.0,0.0,0.0,8.2275556297e-06,0.0,0.0,0.0,0.0,0.0,0.0,4.39807491616e-05,36.5610990137318,0.267039953105446,0.008160000000002,0.0,0.0,0.0,0.624997927106953,0.202455462829681,0.0,0.036,0.500004738194913,0.0,0.0,0.0,20.7941188995333,457.93200068883107,5.7799841177283104,7.00584480838462,5.36347156227706,0.0239006816926036,0.0,0.0,0.0,0.0,0.0,0.0,0.0,0.0,0.0,0.0,0.0,0.0,0.0,0.0,0.0
1944,312.8447974871044,1136.0759896805,288.745291804387,0.0,0.0017997567323342,0.0004570930350384,0.0,0.0,0.0,8.2735196277e-06,0.0,0.0,0.0,0.0,0.0,0.0,4.42278320221e-05,36.9927989619845,0.308314954870138,0.0095949999999994,0.0,0.0194336570710222,0.0,0.674997935712172,0.317647078537292,0.0,0.037,0.560003915088429,0.0,0.0,0.0,23.8647832219304,460.742503817421,5.81998470855545,7.076577330513049,5.40307588094198,0.0278776283359271,0.0,0.0,0.0,0.0,0.0,0.0,0.0,0.0,0.0,0.0,0.0,0.0,0.0,0.0,0.0
1945,312.8077066662681,1139.13113339552,288.979358473558,0.0,0.0019562874889504,0.0004596324407886,0.0,0.0,0.0,8.3194836256e-06,0.0,0.0,0.0,0.0,0.0,0.0,4.44749148826e-05,37.2976989075097,0.336379956372383,0.010604999999994,0.0,0.421500216380454,0.0048441448913433,0.724997930851747,0.458055694244669,0.0,0.038,0.620005041131031,0.0,0.0,0.0,25.9042484991179,463.24369668357,5.85998530715718,7.16584231224106,5.44461604462506,0.0310103419978674,0.0,0.0,0.0,0.0,0.0,0.0,0.0,0.0,0.0,0.0,0.0,0.0,0.0,0.0,0.0
1946,312.80363140909225,1143.47619410273,289.186417086088,0.0,0.0021264323133189,0.0004621718465388,0.0,0.0,0.0,8.3654476235e-06,0.0,0.0,0.0,0.0,0.0,0.0,4.4721997743e-05,37.3916988501702,0.344264957612751,0.0109150000000019,0.0,1.63571066760333,0.0833722893133099,0.774997945617837,0.623554309951921,0.0,0.039,0.680003438411175,0.0,0.0,0.0,27.5047567110006,465.743289167214,5.89998588577427,7.27284893274377,5.488611146972951,0.0322916978008711,0.0,0.0,0.0,0.0,0.0,0.0,0.0,0.0,0.0,0.0,0.0,0.0,0.0,0.0,0.0
1947,312.8906009208977,1149.46078117712,289.277508901743,0.0,0.0023113752004821,0.000464711252289,0.0,0.0,0.0,8.4114116215e-06,0.0,0.0,0.0,0.0,0.0,0.0,4.49690806035e-05,37.5000987898144,0.353654958591136,0.0112850000000005,0.0,2.83501402489614,0.300011043445577,0.824997931148518,0.814011925659433,0.0,0.039,0.740005748575091,0.0,0.0,0.0,29.0785610675466,468.24342972434,5.93998651658835,7.39680324943597,5.535006802261511,0.0328124867844211,0.0,0.0,0.0,0.0,0.0,0.0,0.0,0.0,0.0,0.0,0.0,0.0,0.0,0.0,0.0
1948,312.91654814205356,1155.45550008745,289.329599252554,0.0,0.0025124030538706,0.0004672506580393,0.0,0.0,0.0,8.4573756194e-06,0.0,0.0,0.0,0.0,0.0,0.0,4.52161634639e-05,37.6704987262799,0.368314959307168,0.0118699999999958,0.0,4.02501426175775,0.500013009187759,0.874997961170743,1.03165454136735,0.0,0.039,0.80000230772914,0.0,0.0,0.0,31.0411431960981,470.743378867496,5.97998700887451,7.536917530165619,5.583762172639889,0.0328332775335286,0.0,0.0,0.0,0.0,0.0,0.0,0.0,0.0,0.0,0.0,0.0,0.0,0.0,0.0,0.0
1949,313.01854416386936,1160.18019946654,289.378668363131,0.0,0.0027309151006597,0.0004697900637895,0.0,0.0,0.0,8.5033396173e-06,0.0,0.0,0.0,0.0,0.0,0.0002747740887661,4.54632463244e-05,37.8551986594009,0.383624959760897,0.0125149999999963,0.0,5.21501300051358,0.700011971726806,0.924997922259593,1.25181725252481,0.0,0.039,0.860007608036314,0.0,0.0,0.0,33.1923366960444,473.24340186466,6.01998788594255,7.6923893084047,5.63534851841974,0.0320951543851407,0.0,0.0,0.0,0.0,0.0,0.0,0.0,0.0,0.0,0.0,0.0,0.0,0.0,0.0,0.0
1950,313.19863527937446,1163.65563126749,289.526736497145,0.0,0.003054187561569,0.0004723294695397,0.0,0.0,0.0,8.5493036153e-06,0.0,0.0,0.0,0.0,0.0,0.0019235044724344,4.57103291848e-05,38.0238985890032,0.396969959952575,0.0131049999999965,0.0,6.38225718036374,0.893881844917173,0.974997986423454,1.48246643558956,0.0,0.039,0.927500591452588,0.0,0.0,0.0,35.4998325915964,475.731463534146,6.05998779599348,7.8624384247351395,5.68975150797863,0.0303057671603742,0.0,0.0,0.0,0.0,0.0,0.0,0.0,0.0,0.0,0.0,0.0,0.0,0.0,0.0,0.0
1951,313.38269681418984,1168.64998396688,289.654815617488,0.0,0.0068851353018458,0.0004748688752899,0.0,0.0,0.0,8.5952676132e-06,0.0,0.0,0.0,0.0,0.0,0.0054668603739372,4.59574120453e-05,38.2042985149053,0.410644959882195,0.0137449999999966,0.0,7.7753531887132,1.14685553195196,1.0244279802028,1.73491587129992,0.0,0.039,0.934997703255221,0.0,0.0,0.0,37.5808257749384,478.31164263155694,6.099990538592889,8.046262789611431,5.74681810134633,0.0282031272202731,0.0,0.0,0.0,0.0,0.0,0.0,0.0,0.0,0.0,0.0,0.0,0.0,0.0,0.0,0.0
1952,313.70187477234606,1174.15568920534,289.826901085487,0.0,0.0208751239017762,0.0004774082810401,0.0,0.0,0.0,8.6412316111e-06,0.0,0.0,0.0,0.0,0.0,0.0149993479847364,4.62044949058e-05,38.406998436906896,0.425239959549432,0.0144649999999959,0.0,9.44440043412576,1.55402665652321,1.07931769621985,1.98430384251355,0.0,0.039,0.920000259512949,0.0,0.0,0.0,38.7068952498863,481.16064158807,6.13942612136391,8.24306693022379,5.80777806186435,0.0267767509616689,0.0,0.0,0.0,0.0,0.0,0.0,0.0,0.0,0.0,0.0,0.0,0.0,0.0,0.0,0.0
1953,314.0810976871666,1183.2102225688,290.142968487079,0.0,0.0465117897178222,0.0004799476867903,0.0,0.0,0.0,8.687195609e-06,0.0,0.0,0.0,0.0,0.0,0.0249994339821028,4.64515777662e-05,38.6142983548001,0.439209958954132,0.0152099999999946,0.0,11.2133252595356,2.12943667024902,1.13892760761672,2.23991216842068,0.0,0.039,0.926251682558136,0.0,0.0,0.0011634245162484,40.0517604190256,484.1764457003,6.18498749826191,8.459376397696941,5.872754662996311,0.0249524142384732,0.0,0.0,0.0,0.0,0.0,0.0,0.0,0.0,0.0,0.0,0.0,0.0,0.0,0.0,0.0
1954,314.4372921699805,1194.28514167444,290.364034667969,0.0,0.0821307020167101,0.0004824870925405,0.0,0.0,0.0,8.733159607e-06,0.0,0.0,0.0,0.0,0.0,0.034999388335253,4.66986606267e-05,38.841298268374096,0.453484958096703,0.0160200000000009,0.0,13.2039279227553,2.86359642968437,1.20797705572817,2.4949118563393,0.0,0.039,0.963755778069658,0.0,0.0,0.0174329114411984,41.542467205081,488.508851843936,6.22998830852966,8.70284383032735,5.94191443870036,0.0234999794140801,0.0,0.0,0.0,0.0,0.0,0.0,0.0,0.0,0.0,0.0,0.0,0.0,0.0,0.0,0.0
1955,314.74846820613936,1206.51020726446,290.667132098858,0.0,0.127459914315516,0.0004850264982907,0.0,0.0,0.0,8.7791236049e-06,0.0,0.0,0.0,0.0,0.0,0.0449994356264797,4.69457434871e-05,39.0706981774024,0.466714956977252,0.0168300000000029,0.0,15.4396321790242,3.76779083164606,1.29374635306494,2.74991218981982,0.0,0.039,1.05386010782062,0.0,0.0,0.10808019154992,43.172958770569295,493.254982277578,6.2749887987169695,8.96372622254264,6.01555406337032,0.021999980766372,0.0,0.0,0.0,0.0,0.0,0.0,0.0,0.0,0.0,0.0,0.0,0.0,0.0,0.0,0.0
1956,315.02259717595274,1220.9650091826,291.017196082482,0.0,0.182289026614357,0.000487565904041,0.0,0.0,0.0,8.8250876028e-06,0.0,0.0,0.0,0.0,0.0,0.0549993786517601,4.71928263476e-05,39.300198081637106,0.478794955594903,0.0176249999999381,0.0,18.0071383767092,4.90076745884602,1.38820611922872,3.00616292140763,0.0,0.039,1.18601038292782,0.0,0.0,0.289042431687213,44.939256339013696,496.959697782928,6.31998970579668,9.23782785853666,6.093146854359009,0.0204583185960041,0.0,0.0,0.0,0.0,0.0,0.0,0.0,0.0,0.0,0.0,0.0,0.0,0.0,0.0,0.0
1957,315.30775169477715,1235.66920074918,291.34928521259,0.0,0.246412138913264,0.0004901053097912,0.0,0.0,0.0,8.8710516008e-06,0.0,0.0,0.0,0.0,0.0,0.0649994504694631,4.74399092081e-05,39.520097980835295,0.489309953950491,0.0183599999995815,0.0,20.9775401184378,6.23939735000896,1.49747539562989,3.24991338487268,0.0,0.039,1.34646537837759,0.0,0.0,0.563670091673078,46.829952243370094,500.69781862417295,6.36498976197285,9.52220138134269,6.17478710221912,0.0194999811222984,0.0,0.0,0.0,0.0,0.0,0.0,0.0,0.0,0.0,0.0,0.0,0.0,0.0,0.0,0.0
1958,315.6519432945955,1247.29429075327,291.616341383714,0.0,0.319618251212189,0.0004926447155414,0.0,0.0,0.0,8.9170155987e-06,0.0,0.0,0.0,0.0,0.0,0.0749993572382059,4.76869920685e-05,39.715097874724705,0.497734952043387,0.0189699999991702,0.0,24.1843400892543,7.56723260297899,1.62748446635162,3.49699484542782,0.0,0.039,1.58459454181456,0.0,0.0,0.880146156926535,48.8399492999142,504.503934223098,6.409992387629271,9.817557971225849,6.26003669504815,0.018499995694896,0.0,0.0,0.0,0.0,0.0,0.0,0.0,0.0,0.0,0.0,0.0,0.0,0.0,0.0,0.0
1959,316.1052298004204,1257.19879970266,291.83844516226,0.0,0.401699363510989,0.0004951841212916,0.0,0.0,0.0,8.9629795966e-06,0.0,0.0,0.0,0.0,0.0,0.0849994819691077,4.7934074929e-05,39.9048977630302,0.50523994987394,0.0195299999987457,0.0,27.6090512148565,8.79712408371277,1.77748368698561,3.72659211283286,0.0,0.041,1.90603476396762,0.0,0.0,1.23860975972127,50.971145504807694,508.36371690629903,6.45429841481267,10.1304332305701,6.34847877868182,0.0174999899648526,0.0,0.0,0.0,0.0,0.0,0.0,0.0,0.0,0.0,0.0,0.0,0.0,0.0,0.0,0.0
1960,316.9147850852358,1264.00345513643,292.141512075571,0.0,0.492447475809826,0.0004977235270418,0.0,0.0,0.0,9.0089435946e-06,0.0,0.0,0.0,0.0,0.0,0.0949993922767272,5.65350569878e-05,40.1185976454583,0.513094947442132,0.0201049999983365,1.1254001804e-05,31.6053599533305,10.2371213164369,1.94694289599477,3.9386705276766705,0.0,0.045,2.24940663270674,0.0,0.0,1.70152303676021,53.211243027292305,512.232840982859,6.50498912790125,10.4591459810688,6.4397537497621,0.0164999922121306,1.2107990612e-06,6.9784497196e-06,0.0,0.0,0.0,0.0,0.0,0.0,0.0,0.0,0.0,0.0,0.0,0.0,0.0
1961,317.5802141490437,1269.34998068738,292.467589242788,0.0,0.591652588108607,0.000500262932792,0.0,0.0,0.0,9.0549075925e-06,0.0,0.0,0.0,0.0,0.0,0.109999034539995,0.0003956806944103,40.3424975216975,0.520729944747945,0.0206399999979124,0.0017370100000002,36.2366647363824,12.1678540139898,2.14122181778982,4.16366712519747,0.0,0.053,2.63765388387977,0.0,0.0,2.17926727467398,55.563539538768,516.04007875164,6.55499181630142,10.7995254506251,6.53317397545031,0.0154999916797804,9.6863924901e-06,5.58275977574e-05,0.0,0.0,0.0,0.0,0.0,0.0,0.0,0.0,0.0,0.0,0.0,0.0,0.0
1962,318.31674426021493,1282.46457264459,292.817653226412,0.0,0.699107700407416,0.0005028023385422,0.0,0.0,0.0,9.1008715904e-06,0.0,0.0,0.0,0.0,0.0,0.12999878902161,0.0009191006830207,40.5660971630287,0.527874941791228,0.0211149999975033,0.0067770700000013,41.47677824512031,14.6398932892879,2.36568049864567,4.39866365410896,0.0,0.066,3.12915426679175,0.0,0.0,2.77226026129379,58.007436824476,519.7264739908529,6.60441845301598,11.1568745897199,6.6286181927077905,0.0144999904091294,1.93727849802e-05,0.0001116551955148,0.0,0.0,0.0,0.0,0.0,0.0,0.0,0.0,0.0,0.0,0.0,0.0,0.0
1963,318.91412644536024,1300.68866167211,293.206749192458,0.0,0.81460281270589,0.0005053417442925,0.0,0.0,0.0,9.1468355884e-06,0.0,0.0,0.0,0.0,0.0,0.154998345989006,0.0015432043716296,40.8047957306545,0.535164938571558,0.0215699999970831,0.0148636999999961,47.6045926917756,17.7170330458671,2.62551899579154,4.63597032843698,0.0001433186097383,0.085,3.75372380132224,0.0,0.0,3.5117450832319,60.5074368455778,523.243995969975,6.65998760347752,11.5250572223612,6.725567556154529,0.0134999950943697,2.90591774704e-05,0.0002095420101006,0.0,0.0,0.0,0.0,0.0,0.0,0.0,0.0,0.0,0.0,0.0,0.0,0.0
1964,319.5885653068368,1317.27346847307,293.571827824519,0.0,0.937929925004822,0.0005078811500427,0.0,0.0,0.0,9.1927995863e-06,0.0,0.0,0.0,0.0,0.0,0.179998678212898,0.0023007598127617,41.0546958276386,0.542524935089721,0.0219899999966668,0.0257405000000002,54.799804792532704,21.421671469007,2.91959767305709,4.87743702906459,0.0034777288260833,0.113,4.50278169185579,0.0,0.0,4.2541681050204,63.0775331460366,526.5386447995689,6.7155642951725,11.9018088205056,6.82453114290717,0.0124999731899535,3.87455699605e-05,0.0003218187647413,0.0,0.0,0.0,0.0,0.0,0.0,0.0,0.0,0.0,0.0,0.0,0.0,0.0
1965,320.0628644933247,1330.96813855527,293.938890099159,0.0,1.068882037304,0.0005104205557929,0.0,0.0,0.0,9.2387635842e-06,0.0,0.0,0.0,0.0,0.0,0.199998772703578,0.0032624684866676,41.3424958846504,0.550849931344872,0.0224349999962544,0.0391508999999952,63.0290148642008,25.7098000227676,3.25797567734016,5.13517361992429,0.0191662719643849,0.15,5.39110750753932,0.0,0.0,5.18288940057218,65.6268347486566,529.577361384253,6.76442217255162,12.2854322817476,6.92575894090724,0.0113750261955504,5.60693103755e-05,0.0004596758522543,0.0,1.25e-05,0.0,0.0,2.0625e-05,2.08333333333e-05,0.0,0.0,0.0,0.0,0.0,0.0,0.0
1966,321.1186468588288,1342.15316508279,294.353956524189,0.0,1.20724214960207,0.0005129599615431,0.0,0.0,0.0,9.2847275822e-06,0.0,0.0,0.0,0.0,0.0,0.219998959844225,0.0044440354307757,41.652495884574094,0.559774927338098,0.0228899999958339,0.0548384000000177,72.2479299806372,30.5037339385976,3.6531631972877103,5.413369552214911,0.0394993835777352,0.195,6.472539754358,0.0,0.0,6.63378998254101,68.07124024500449,532.337100883781,6.81930815748264,12.6770546443588,7.02895533592703,0.0109999863569743,0.0001192171383401,0.0018055206791829,0.0,0.0001496484024042,0.0,0.0,0.000179160825,0.0001905986166666,0.0,0.0,0.0,0.0,0.0,0.0,0.0
1967,321.71001233163344,1354.18914375874,294.768046386719,0.0,1.3528122619019,0.0005154993672933,0.0,0.0,0.0,9.3306915801e-06,0.0,0.0,0.0,0.0,0.0,0.23999873482868,0.0059488500504695,42.0046958844863,0.570144923067807,0.0233999999954054,0.0725467000000337,82.6101462788005,35.8664780546986,4.10190111237638,5.70702537474413,0.0637134935284767,0.248,7.774255812574541,0.0,0.0,8.81561645989669,70.42624311254049,534.8238174090529,6.87998993388434,13.0711663196694,7.13412746532932,0.0111319617714295,0.0002235555630351,0.0054763583498344,0.0,0.0004143183695384,0.0,0.0,0.0003857401499999,0.0004284837842151,0.0,0.0,0.0,0.0,0.0,0.0,0.0
1968,322.610642927118,1371.57290075501,295.184119891827,0.0,1.50538237420043,0.0005180387730435,0.0,0.0,0.0,9.376655578e-06,0.0,0.0,0.0,0.0,0.0,0.269998017935564,0.0078070392100045,42.4114958844083,0.58270491853556,0.0239899999949779,0.0920193000000008,94.259663248514,41.939132427704,4.6156482760228,6.0145011972651,0.0987291805179502,0.307,9.38384342788221,0.0,0.0,11.5492761501044,72.69054731167769,537.033558794353,6.9399910939886,13.4668668784119,7.241467099193981,0.0145287732449692,0.0003607784626419,0.0106742109616966,2.8900590368e-06,0.0008137636373404,0.0,0.0,0.0006190968702564,0.000720486940305,0.0,0.0,0.0,0.0,0.0,0.0,0.0
1969,323.46423932460505,1389.26903568097,295.603184119591,0.0,1.66474248650028,0.0005205781787937,1.2165773696e-06,9.6791082981e-06,0.0,9.422619576e-06,0.0,0.0,0.0,0.0,3.30157226985e-05,0.299998370323029,0.0101291081381444,42.8623959414258,0.597669913740366,0.0246699999945854,0.113000000000081,107.289179816242,48.9226071244852,5.20384516668413,6.33414701979608,0.143262747337375,0.37,11.1916377386466,0.0,0.0,14.6497403409003,74.86995058125699,538.9712390708289,6.99999158223726,13.8619791468005,7.35148577224371,0.0266074604587499,0.0005134661935764,0.0166778135735715,2.31204722946e-05,0.0013639262814905,0.0,0.0,0.0008873613464087,0.0010582811608462,0.0,0.0,0.0,0.0,0.0,0.0,0.0
1970,324.988378460434,1411.03255341943,296.027283747746,0.0,1.83067259879892,0.000523117584544,8.5571211259e-06,6.79373986851e-05,0.0,9.4685835739e-06,2.85515926e-08,0.0,0.0,0.0,0.0002369743908625,0.324998573525735,0.0129987110466375,43.4013962522543,0.6174449082971,0.0255299999941603,0.135231000000053,121.649189654691,56.9532551801584,5.88241123018162,6.66431191343778,0.203540498938534,0.436,13.0937469887518,0.0,0.0010651753607642,17.6801851405043,76.96995385355049,540.6648599840511,7.05999349536428,14.2553030516295,7.46380970377584,0.0429551596860985,0.000788675641389,0.0227815164317025,4.90228737451e-05,0.0020749852238973,0.0,0.0,0.0011869628062955,0.0014353631237855,0.0,0.0,0.0,0.0,0.0,0.0,0.0
1971,325.59678619459146,1431.0579119782,296.458341383714,0.0,2.00298271109785,0.0005256569902942,1.00613027279e-05,7.89022029981e-05,0.0,0.0006875001182021,5.14335922788e-05,0.0,8.59375e-05,0.0,0.0002955890718512,0.35499811183149,0.0164693264297954,44.007896097459295,0.642444900023516,0.0265649999930134,0.158457999999975,137.138204857279,65.8465085377435,6.66077709312942,7.0043812337985,0.274415232893646,0.503,15.1200553560507,0.0,0.0210731265842303,20.8154778467036,78.9899571198421,542.126445426557,7.11941227737472,14.6459363807184,7.579107158012031,0.0612022328856644,0.0033916358334851,0.0291816207674424,0.0003037507462001,0.0029289799999993,0.0,0.0,0.0015142600475211,0.0018461863130215,0.0,0.0,0.0,0.0,0.0,0.0,0.0
1972,327.5382469417485,1449.23183010728,296.898432222806,0.0,2.18145282339425,0.0005281963960444,1.03903187837e-05,8.03730232356e-05,0.0,0.0025000001187735,0.0001870309845576,0.0,0.0003125,0.0,0.0002355782332117,0.389997878176002,0.0205847998116526,44.6886958890464,0.674074889563399,0.0278149999874848,0.182423000000117,153.856226025961,75.6708876839043,7.553642207074019,7.356679625286249,0.348219917346636,0.573,17.3523900482146,0.0,0.0699998417279182,24.9166980172685,80.92936049588141,543.384934320292,7.18431733497899,15.0326831434767,7.6983474306000605,0.0815662388336868,0.010107177303878,0.0366138253494952,0.0011413300000002,0.0039066700000014,0.0,0.0,0.0018675417685352,0.0023001425000005,0.0,0.0,0.0,0.0,0.0,0.0,0.0
1973,330.09118280456755,1462.80735956448,297.349509390024,0.0,2.36588293569553,0.0005307358017946,1.07197148929e-05,8.18455435448e-05,0.0,0.005062500119345,0.0003787379768364,0.0,0.000632813,0.0,0.0001691630789437,0.424998011139584,0.0253458940726737,45.454695547862094,0.713879878581069,0.0293499999812125,0.206870000000065,172.257259953091,86.87261649168941,8.57645675728813,7.72394801676712,0.438013554905543,0.645,19.9276945937281,0.0,0.114999842108212,30.3258364657844,82.7930637134234,544.4634016913129,7.25566353799376,15.4145387681637,7.82089374285126,0.107531536293978,0.0209215945517397,0.0451821299315102,0.0024720000000004,0.004998099999998,0.0,0.0,0.0022451079971568,0.0027887349999993,0.0,0.0,0.0,0.0,0.0,0.0,0.0
1974,330.9297526920443,1476.09236167794,297.812579965445,0.0,2.55604304799456,0.0005332752075448,1.1049491482e-05,8.3319763654e-05,0.0,0.0080000001199155,0.0005984999691152,0.0,0.0010000000000001,0.0,9.77651385344e-05,0.459997921316326,0.0307754858502883,46.3425952860133,0.764989869365091,0.0313199999749639,0.231541999999993,192.564249119125,99.5389026816154,9.74806045200391,8.10893640824133,0.543196139430583,0.72,22.5255827698568,0.0,0.161269842457005,36.76850454937409,84.5931660910658,545.369823122138,7.31950366083924,15.7905059215547,7.947181820793969,0.146534775185738,0.034983892972015,0.0549907345135188,0.0042240000000002,0.0061934699999988,0.0,0.0,0.002645259327677,0.0032968874999996,0.0,0.0,0.0,0.0,0.0,0.0,0.0
1975,330.9917391038745,1491.69731008046,298.290665189303,0.0,2.75175316029268,0.000535814613295,1.1379648815e-05,8.63785000937e-05,2.8166001873e-06,0.0109375001204884,0.0008182619613942,0.0,0.0013671900000002,0.0,8.31764729263e-05,0.49999761146559,0.0369133776279136,47.3576954769717,0.828489872877425,0.0339949999686978,0.256183000000013,213.235221797619,112.331764046658,11.0957428603127,8.51440652284028,0.661696678892748,0.798,25.1791244009551,0.0,0.194999842774331,42.720016127994704,86.3287687273933,546.137137765384,7.38922727928388,16.1594846034932,8.07814859787655,0.203307821753079,0.0516807911392217,0.0661434390868928,0.0063333300000013,0.0074829899999985,0.0,0.0,0.0030663665876223,0.0038177824999994,0.0,0.0,0.0,0.0,0.0,0.0,0.0
1976,331.7012092803531,1509.07215594391,298.785748704177,0.0,2.95278327258975,0.0005383540190452,1.171018742e-05,0.0074327161400337,2.25328014991e-05,0.013500000121048,0.0010099699536721,0.0,0.0016874999999988,0.0,0.0003636896719552,0.544380326666065,0.0438018694055614,48.2760953666763,0.887209868538576,0.0366649999624298,0.2805370000002,232.99722016951,124.730747469471,12.6364353470501,8.95510697614464,0.811808179577868,0.876,28.1961155222619,0.0,0.229999843096283,49.041769081105,87.99307184195901,546.7914240220431,7.4655742642575005,16.5203743507924,8.21374002218204,0.277511982125599,0.0871569872756832,0.0803551436084009,0.0087359999999939,0.00885687,0.0,0.0,0.00352166175,0.0043446174999999,0.0,0.0,0.0,0.0,0.0,0.0,0.0
1977,333.5015368918286,1527.64695297924,299.297799992488,0.0,3.15894338489134,0.0005408934247954,1.20411075405e-05,0.0268957955883572,4.50656029982e-05,0.0153125001216272,0.0011455699459516,0.0,0.0019140599999999,0.0,0.0049971500000002,0.594551172373233,0.0514833611831491,49.2924950457573,0.949079860716947,0.0398149999561738,0.304346999999998,251.994205538871,136.795698131598,14.4787170379502,9.43187915257545,0.983641674701646,0.955,31.4077985366864,0.0,0.264999843387085,57.537214615671296,89.59247450341,547.339688876402,7.534413864217779,16.8721746084006,8.35413063579613,0.369696972527809,0.150426982777059,0.0982971481211436,0.0113679999999993,0.0103052999999992,0.0,0.0,0.0040072994999998,0.0048705674999997,0.0,0.0,0.0,0.0,0.0,0.0,0.0
1978,335.15077477765857,1546.86176466301,299.830877892127,0.0,3.37000350336887,0.0005434328305457,1.23724095017e-05,0.0541366950366775,6.75984044973e-05,0.0160000001221962,0.0011969999366216,0.0,0.0019999999999995,0.0,0.0,0.65999573190398,0.0599998533179563,50.4394948904924,1.02115985356264,0.0436149999499134,0.327355999999881,270.001185916225,148.004580522434,15.9630475829697,9.92663132899862,1.17364516982547,1.035,35.7235771029626,0.0,0.298729835062031,68.57340068394271,91.13187644622711,547.79789854349,7.60931915341611,17.2137863742746,8.49948120342593,0.476307670121175,0.2302009784156,0.1185080526339,0.0141652999999972,0.0118185000000027,0.0,0.0,0.0045117157500006,0.0053888225000008,0.1015,0.0,0.02375,0.34666666,0.0,0.0,0.0
1979,336.85,1566.13663494053,300.385958965595,0.0,3.583,0.0005459722362959,0.05,0.0849026944850209,9.01312059965e-05,0.0160000001227753,0.0011969999176409,0.0,0.0010000000000006,0.0,0.004,0.76999263211076,0.202499926658978,51.557394838097295,1.09481984558967,0.0479349999374715,0.35321399999996,286.494158504519,157.638471976897,17.6831270104762,10.4212335054119,1.37826466494986,1.117,40.489099391317,0.0,0.342519765279361,78.181793252818,92.613081524646,548.182079854448,7.689991500302271,17.5442088762421,8.65003113440497,0.589376810133343,0.315191974200062,0.139529057146724,0.0170640000000049,0.0133867000000051,0.0,0.0,0.0050328787500012,0.0058925725000015,0.109,0.0,0.02525,0.38299999,0.0,0.0,0.0
1980,338.91,1584.92139291336,301.062,0.15,3.919,0.0265692157603903,0.109695,0.096,0.0001126640074956,0.0110000001233406,0.0011969998970509,0.0,5.10780847937e-05,0.0,0.003,0.858,0.345,53.464,1.215,0.0532549998941581,0.380095999999825,303.96,166.7915,20.1673884309146,10.1348333333333,1.75,1.202,44.55148930490191,0.0,0.411785645352677,85.92584,93.83699295,548.501238523582,7.769993807977951,17.862243417381,8.80594085190933,0.709716623615362,0.3775,0.146,0.0200000000000032,0.0150000000000039,0.008,0.0,0.005595468750001,0.0063828125000013,0.1175,0.0,0.027,0.435,0.01395,0.0,0.0
1981,340.11,1602.63608252682,301.9035,0.297,4.263,0.0366471941522624,0.13206,0.209,0.0001351968089947,0.0030000001239124,0.0011969998764615,0.0,0.0001276192423061,0.0,0.003,0.975,0.382,54.612,1.296,0.0597849998813155,0.407822000000098,320.77,175.0235,23.2569732166493,10.5975416666667,2.01,1.294,47.8873382,0.19441322,0.75285392,91.5327,95.40340254,548.765370698265,7.84940162063204,18.1670858982054,8.96784903946063,0.8755,0.45075,0.166,0.0240000000000132,0.0175000000000031,0.008,0.0,0.0065601562500008,0.006901409468833,0.1275,0.0,0.029,0.47816667,0.01581,0.0,0.0
1982,340.86,1618.72088932777,303.075,0.339,4.602,0.0659649494740723,0.07668,0.192,0.0001577296104939,0.0020000001244856,0.0011969998558709,0.0,0.0002696554501086,3.7419158279e-06,0.004,1.102,0.405,55.605,1.367,0.066399999874846,0.437302999999932,337.32,183.227,27.428,11.0406666666667,2.29,1.393,50.80920936,0.19741961,0.78180984,95.8972,96.54742098,548.983474926158,7.93499145768612,18.4574438353243,9.13503993239884,1.0105,0.5415,0.187,0.0279999999999951,0.0205000000000039,0.008,0.0,0.0077625000000011,0.0072404987341538,0.1395,0.0,0.031,0.52133334,0.02418,0.0,0.0
1983,342.53,1632.61526644123,303.6525,0.422,4.989,0.0284015754680034,0.14271,0.191,0.000180262411993,0.011000000125053,0.0011969998352811,0.0,0.0029999999999994,3.17043324861e-05,0.006,1.217,0.426,56.621,1.44,0.071,0.469505000000108,354.42,192.2615,30.069,11.586,2.6,1.505,53.92299159,0.18840044,0.79678704,99.82525,97.85530683,549.168551874776,8.01999636542754,18.7324086412339,9.30711046994816,1.1655,0.6475,0.2025,0.0324999999999951,0.023499999999989,0.008,0.0,0.008971387007354,0.00724049873415,0.1535,0.0,0.03325,0.55599999,0.02976,0.0,0.0
1984,344.07,1644.65,304.3415,0.305,5.413,0.0293177553218099,0.116085,0.207,0.0002027952134921,0.0170000001256365,0.0011969998146922,0.0,0.0050000000000032,7.40227001484e-05,0.008,1.341,0.465,57.688,1.527,0.076,0.504943000000168,370.36,200.5335,34.274,12.17625,2.93,1.624,57.64767398,0.16935997,0.84271712,104.464815,99.17642421,549.32263021535,8.10374016614658,18.9907884197747,9.48382205488946,1.322,0.77625,0.224,0.0375000000000246,0.0270000000000061,0.008,0.0,0.0105254385636079,0.0077454004294511,0.1705,0.0,0.03625,0.60600001,0.02976,0.0,0.0
1985,345.54,1657.26,304.8985,0.407,5.842,0.0558869710822002,0.150165,0.239,0.0022496851462866,0.0170000001261926,0.0011969997941013,0.0,0.0039999999999973,0.0001181100736733,0.009,1.485,0.526,58.718,1.617,0.082,0.543628999999843,387.3,210.593,39.285,12.6710833333333,3.29,1.757,62.68358122,0.20343239,0.87267152,108.498425,100.40492088,549.452688301462,8.19998937431882,19.2316747311888,9.664215622018329,1.4775,0.92725,0.2455,0.0429999999999921,0.0305000000000031,0.008,0.0,0.0126078587003581,0.008102531152774,0.193,0.0,0.04,0.65600002,0.02976,0.0,0.0
1986,346.97,1670.07,305.809,0.422,6.284,0.0348148344446493,0.14484,0.287,0.0197878683072062,0.0180000001267694,0.0011969997735119,0.0,0.0010000000000001,0.0002603702889395,0.009,1.646,0.587,59.71,1.707,0.089,0.642,406.23,220.8765,44.473,13.3311666666667,3.68,1.908,68.79459236,0.25854954,0.97950888,111.73526,101.97743733,549.556753328568,8.29499516663815,19.4539757665349,9.84788960569839,1.65,1.11075,0.268,0.0485000000000049,0.034499999999996,0.016,0.0,0.0152999999999981,0.0095012470117986,0.2215,0.0,0.04425,0.69700003,0.03534,0.0,0.0
1987,348.68,1680.1285,306.011,0.359,6.72,0.0201559567837443,0.14271,0.307,0.0463624450701798,0.0220000001273248,0.0011969997529212,0.0,0.0030000000642367,0.0006904602406332,0.008,1.81,0.626,60.716,1.796,0.096,0.674,426.44,232.0905,50.738,14.0464166666667,4.1,2.059,73.23467099,0.23950907,0.98150584,115.570945,103.17845313,549.646774956325,8.38933095444178,19.6565849392193,10.0362772494022,1.838,1.30925,0.287,0.0539999999999676,0.0379999999999965,0.016,0.0,0.0184499999999981,0.0109999999999988,0.254,0.0,0.049,0.741,0.0372,0.0,0.0
1988,351.16,1692.913,306.7245,0.378,7.212,0.0348148344446493,0.158685,0.365,0.0811056740547005,0.0200000001279158,0.0011969997323323,0.0,0.0030000005139129,0.001493088439416,0.008,1.975,0.657,61.742,1.888,0.104,0.704,449.06,242.834,57.725,14.6445,4.55,2.196,77.70790703,0.21946647,0.99947848,120.832705,104.29906194,549.720828471991,8.48999316760806,19.8384146435564,10.2391292002447,2.0275,1.50275,0.3125,0.0600000000000134,0.0425000000000081,0.024,0.0,0.0220500000000041,0.0135000000000027,0.2895,0.0,0.0545,0.79900002,0.04092,0.0,0.0
1989,352.79,1706.6845,307.7825,0.419,7.765,0.0540546113745871,0.158685,0.423,0.123860199086752,0.0140000001284798,0.0011969997117421,0.0,0.0030000010278245,0.0026153972082967,0.008,2.153,0.673,62.787,1.981,0.111,0.732,468.0,251.562,64.395,15.14775,5.01,2.317,83.3758146,0.24552185,1.12428848,124.92823,105.471,549.780857034197,8.58939376934725,19.9984098236514,10.3572258602894,2.223,1.684,0.3395,0.0654999999999933,0.0469999999999969,0.032,0.0,0.0256499999999985,0.0159999999999991,0.3285,0.0,0.06125,0.85100001,0.04371,0.0,0.0
1990,354.06,1714.4015,308.71,0.461,8.315,0.0467251725441346,0.12993,0.48,0.176202852145136,0.0140000001290485,0.0011969996551199,0.0,0.0050000015417357,0.004025665293041,0.009,2.349,0.676,63.818,2.073,0.118,0.758,483.15,258.094,70.637,15.5913333333333,5.46,2.422,89.61342676,0.27658788,1.51968656,129.338405,106.1975,549.830851658169,8.6943397611028,20.1515745858643,10.3271057148087,2.44,1.85575,0.3675,0.070999999999986,0.051499999999994,0.032,0.015,0.0292499999999965,0.0189999999999979,0.3725,0.0,0.069,0.91000003,0.04929,0.0,0.0
1991,355.39,1727.8595,309.418,0.419,8.848,0.0503898919593608,0.1704,0.535,0.298101426072568,0.041,0.0011969993436987,0.0,0.0080000020556482,0.005709253377718,0.014,2.562,0.687,64.82,2.163,0.126,0.783,495.15,262.5705,75.902,15.8684166666667,5.89,2.509,95.66917555,0.25955167,2.28951464,131.595765,106.031,549.87107398242,8.80499259234549,20.3089442594645,10.0712833335407,2.6485,2.0165,0.389,0.0769999999999828,0.0560000000000049,0.04,0.0173,0.0337500000000028,0.0220000000000018,0.4205,0.0,0.077,0.93633336,0.05673,0.0,0.0
1992,356.09,1735.4915,309.945,0.357,9.397,0.0632164099126527,0.124,0.56,0.42,0.034,0.0011969986873979,0.0,0.0050000025695614,0.0076515714624639,0.023,2.773,0.729,65.673,2.249,0.135,0.806,506.2,265.358,80.2175,16.0416011904762,6.29,2.585,101.285,0.28159853,3.2300828,132.8555,105.6625,549.9049076960031,8.91499406457056,20.4631335700628,9.68216763206126,2.84466666666667,2.16575,0.4095,0.0824999999999916,0.0610000000000152,0.048,0.0196,0.0382500000000098,0.0260000000000068,0.4585,0.0,0.0845,0.95966667,0.06417,0.0,0.0
1993,356.83,1737.49,310.264,0.5175,10.001,0.0439766329827149,0.163,0.6175,0.5,0.034,0.0023939970499382,0.0,0.0010666858408689,0.0098379795472312,0.036,2.984,0.768,66.459,2.335,0.145,0.827,513.25,266.732,82.3055,16.1753357142857,6.68,2.652,105.546,0.759,3.7975,127.0345,104.9105,549.941887258164,9.02716137317263,20.606278400361,9.620109484464889,3.02833333333333,2.2905,0.4285,0.0885000000000212,0.0659999999999692,0.056,0.0219,0.04184999999998,0.0299999999999857,0.4785,0.0,0.09075,0.97100002,0.0744,0.0,0.0
1994,358.33,1743.083,310.8115,0.958,10.623,0.0393957337136821,0.2045,0.694,0.59,0.044,0.0023939924574635,0.0,0.002012556255266,0.0122538776319971,0.051,3.207,0.804,67.199,2.421,0.157,0.848,518.93,266.816,83.574,16.2668928571429,7.04,2.699,110.946,1.8905,5.0105,116.6995,104.0945,545.3847258144391,9.131617576610498,20.7310094150509,9.593754460239,3.24033333333333,2.3955,0.446,0.0939999999999455,0.070500000000014,0.064,0.0242,0.046350000000006,0.0345000000000041,0.4885,0.0,0.13775,0.99114287,0.08835,0.0,0.0
1995,360.17,1748.095,311.415,1.8325,11.29,0.0650487696202658,0.2785,0.8235,0.69,0.045,0.0047879876100992,0.0,0.0040000041112994,0.0148846757167629,0.068,3.4525,0.851,67.943,2.514,0.171,0.869,525.48,265.639,83.767,16.3126,7.36,2.732,116.0595,3.514,6.2245,104.623,103.313,550.386660750066,8.94509541103365,20.8296599442276,9.532502191027689,3.41633333333333,2.486,0.4565,0.100000000000012,0.0755000000000057,0.072,0.0265,0.0504000000000024,0.0390000000000036,0.493,0.0,0.228,1.0134,0.09486,0.0,0.0
1996,361.93,1750.236,312.273,3.238,12.002,0.108109222749174,0.4165,1.021,0.82,0.053,0.0071819841374662,0.0,0.0020136203087172,0.0177156738015259,0.087,3.6935,0.906,68.69,2.617,0.189,0.89,531.1,264.709,83.789,16.3409381944444,7.61,2.751,121.483,5.434,7.2475,91.1025,102.246,537.80959574942,9.1291196901307,20.8943840571603,9.145689375025741,3.553,2.56475,0.4655,0.105999999999976,0.0810000000000267,0.088,0.0288,0.054450000000018,0.0435000000000147,0.494,0.0,0.28025,1.0132,0.09858,0.0,0.0
1997,363.04,1753.672,313.113,5.2725,12.769,0.0522222516669739,0.609,1.284,0.96,0.066,0.0095759806130977,0.0,0.004000423500521,0.0207322717110214,0.106,3.924,0.943,69.416,2.733,0.209,0.911,534.94,263.59,83.4685,16.3675486111111,7.8,2.773,125.952,7.3485,8.384,77.4495,101.277,541.677941962738,9.067614590454621,20.9197688134883,8.5389781665472,3.722,2.63575,0.4735,0.112000000000075,0.0855000000000336,0.096,0.0311,0.0585000000000231,0.048000000000019,0.493,0.0,0.29275,1.0195,0.1023,0.0,0.0
1998,365.7,1764.065,313.8935,7.795,13.552,0.11452248172582,0.8875,1.6435,1.13,0.081,0.0131669769439215,0.0,0.0100000056530328,0.0263392685080324,0.126,4.143,0.993,70.129,2.857,0.232,0.933,537.7,262.161,83.0605,16.3898576388889,7.95,2.796,131.5435,9.128,9.3585,65.032,100.309,564.226656641544,9.34385417912144,20.3592987111235,8.20703005445859,3.88,2.69875,0.4755,0.11799999999998,0.0900000000000237,0.112,0.0334,0.0621000000000164,0.0530000000000145,0.4905,0.0,0.30525,1.0265555,0.10509,0.0,0.0
1999,367.79,1771.838,314.8905,10.8765,14.352,0.158499114708535,1.1495,2.0245,1.34,0.094,0.0167579732876846,4.1487900145e-06,0.0110000061669473,0.0324154646524514,0.148,4.3555,1.035,70.819,2.985,0.257,0.955,540.14,260.6795,82.606,16.4007690972222,8.07,2.815,136.7405,10.971,10.3355,54.3435,99.164,556.445613936924,9.06681463255506,20.4412784593933,8.1605332899361,4.0115,2.75825,0.4765,0.124499999999975,0.0944999999999878,0.128,0.035699999999999996,0.0656999999999913,0.057999999999992,0.487,0.075000003,0.318,1.0267777,0.11253,0.0,0.0
2000,368.96,1773.143,315.879,14.2175,15.172,0.209805186521702,1.473,2.449,1.57,0.113,0.0215459696567189,0.015,0.01045,0.031,0.173,4.557,1.07,71.492,3.113,0.284,0.976,542.27,259.1755,82.0955,16.3994832589286,8.16,2.829,141.7585,12.6935,11.4325,45.4425,98.06,547.44957063305,9.09131147854601,20.0346583114679,7.522,4.1245,2.81875,0.4775,0.130000000000019,0.0985000000000151,0.136,0.038,0.0697500000000131,0.0625000000000135,0.4825,0.072999999,0.331,1.033,0.11253,0.027,0.0
2001,370.57,1771.652,316.6235,17.7275,15.863,0.277602495703388,1.8655,2.923,1.82,0.141,0.0263339659154917,0.006,0.0152,0.031,0.2,4.76,1.108,72.143,3.233,0.312,0.996,543.22,257.5435,81.569,16.3920580357143,8.24,2.845,147.677,14.15,12.4395,37.8415,97.077,536.712060698157,8.57678971887387,19.5415791897093,7.238,4.2045,2.87125,0.478,0.136500000000042,0.103000000000033,0.152,0.0397,0.0733500000000286,0.0670000000000298,0.477,0.071999997,0.344,1.031625,0.11532,0.029,0.0
2002,372.58,1772.554,317.2715,21.5575,16.547,0.37838227962211,2.295,3.483,2.18,0.173,0.0323189626064908,0.003,0.0247,0.038,0.231,4.976,1.16,72.808,3.351,0.342,1.018,543.71,255.602,80.8315,16.3763537946429,8.3,2.864,153.025,15.4775,13.2415,31.53,96.04,539.139669875906,8.20686561730608,21.384500990227,7.19,4.2555,2.925325,0.477,0.142500000000018,0.106500000000014,0.16,0.0414,0.076500000000012,0.0710000000000126,0.471,0.07,0.357,1.0275267,0.12462,0.032,0.0
2003,375.14,1776.7495,317.9825,25.7015,17.263,0.517641617400707,2.8145,4.0975,2.59,0.208,0.0383039596678308,0.041,0.0589,0.054,0.267,5.193,1.227,73.535,3.464,0.371,1.041,543.54,253.47,80.09,16.3959821428571,8.33,2.883,158.1225,16.614,13.898,26.3325,95.073,541.022405423835,8.01632167775919,21.9557625684098,7.246,4.2905,2.9690375,0.4745,0.147500000000049,0.109000000000037,0.168,0.0431,0.080100000000033,0.0745000000000347,0.4655,0.068000004,0.37025,1.0234286,0.13671,0.035,0.0
2004,376.95,1776.124,318.6375,29.996,18.111,0.766842537636091,3.3655,4.8185,3.133,0.251,0.0442889567830497,0.151,0.12255,0.072,0.309,5.4215,1.303,74.292,3.569,0.4,1.065,543.09,251.466,79.245,16.39175,8.346,2.922,162.9095,17.3305,14.5755,21.885,94.086,534.83610661835,7.9402042589214705,21.6308162281249,7.134,4.327,3.03646783989903,0.483063005937465,0.152000000000026,0.112000000000019,0.176,0.0448,0.0832500000000175,0.0770000000000182,0.4605,0.067000002,0.384,1.027,0.16368,0.038,1.25
2005,378.98,1774.142,319.3485,34.545,19.064,1.10766144325213,3.965,5.6225,3.697,0.304,0.0502739530989403,0.351,0.20805,0.093,0.358,5.6465,1.353,74.981,3.663,0.428,1.092,542.36,249.4125,78.6515,16.287375,8.348,2.947,168.704,17.6755,15.1515,18.3015,93.1315,539.610604318539,8.03565687837561,22.7036657277126,7.123,4.345,3.06461240417168,0.481544373264816,0.156000000000008,0.114000000000006,0.184,0.0465,0.0864000000000054,0.0800000000000125,0.456,0.067000002,0.398,1.045,0.20367,0.042,1.3
2006,381.15,1774.364,320.1905,38.905,20.116,1.47688192433618,4.6375,6.5385,4.365,0.365,0.0610351457474112,0.604,0.3021,0.114,0.415,5.8855,1.43,75.683,3.755,0.454,1.121,540.83,247.2355,78.0395,16.212875,8.355,2.971,175.376,18.134,15.953,15.3025,92.0155,536.6361961562129,7.80601252564967,22.9161108339555,7.134,4.331,3.09904529963052,0.476076298369011,0.159499999999985,0.115999999999989,0.192,0.0482,0.0895499999999895,0.081500000000014,0.453,0.066,0.40625,1.027,0.24738,0.048,1.32
2007,382.9,1781.2975,320.9415,43.309,21.025,1.95604398787701,5.4975,7.5045,5.111,0.43,0.065,0.835,0.3876,0.135,0.481,6.159,1.475,76.402,3.848,0.477,1.151,538.68,245.1175,77.235,16.24075,8.362,2.988,183.219,18.7855,16.9645,12.7845,90.8855,545.35940203805,7.655463310221981,24.1131623195256,7.358,4.2975,3.13419670891275,0.470898762394629,0.162499999999977,0.117499999999983,0.2,0.0499,0.0926999999999834,0.0834999999999838,0.451,0.066,0.4075,1.026,0.28644,0.058,1.35
2008,385.02,1787.747,321.8485,47.8325,21.854,2.46543998659345,6.492,8.592,5.6985,0.498,0.073,1.029,0.45695,0.157,0.557,6.4445,1.517,77.084,3.935,0.499,1.184,536.37,243.152,76.4975,16.3095,8.369,3.001,191.3275,19.3495,18.135,10.7325,89.734,545.317316031347,7.42853041257397,26.4127292995857,7.271,4.249,3.16475599853474,0.466348985704846,0.164999999999995,0.119499999999996,0.2,0.0516,0.0962999999999957,0.0849999999999966,0.449,0.066,0.4075,1.036,0.29388,0.069,1.25
2009,386.5,1792.6855,322.554,52.498,22.565,3.01056699960836,7.568,9.713,5.9145,0.574,0.081,1.187,0.538,0.177,0.64,6.721,1.566,77.692,4.014,0.519,1.22,533.85,241.271,75.8745,16.3385,8.373,3.016,198.823,19.863,19.236,9.020786057641539,88.446,540.0202912265,7.201030783986529,26.188381402871,7.067,4.186,3.17997260985052,0.461422419633317,0.167499999999957,0.120999999999969,0.208,0.0533,0.098999999999969,0.0859999999999708,0.444,0.066,0.41875,1.036,0.28644,0.079,1.15
2010,388.76,1797.9145,323.436,57.5405,23.251,3.8067850266315295,8.796,10.806,6.1595,0.655,0.09,1.34,0.546243598402552,0.195,0.731,7.0085,1.631,78.304,4.091,0.537,1.259,530.9,239.371,75.218,16.32075,8.378,3.038,206.3155,20.467,20.4257266547818,7.54636072373243,87.2965,538.051812906974,7.14169784439389,29.3465477114889,7.273,4.121,3.2061861403274,0.455172509544108,0.169499999999988,0.12,0.208,0.055,0.10259999999999,0.0869999999999991,0.42,0.066,0.46,1.062,0.31248,0.084,1.1
2011,390.63,1803.326,324.446,62.735,24.052,4.7067529228479295,10.289,12.004,6.5465,0.727434885059788,0.099,1.515,0.600455674072795,0.21325000000000002,0.828,7.3,1.708,79.008,4.17,0.555,1.303,528.27,237.2865,74.5605,16.25275,8.392,3.064,213.165,21.3645,21.2011952934913,6.29025219126972,86.1085,534.079427742705,7.10298097515949,29.4946148641568,7.442,4.049,3.22458595023337,0.448215880704794,0.171999999999929,0.123000000000027,0.216,0.0564,0.105299999999941,0.0880000000000038,0.417,0.066,0.495,1.04,0.37665,0.09,1.08
2012,392.65,1808.372,325.318,67.6015,24.956,5.60849864338438,11.9125,13.297,6.714,0.809100986375495,0.109,1.702,0.661091596989301,0.22691666666666668,0.93,7.5925,1.796,79.741,4.248,0.572,1.349,525.53,235.2965,73.9195,16.1365,8.407,3.091,218.643,22.3665,21.6427606407852,5.230838072417151,84.9585,539.1903876896889,7.00280216817857,29.2996157016834,7.638,3.966,3.25754476041923,0.441603454212355,0.174499999999925,0.123999999999898,0.216,0.0578,0.107999999999919,0.0890000000000275,0.4285,0.064000003,0.54,1.062,0.42129,0.093,1.07
2013,395.4,1813.7645,326.2485,72.577,25.972,6.8434758147305,13.7865,14.631,6.696,0.902756806681257,0.12,1.883,0.721464531266639,0.23925,1.039,7.9115,1.903,80.475,4.326,0.587,1.397,522.48,233.6075,73.2545,16.07775,8.417,3.118,224.1585,23.2645,22.0156726946723,4.35384836903848,83.892,540.905191377405,6.865338952239649,35.0478841283675,7.933,3.8625,3.2805,0.434783330772865,0.177000000000007,0.125000000000004,0.224,0.0592,0.110699999999976,0.0900000000000044,0.4235,0.064000003,0.6,1.033,0.42129,0.092,1.05
2014,397.34,1822.923,327.3695,77.8155,27.037,8.23951212705993,15.795,16.0115,6.556,1.00374515539744,0.131,2.053,0.785391296009431,0.24549999999999997,1.159,8.2485,2.012,81.179,4.406,0.603,1.447,519.6,232.233,72.6435,16.0566666666667,8.434,3.141,229.082,23.8025,22.1390076981471,3.64072408269558,82.781,542.170735647132,6.71372217362088,35.3022543325495,8.493,3.763,3.297,0.427752021746874,0.179500000000023,0.126000000000017,0.224,0.0606,0.113399999999931,0.0910000000000159,0.42,0.067000002,0.64,1.027,0.40083,0.083,1.03
2015,399.65,1834.0055,328.3025,83.4145,28.042,9.98515796727267,18.091,17.5655,6.597,1.09623887633727,0.142,2.232,0.855653098279483,0.254,1.295,8.5735,2.105,81.919,4.487,0.619,1.5,516.58,230.9585,72.0075,16.0175,8.459,3.159,233.327,24.221,22.165492310596,3.08190397578353,81.6445,546.9599731559671,6.68319535604252,34.7255723187164,8.642,3.659,3.306,0.42136354125855,0.19,0.14,0.22,0.062,0.11,0.09200000000002051,0.412,0.066,0.68,1.05,0.39897,0.08839999560510915,1.02
2016,403.07,1842.1665,329.124,89.4825,28.95,11.9726022825457,20.4815,19.1555,6.66,1.20580182903276,0.153,2.426,0.931363258853092,0.26475000000000004,1.451,8.906,2.204,82.74,4.572,0.634,1.558,513.27,229.5795,71.4385,16.013347,8.496,3.179,237.511,24.51,22.2770830693417,2.6067431275156,80.5205,556.3721047309849,6.855083130413351,35.884759392088,9.039,3.5575,3.306,0.416307832397622,0.19089999560345738,0.13840000000000874,0.2247999956032114,0.06340000000000012,0.1139199956033412,0.09300000000002395,0.400000000081368,0.067000002,0.5999999999999943,1.04,0.42501,0.08839999560283097,1.0019999956050682
2017,405.22,1849.2365,330.04,95.7485,29.975,14.1533166585409,23.245,20.834,6.8175,1.32750368711256,0.166,2.636,0.990425986373232,0.2724166666666667,1.63,9.2495,2.311,83.646,4.664,0.65,1.621,509.94,228.6375,70.936,16.003512,8.557,3.207,241.0395,24.5103366916411,22.3386573746265,2.2155,79.608,552.433104730985,6.666735971478049,38.484739409712,9.56,3.4615,3.3105,0.4065,0.19499999560142633,0.14200000000001545,0.2263999956012075,0.06479999999999997,0.1153999956013334,0.0940000000000274,0.4000000000651003,0.06800000273514262,0.6999999999999886,1.0343000059604313,0.43989,0.0883999956005528,0.9859999956029313
2018,407.61,1857.777,331.1905,101.8415,31.158,16.5562412751771,26.3125,22.4245,7.0135,1.45773531528395,0.179,2.848,1.04371234625307,0.2788333333333333,1.834,9.5935,2.406,84.578,4.756,0.666,1.686,506.97,227.7875,70.3635,16.003512,8.621,3.24,244.0385,24.3707502373774,22.2765286074263,1.902,78.774,551.196104730985,6.56660654034521,39.123619991549695,9.374,3.3745,3.311,0.4035,0.19909999559939529,0.14560000000002127,0.22799999559920314,0.06620000000000026,0.1168799955993256,0.09500000000003084,0.4000000000488325,0.06880000298019362,0.8000000000000114,1.0316000079472518,0.43896,0.08839999559827462,0.9699999956007943
2019,410.07,1866.3,332.1,107.6,32.4,20.0,29.4,24.0,7.1,1.6,0.2,3.1,1.1,0.28891666666666665,2.1,9.95,2.5,85.5,4.85,0.68,1.75,503.1,226.2,69.8,16.0,8.7,3.3,246.8,24.37,22.24,1.6,77.9,544.2,6.49,40.6,8.8,3.28,3.32,0.4,0.20319999559736424,0.14920000000002798,0.2295999955971988,0.0676000000000001,0.11835999559731736,0.09600000000003428,0.4,0.0696000032252444,0.9,1.0289000099340724,0.43,0.08839999559599644,0.9539999955986644
2020,412.44,1878.7,333.3,113.0,33.7,21.5,32.8,25.5,7.0,1.7,0.2,3.3,1.1,0.29841666666666666,2.3,10.27,2.6,86.4,4.94,0.7,1.811400005466865,499.0,223.9,69.2,16.0,8.7,3.3,247.9,24.49,21.95,1.4,77.0,547.5,6.7,41.0,9.0,3.14,3.32,0.4,0.2072999955953332,0.15280000000003469,0.23119999559519488,0.06899999999999995,0.11983999559530956,0.09700000000003772,0.4,0.07040000347029518,1.0,1.026200011920893,0.43,0.08839999559371826,0.9379999955965275
2021,414.7,1895.6,334.6,118.8,34.9,24.9,36.3,27.1,7.2,1.9,0.2,3.6,1.1,0.30581666666666507,2.5,10.65,2.7,87.4,5.03,0.72,1.8742000072891756,495.0,221.6,68.6,16.0,8.7,3.3,248.9,24.62,21.75,1.2,76.0,545.3,6.61,41.0,9.0,3.06,3.33,0.4,0.21139999559330214,0.1564000000000414,0.23279999559319098,0.07040000000000024,0.12131999559330175,0.09800000000004117,0.4,0.07120000371534618,1.1,1.0235000139077126,0.43,0.08839999559144009,0.9219999955943905
2022,417.07,1911.8,335.9,124.4,35.9,27.7,40.1,29.2,7.4,2.1,0.2,3.9,1.1,0.3141999999999996,2.7,11.04,2.8,88.5,5.15,0.74,1.937000009111486,491.4,219.3,68.1,16.0,8.8,3.4,248.7,24.62,21.44,1.1,75.0,545.6,6.55,41.0,9.0,2.96,3.33,0.4,0.2154999955912711,0.16000000000004722,0.23439999559118663,0.07180000000000009,0.12279999559129351,0.09900000000004461,0.4,0.07200000396039696,1.2,1.0208000158945332,0.43,0.08839999558916191,0.9059999955922535
2023,419.3,1922.5,336.9,129.5,36.9,30.5,43.5,31.2,7.6,2.3,0.2,4.2,1.2,0.3225833333333341,2.9,11.39,2.9,89.0,5.2,0.76,1.9998000109337823,487.2,217.0,67.6,16.0,8.8,3.4,247.3,24.49,21.24,1.0,73.8,548.0,6.5,41.0,9.0,2.87,3.33,0.4,0.21959999558924004,0.16360000000005392,0.23599999558918228,0.07319999999999993,0.12427999558928571,0.10000000000004805,0.4,0.07280000420544774,1.3,1.0181000178813537,0.43,0.08839999558688373,0.8899999955901166
