"em","sector","units","X1970","X1971","X1972","X1973","X1974","X1975","X1976","X1977","X1978","X1979","X1980","X1981","X1982","X1983","X1984","X1985","X1986","X1987","X1988","X1989","X1990","X1991","X1992","X1993","X1994","X1995","X1996","X1997","X1998","X1999","X2000","X2001","X2002","X2003","X2004","X2005","X2006","X2007","X2008","X2009","X2010","X2011","X2012","X2013","X2014","X2015","X2016","X2017","X2018","X2019","X2020","X2021","X2022","X2023"
"CH4","1A1a_Electricity-autoproducer","ktCH4",3.10489886442304,3.47632785062087,3.34192904957235,3.71539110723143,9.04755194279225,8.95252180003465,9.52328167310043,9.65223275423052,9.27615242259769,10.1893311982344,10.586652864528,10.1545287838686,10.6171002223646,11.3004189124129,14.5415889823334,14.8013945657262,16.1677696307439,16.3580393285852,17.3468332271271,18.0361543088398,21.816173812149,23.032507842617,24.8466969796717,24.992363043209,25.6468880546031,28.1443111260364,30.7082636279629,31.2344250263265,34.3633080994036,36.86496247218,35.5349288678398,36.0371612409562,37.9484275514122,40.5453540025512,45.3980486323943,52.079770700202,59.6451614856505,63.2907157597536,71.7333669054049,79.7357126235368,95.8276331419114,99.7514791944874,106.148439461532,115.427809770359,128.68452789347,136.086603362093,149.345822555721,158.209672838351,177.315333845943,189.255215752939,197.156500205079,226.276213695086,233.515255194061,221.405285588244
"CH4","1A1a_Electricity-public","ktCH4",103.779015060835,112.046217258119,138.784333853536,163.360341727548,131.162495888032,140.898974772778,136.739713276295,135.380439491814,127.87485996803,136.1732598507,131.695997059656,124.690313962961,127.941208360261,126.104322759638,134.232088128745,132.372022158419,128.570230038799,145.063946050111,161.340604569386,200.868520120476,180.911247477763,186.353122909407,189.634813391161,199.874554034902,208.98881853333,220.525617014363,234.116189319964,240.643867523048,251.688658548634,275.720460238591,298.674750293833,310.730678731903,322.421387679927,339.203123325371,356.216948507712,364.276319786748,390.477329492223,409.797552708138,431.616803190514,436.111831886226,476.244534644459,472.591328172781,505.938836583353,506.493266319592,524.896680745313,543.250001936145,567.891285792094,575.295995742467,576.324132824883,572.544935792003,544.049628060033,571.833625853406,555.696839943995,539.845416783892
"CH4","1A1a_Heat-production","ktCH4",25.3308507537353,28.0016492660752,29.7971693211085,31.0349955378875,32.8610001141753,34.7387744037398,35.7800150316303,37.0587377043986,38.347719489705,40.0790338271141,45.8678058607901,47.541416810114,50.3954213912618,53.2922214522441,56.459509892247,60.7503705814006,64.3861849770303,72.8458782152386,79.2883842497478,86.3178687434518,98.7661072789512,98.9809046303688,107.315101936235,106.080046176834,106.0662440534,123.521846180429,128.387463317381,121.457825248773,120.618023886833,136.218737861116,127.088413598636,131.946608130892,137.461685995658,151.354423555932,156.115445376516,167.786486848804,172.416612585779,179.612475339832,186.102120404952,199.26086744878,219.827018983062,233.969587502509,263.268185115941,293.460142273535,301.440501717334,298.95242036233,300.95477313014,286.256429444784,289.508502573061,300.04760568081,326.424652337089,329.19940112036,320.858921878008,320.219992565839
"CH4","1A1bc_Other-transformation","ktCH4",12.3218910680038,12.5384189863769,13.2300506694099,14.5792503694419,14.8264243756903,14.3697812909598,15.3321114769058,16.7069062423949,19.0815224902158,20.4139972272431,20.290400950898,20.2774497030584,22.1419537731972,23.7412668239506,25.2534614047242,27.8881957345312,27.6106227383514,29.7800589576872,30.13981888133,31.2199258324815,31.2610177887698,32.2588613599889,32.5427870137829,33.2234416231734,34.6410071175013,35.3020723993304,36.1836298146473,39.4292231223939,39.4758301062783,38.6878159021868,38.0768083545108,39.5804681825908,41.3869332891582,44.9107115543875,45.9950576577581,48.4294300903724,50.8831491097708,54.4953555377093,58.6592570359785,57.0326914534039,60.4946083602718,58.189592701213,59.0441623229923,62.4200534743448,59.9404687126571,61.3990044382879,59.5525053926957,59.4913131093668,63.8666892660267,67.5367648999429,62.6877765636528,61.7001505008116,61.0534926014437,61.4721311287644
"CH4","1A2a_Ind-Comb-Iron-steel","ktCH4",31.4325707967371,42.0133604131578,40.8662947437835,43.0501263203137,45.5387384155077,45.7026421874052,48.0123477765316,49.1714761198847,50.1192025590767,52.9942375248945,65.6825282552454,62.4618789272499,61.08402976514,62.6042399512142,68.2572698708515,64.99725086704,68.2395499469171,71.145697348969,75.266466467162,76.0146195085309,79.1251281211134,82.0753588802266,79.8122504809688,85.6666021660011,85.7381125933765,102.145419208674,94.9054514008012,97.7435412469236,93.4757298694552,86.4037378526111,98.6974374696961,96.9668258325892,101.401395285488,111.188482299055,124.186455370329,139.069057185428,144.07918878797,162.684553282683,169.330924099416,172.377285818493,187.448711718094,209.590761021874,213.364126512819,230.083921735341,240.180670385343,234.38650033838,227.418662212598,229.427872473108,244.985088608333,236.92641727392,216.748055481753,222.357876931532,225.84573701556,234.378011053603
"CH4","1A2b_Ind-Comb-Non-ferrous-metals","ktCH4",1.80640718462907,2.32434160118737,2.52214768689211,3.37877916428289,4.17904020784243,4.33292383799477,4.51779388462708,4.62849592523996,5.02299665695432,5.20320946377907,5.20455274615341,5.41039575577845,5.56114198248415,5.87468279469899,3.99157620650512,5.88091434142879,4.86028096692507,5.10455003352097,5.69089339840253,5.66048132174784,6.0880163336441,6.44646599128641,6.72006756028383,7.30335116442538,7.63145487659601,9.43109300297343,9.43317912788634,9.38989030078651,10.3226626123354,11.014779626561,12.4541520083549,11.6902774932255,12.416808066518,12.1493017647717,14.8658565658722,15.0871659389275,16.4186222666539,17.6831239642418,18.5710624086681,17.6495567245818,18.7833439742846,19.6501576790125,20.4345675992105,22.9912727416935,24.0020260265074,24.2918340121883,24.7479159138117,23.7304456474685,25.9223787895053,25.3239119385289,23.400082795524,26.0178488596425,29.2737759970932,29.8408441772439
"CH4","1A2c_Ind-Comb-Chemicals","ktCH4",12.0299447246464,12.5507282045427,13.0475294849384,14.0107372104165,14.364511439658,14.1530787925965,14.9951465992909,15.9703963287697,15.9085932995288,17.2329728165562,35.304994930013,35.6934038657986,36.1941347936449,38.0293237581862,40.3801258993154,31.8481155033234,31.8892840784685,33.7850211120943,35.3474567084318,37.4325226931472,46.2650615736052,48.6971245110219,50.6317716902185,55.2444856349073,58.7177122367615,68.7680359124928,69.2183292422647,66.4968109528759,65.5774243693978,62.6654711488928,66.6494705765485,63.5589393716543,64.1981734682998,67.0046913584819,74.7557891822769,81.5211856134975,93.2220702523175,96.1594043220262,86.7155260515685,82.7707358154267,92.7570799592062,107.759902088782,108.46580249517,115.502522625805,113.958494547518,115.150228578434,107.359121031376,111.241691340281,116.55914933044,118.446325739521,114.776940455707,119.602387208357,111.617772430597,112.94907893685
"CH4","1A2d_Ind-Comb-Pulp-paper","ktCH4",4.33627023880791,4.64534711574041,4.99160690372503,5.65486726505619,5.96942815879274,5.60230600587963,6.10544003529981,6.61245039337023,7.39759874360459,7.90679802772268,10.1761137501506,10.2698977134036,11.4996989108245,12.1782118239012,13.2755888162492,14.6436789207217,15.2475515491735,15.8892084653642,16.6986802139225,16.5788707266982,17.1299672357037,18.3404780537739,19.9028615344082,21.5236516152717,22.6585365849588,27.8758158410679,26.6382392922389,26.3609767355885,27.0888731377225,29.4306962524319,33.2366331121284,30.8871066046803,32.4747359353654,33.9678978976039,35.2766736252795,37.1671511761176,36.5036670934937,37.5039589746996,38.3123516993024,37.5324688748668,38.4664623732361,37.6575715966109,38.7037312415199,40.73297659999,40.8402655813204,41.191342896691,42.0823695516134,44.0464250857586,45.0710587010219,43.0330970856843,41.3786711002507,43.5007953758548,43.8038931923503,43.2186561471
"CH4","1A2e_Ind-Comb-Food-tobacco","ktCH4",18.3765094711441,17.3351061099698,18.5276078869614,19.6504924566628,20.0785302206449,19.1845262797052,20.8120723304304,23.0019896443349,21.3806376244805,20.9450217673745,25.5970539142506,27.3202305007948,28.9338248149907,30.1872557272797,30.6708636421937,30.2755252831259,31.0690132526804,33.7611023188799,32.6324078237914,32.4318434832514,34.3768842620567,35.691150333759,38.1696752122817,40.2850925349389,43.4915387574704,48.8615543264903,48.7085261662466,47.93471385583,49.306496485858,50.4932413667804,51.9787521071082,52.7430060976368,55.1898870840443,58.1266213302023,64.4978382775989,63.0534383847328,67.2601743617109,70.3087335729724,69.6486259762631,67.1263894844793,71.2502537188646,70.8816614499613,69.701610066212,72.5168483076057,71.3775996944709,71.9336492062543,74.9449230206041,76.5404288098363,73.9337562989145,73.6626489579569,75.9739493134091,76.2612113326284,77.4987926577373,76.9588697113824
"CH4","1A2f_Ind-Comb-Non-metalic-minerals","ktCH4",12.9286280808166,13.498975392701,14.6528230281373,15.7680814675958,16.7396407447101,18.0417904682147,18.9121867443231,19.7601688537962,20.1855075055887,20.6655728661187,31.2277612775492,32.3384652302648,34.6545501572785,35.2373319201576,37.0967477160086,43.5988495224083,45.971636752096,47.6992471229172,49.380087267831,50.3872997758759,52.0385006800319,55.2904211515102,57.1141913243012,63.3568387569089,68.1623085814135,80.4116424361233,80.1843856737626,81.1625660650834,85.1416187586075,81.8235064213016,82.6502054000759,84.7554596719502,81.1252673482378,93.001162516685,106.905972706898,115.300291095774,111.297191179243,115.180378763021,117.187936137267,110.68547018022,113.375496090532,124.378710615662,126.896841975055,133.208651223403,138.77880433076,136.932151527223,134.757623351491,135.20052623309,138.068663468568,138.426989046408,145.09842628761,148.829489120241,148.572079203918,151.598204319181
"CH4","1A2g_Ind-Comb-Construction","ktCH4",1.63365942592294,1.50587388647825,1.64984792012176,1.88211233482824,1.77026956151648,1.78551083910163,1.86291874301875,1.87810951588492,2.0947078526462,2.0433886331436,4.494758020357,3.98287346542158,4.27852442992592,4.73769449179731,5.35677799501814,6.46981314057347,6.91330214380062,6.182847375626,6.13051708091464,7.21604999405025,6.27921348942465,6.09336938194936,6.13889829389436,5.09395209036345,5.09373642246919,5.42959312272615,5.92506689477481,5.05155124475462,5.45008174721397,5.14924151283143,5.10324366368847,5.04015296399388,5.97517806805358,5.67847738872455,6.07490750676564,5.87833514885416,7.30355959694833,7.21086779270206,6.53971186125316,6.39712241230206,5.79475239678482,6.19885658321918,8.30512971943263,9.46605154416519,9.70111564501942,8.7279494883056,9.38667070469967,9.28398406655283,9.7312402294765,9.87454870002281,8.81570012814672,9.60671110755687,8.66479093584818,8.29259229688006
"CH4","1A2g_Ind-Comb-machinery","ktCH4",2.16722062584719,2.58562677048783,2.86510991466693,3.09168971809147,3.16157552352508,3.25022972453618,3.59334203801001,3.60033145202345,3.70963363302358,3.97349902277686,9.96895710259158,9.30606408112242,10.0222144557433,10.3603466402172,10.8451661997324,11.2083010748012,11.3781443109041,11.8455721352489,11.9587099191246,11.6577188118602,13.0157254892055,14.5869700301763,15.0821941303302,13.7058204715032,14.647340075972,18.2642114692632,16.9931035603293,15.7385525095653,14.808957682578,13.3431966959801,13.5473981696456,13.8935741084346,13.5733539828779,13.4726703038961,14.5431488321586,15.8188343080534,17.1835650716324,17.4417725013954,20.1465327552468,17.9419140736909,18.8197408037898,20.2510707207661,18.236514116715,19.8954870958829,19.9074793268481,20.1452069767006,21.877471931575,22.0561704486337,25.7018792459987,26.7112496392848,25.2564929095085,26.3687524063693,26.7260555622809,27.4628745548983
"CH4","1A2g_Ind-Comb-mining-quarying","ktCH4",1.31439472124472,1.50762390272684,1.54925471294767,1.96670668442743,2.13112778418284,2.09544491427048,2.13900310873291,2.25959395269501,2.71181287433189,2.81138025457479,3.54637035204644,3.54903060262848,3.43283198444276,3.46919872820917,4.09034185671534,4.06822173376711,4.32443813769389,4.39902846684194,4.27342543262556,4.64485149045179,6.6557901957423,7.07940285537318,6.95828031950075,7.10364376387062,6.70767017082654,7.34131006041232,7.30195019762453,6.5576428786392,6.31332151873863,5.81457398068644,5.95220245567672,6.37499598595954,6.43283000613788,6.98131441536845,7.86917235269501,8.11775896576546,8.375236367528,8.76263795423989,9.92466236326493,8.25472227296635,10.7731667400639,11.3287357091252,11.8909641498806,11.9501608285697,11.8830977518451,12.0467982658241,10.4214693415085,10.6367626999825,11.3440993223167,12.3944358005295,11.6474149380474,12.0786091815063,11.4803471467873,11.5981675901317
"CH4","1A2g_Ind-Comb-other","ktCH4",116.777157352046,120.132248822215,123.468279760666,129.840951546079,131.709778807679,133.574107576106,139.052554334786,148.946962138977,154.812868287822,160.162348561931,107.426327009944,107.197344001678,102.639533886283,106.082716550835,115.393886297432,112.13867709604,116.188980415099,122.921446005672,126.536775681401,121.021505821839,112.291505154206,108.595792737388,111.745136563393,102.913532485443,104.284027274074,85.08887080373,87.4374460586212,95.9650058442003,100.050872671608,100.932953705195,100.052060147954,106.98721021947,108.675622768539,111.558285435395,123.277108855805,147.875686917531,156.298118579887,153.219613051842,159.920673587903,157.752215270045,196.136098476383,171.972336845506,177.082386590406,179.76400369057,171.425280809742,168.668219995183,167.895386900155,171.531816938277,176.965962741758,180.639958857471,182.614773227928,195.670354579613,198.570012652745,201.718631444237
"CH4","1A2g_Ind-Comb-textile-leather","ktCH4",2.79127318683586,3.00830800410641,3.19650810128136,3.18105465773678,3.12366833610876,3.24894424285871,3.44354666368682,3.46337734608523,3.53769231290834,3.52554358440992,6.82776428761155,7.36208342289318,7.67197946128494,7.86822526258739,7.9780209261955,7.49252397443868,7.86381147352076,8.82721090710609,9.43197775803182,8.86338946912789,9.48695363178359,9.95791850212894,10.5438967630076,10.8411424797956,11.9007877820439,15.3946095165119,14.6519695415713,14.3199743523697,14.374143876922,12.5261410389937,14.5750271843351,13.5165180103985,12.8774663864779,12.8582636560626,14.8408713243203,14.6644462691949,14.0108732349358,13.3968018032393,13.6072407062319,11.9369270567257,12.2501119682263,13.030820167349,12.5365445943923,11.9619219781615,11.8370291955896,11.9432307368885,13.0288914229413,14.4702703483646,14.0413371900319,13.8587889736182,13.1683321812034,15.4478568801647,13.5098295806633,13.7134834356334
"CH4","1A2g_Ind-Comb-transpequip","ktCH4",0.592934952525571,0.716764237156069,0.764816357243037,0.779213944532827,0.776054229274519,0.76012200587188,0.809939560812653,0.859032343960268,0.860825761249716,0.928440415194418,0.849891574200415,0.864712352405086,0.843634222419907,0.851704786829029,1.07228085263533,1.08960755644747,1.11131073196902,1.19827075856734,1.1536987553376,1.1344351155297,1.20986439468328,1.23160871321286,1.27912514345982,3.09287560391837,3.30526359941629,4.502182992327,4.54459329392547,4.59050175078856,4.91410943701257,4.70312182911949,5.2881876857224,5.25456888832815,5.30341171611957,5.20626927798522,5.47388136640857,5.46076324983103,5.7171482276604,6.50662259993949,6.84818796332473,6.36941825157895,6.41576397560211,7.50881129932146,8.58383384032081,9.24644102700319,9.22386999017262,8.57713561169318,8.67412444456062,9.65254851122562,16.6439688551008,8.94756667582541,8.04513765306087,9.45436619294733,9.54049888105064,9.65056052092309
"CH4","1A2g_Ind-Comb-wood-products","ktCH4",0.346878513673082,0.36326669787638,0.384759658197504,0.475290057370625,0.507428187791583,0.520881542117009,0.559821747343154,0.594684945187167,0.622925280032612,0.651447555566313,1.33822464688609,1.31718507462409,1.3025554004382,1.32960282071546,1.50762214161069,3.0163279985301,3.07259237461518,3.2986120397179,3.49620604191656,3.57251852338483,1.39677777285187,1.49742953460915,1.57522010593163,2.18617965088145,2.44278056854581,3.17581376163101,3.30737950474295,3.39537435091694,3.53573618771914,3.66983063440816,3.48187089698657,3.32495513129619,3.28656571751387,3.47227744498164,4.47355263742003,4.42315832908729,4.29974322488309,4.33567851852911,4.49576338339644,4.40509424044578,4.18300960340897,4.43784764425091,4.38126659034858,4.66723752220103,4.46475567365123,5.36273383211172,5.58560648234522,5.63823952582023,5.83488968021224,5.7785002045257,5.54921166455444,6.33638653199526,6.45119915435969,6.44502456090349
"CH4","1A3ai_International-aviation","ktCH4",0,0,0,0,0,0,0,0,0,0,0,0,0,0,0,0,0,0,0,0,0,0,0,0,0,0,0,0,0,0,0,0,0,0,0,0,0,0,0,0,0,0,0,0,0,0,0,0,0,0,0,0,0,0
"CH4","1A3aii_Domestic-aviation","ktCH4",0,0,0,0,0,0,0,0,0,0,0,0,0,0,0,0,0,0,0,0,0,0,0,0,0,0,0,0,0,0,0,0,0,0,0,0,0,0,0,0,0,0,0,0,0,0,0,0,0,0,0,0,0,0
"CH4","1A3b_Road","ktCH4",663.991199977502,709.355644758167,760.348593961402,811.867405283069,811.299684205352,846.89882943856,884.697358141018,920.745757434845,970.853362562707,987.839793054867,985.938298169563,986.940356884916,992.188335337169,1010.10272473218,1034.39218384689,1046.38641088483,1092.21595970998,1136.64943374843,1188.88328678518,1230.24260343866,1254.40599638361,1269.49907836755,1302.79121850924,1332.67261591489,1338.06569304304,1369.3943316828,1381.81602636677,1350.8843175354,1316.78392653884,1270.19845582083,1249.44531162212,1221.93018047405,1212.88341037765,1217.9210841059,1228.19299895124,1228.52683555901,1210.58608348403,1237.44412057129,1318.56171318391,1358.41923919384,1409.44687613473,1452.34847624279,1462.86894556388,1483.43038736372,1486.32571405759,1507.36277842021,1497.82695244744,1490.34188031005,1486.25795268941,1482.32422886917,1341.93992846602,1375.72786486289,1363.63300412963,1381.343335358
"CH4","1A3c_Rail","ktCH4",17.9979870588762,15.2928712610732,15.7263288107841,16.2854034660946,16.325636497491,15.6770997761463,15.4693203021294,15.6072332358093,15.3925892489467,15.5408487771081,15.0716707109952,14.8207168123621,14.118506676005,13.0227768539642,13.2829178058113,12.8164259421559,12.87075067619,12.8640260819442,12.9507023484092,12.7000346117865,12.489309322278,11.8776489639337,11.570115050559,10.6265912457544,9.86382432107513,9.70292767616209,9.59854273061201,9.05156714145832,8.515829731466,8.14444556986391,10.6137689635991,10.2127042472693,10.0996031058754,10.3575017164678,11.094786984887,11.736815926893,12.1114003902131,12.1684872886341,11.6683265012862,10.2262193725155,10.5774884505342,11.5407930737156,11.0456081424325,10.8716148552932,10.5298843504029,10.0914053500364,9.83550606685718,10.0582630257492,10.5115394220231,10.4813556931671,8.85950912684616,9.5501621756972,9.99727747296588,10.2186342365573
"CH4","1A3di_International-shipping","ktCH4",6.23534604309283,6.37072198939265,6.66690013917101,7.0002604363749,6.49900614195317,5.96274336962412,6.13915287147457,6.10377037995834,6.13294665697137,6.31800376015771,6.14178387460167,5.66922313861259,5.09365924492752,4.7777882804041,4.94950580822288,5.39077191203946,5.75063159882158,5.98505292107936,6.53782555102814,7.09948384097143,7.1295717415575,7.66739253183245,7.81763967319219,8.21095421593031,8.60167556183809,8.88989111267535,8.74486953463478,9.54983797742674,9.50683622664583,9.52519842436083,10.3223813787133,10.4298289984751,10.5984505800247,11.2505693920233,12.1966581569969,12.9450026480816,14.1188111694376,15.1501503851929,15.9645604388841,13.4260343257355,12.3654131089773,13.8995482991648,12.5649206270054,12.391245563534,12.5034733637857,13.1801772909331,13.8849839342608,14.6114265760032,14.8339713328949,15.771853003951,15.370796665342,17.251875126901,16.2551083415135,16.549020373911
"CH4","1A3di_Oil_Tanker_Loading","ktCH4",0,0,0,0,0,0,0,0,0,0,0,0,0,0,0,0,0,0,0,0,0,0,0,0,0,0,0,0,0,0,0,0,0,0,0,0,0,0,0,0,0,0,0,0,0,0,0,0,0,0,0,0,0,0
"CH4","1A3dii_Domestic-navigation","ktCH4",2.36270297372545,2.57584671885298,2.58988621580082,2.6381671137262,2.79134831619436,3.01497387890741,2.87693359249909,2.91663668549495,3.01890817831234,3.15961659791194,3.40331266483021,3.41052313960557,3.39325755445999,3.31546644175781,7.04222083966497,8.43356923148226,7.5029529391094,7.55830392641026,7.82839840155723,8.00695317021086,8.31167441213037,7.59962353520337,8.39193732939742,8.38470529206782,6.53856473992146,7.28213693838069,7.08919358482426,6.56220029361419,5.76794112937992,6.09943758974721,5.81144554539541,5.33149281062888,5.42520199558283,5.55840765574349,5.33735962128743,5.75763988021863,5.76309970724692,5.93727488168785,5.4651355290178,6.14977044852753,5.56390737412137,6.20910596802305,6.41658605757279,6.63696725803063,7.24621996456691,7.24120775614022,7.28926587555664,7.40978664720119,7.21475612262024,7.4876115952154,6.20105931619741,6.49655727662395,6.785201301705,6.97299290389353
"CH4","1A3eii_Other-transp","ktCH4",123.322281940651,124.139492189152,128.007330452832,122.483451683468,116.040876095622,103.835279100085,99.166256088233,97.5867706502935,100.44485342292,136.482883797541,144.026430250551,147.478705324003,138.888164196585,120.293979349695,134.010618669693,138.142699879001,131.178937079732,144.377711849176,169.555087540483,177.442938698041,178.250667957735,210.844289295561,260.678269850132,305.18295209505,340.095013289261,392.407252680944,426.056644596109,368.074585757081,373.31611917307,332.909928827027,275.18485512434,264.531523207502,269.228080008948,291.391457213889,286.124646760627,280.529669659599,272.188866583551,281.641234442712,270.30390177106,219.764637235677,250.606047599528,259.119084741648,223.072475860789,216.112868359499,209.127218760811,201.281062344599,208.48141228482,209.211476362268,213.436112578479,206.233777760725,166.950998734608,186.407323282181,186.329209339006,182.24750719721
"CH4","1A4a_Commercial-institutional","ktCH4",136.850275984619,150.282263653399,159.779378703915,163.80512743005,167.14770427423,168.967042089337,181.145273696574,181.027017340101,191.972225723635,202.389356478931,195.638993510286,196.841712073392,201.934071728719,202.713828246932,225.054889362724,232.723052673756,242.755881904151,241.598427858259,262.381443590933,268.243969582917,294.034934319552,311.658156162883,302.518807301076,301.891651165546,282.67677993472,302.743867336707,316.392541811492,302.781174325325,301.942726840395,309.372577484103,311.796347245819,315.150719354092,309.739848170228,338.02282583551,361.230178637547,369.618417532612,379.506645760244,375.296552888795,377.038959906512,369.392708307375,386.601074670154,372.744610307755,379.162716017872,394.131260228667,383.569166205331,387.75862757157,378.614431720549,381.0895215897,393.828068662551,407.125960154867,360.359787452044,383.627245472802,378.385011959344,372.891195041181
"CH4","1A4b_Residential","ktCH4",6493.56173533955,6621.86639270322,6761.74497422549,6869.53146482942,6974.40746277844,7130.98846646829,7233.81604646249,7339.43812773037,7444.02568948029,7597.08383039693,7675.69653279501,7688.92906635626,7760.28113214279,7808.38923737641,8004.55226816945,8217.79866769121,8362.48413019931,8477.04650828309,8642.9865405929,8769.55852496105,8973.65460735837,9193.03506017807,9166.80643384385,9308.79582763968,9135.98212138966,9215.72774366852,9256.43176272205,9270.59355453669,9231.74978642313,9327.79365935155,9353.25970986438,9247.67034143778,9250.67030186279,9305.14464358065,9265.32409475704,9226.19714812836,9211.41363113526,9086.15164769939,9047.61605221862,8931.51468656478,8956.52807000555,8835.84202854815,8742.6577548669,8763.39288243989,8637.08066469947,8604.11140663177,8548.60402634006,8594.8800586047,8586.33282144063,8629.58128984732,8544.90883784,8693.0773949479,8577.03657819062,8525.37543405362
"CH4","1A4c_Agriculture-forestry-fishing","ktCH4",59.3619338024577,65.7136951134695,67.1508186023155,67.7652704208986,66.9761141034028,70.1045704051602,70.1185071858309,71.2532104501377,73.9113054409709,75.3959217082887,74.2232797047767,73.5709346159899,76.2857931924741,75.7603904020687,85.7702624409635,99.2233169558922,102.815756527354,105.671640251691,111.320866882436,112.477066347737,108.683334767358,104.984336656014,104.229903881956,102.619247477228,93.8899068858876,93.6622145818869,82.8055754973859,86.7858872026258,83.0548525036573,80.6702712410558,69.7534275335777,68.9221216987506,72.5864785749169,75.3701057107967,79.4860344352918,82.6526726880979,82.2356259816033,83.7912763511493,83.2195511785483,82.2999444688155,86.0007205367697,87.3080486332634,87.483008075398,89.7701484289025,86.9858064608703,89.4545162224584,89.7624923110042,91.5478570664223,90.0543519847184,91.2571407178404,90.8224314814043,92.3176749066849,89.4636674623915,89.3660036679537
"CH4","1A5_Other-unspecified","ktCH4",21.418621245762,27.5166518212766,30.7471460813824,35.0588716065183,36.8693944742434,39.6514640558142,43.8228224642049,47.3939353385012,51.1075179946168,56.8527015029862,57.1254757789785,59.5413909069454,58.110178668331,62.7202158593804,47.6940694953039,43.401693388034,45.3276404007371,51.7443645092428,41.5150158722483,41.0429651798703,26.3784957466843,37.8502315765661,42.6373120991478,54.1013418983923,65.3068636667277,28.2890863626818,25.2593484619372,31.2454316144598,31.2465010557114,38.5885595441718,40.7932249406898,38.8963235038749,37.8221679970916,34.6937027699899,35.0625829584385,32.5101818150098,29.5940504156845,30.2213537993421,40.585950795683,33.6310091471329,34.5930485636724,25.9552412762246,21.9398070167604,17.8325308792482,25.5933750179835,26.3832265680568,32.6798357976863,40.5060998271148,42.3658292088109,21.9772252461542,18.3722054031078,15.7547016045,14.8558536926768,14.6992691660917
"CH4","1B1_Fugitive-solid-fuels","ktCH4",24944.3985090392,23910.9742815713,23923.215447195,24110.667196881,23685.9746525676,24895.6983732615,25050.1148195576,25540.5098769241,26094.8435357653,27361.2638101228,27573.4792638192,27278.9341440281,27927.3731247884,27805.2551962529,28377.4730407314,28864.3545461806,29804.9003779572,30366.2827258338,31015.4924203824,31693.6160370356,31335.4674820079,30304.823226421,29775.9252058119,28665.9116879932,27922.5538955478,28328.5160985099,28086.3321193351,27917.6410225452,27246.5370775223,26917.1616203974,27519.9474815264,28157.5856982832,28146.4115232399,30154.7342560987,32209.7646895967,34047.9424317715,35731.0408146101,36922.9169835944,37846.4988912035,38210.6048247058,40359.3992202984,44142.0839045082,44676.7695950098,43760.4922943185,43910.0249155203,42728.5724015427,41520.1190395316,42974.7798361336,45503.9050369755,46649.692435459,45374.2457272368,47277.7274871538,50254.039444619,52196.2006332913
"CH4","1B2_Fugitive-petr","ktCH4",63899.1472277333,61747.2232989501,63889.4911106358,68622.7143855038,66515.8383720425,63789.5099634339,66062.0680612059,67579.1979959889,68018.6065670006,70124.3766253912,65883.9578572343,59408.0925618975,57266.0963063166,56591.5879736885,57536.7771328692,57135.9959741571,59367.5397104446,59459.8184954424,61815.0258430397,63085.7367951667,62853.8314419676,60659.4334405585,58409.3079615155,57174.3898152496,57898.961325444,58956.4679345031,62373.5320050192,63032.2127987828,60799.3167192083,58220.5923607526,59884.0853149613,59721.4022399372,57247.6777351964,60559.3855823377,63220.6865597941,63520.6264398006,62458.1553075087,59522.6538395063,59643.4979405525,57352.0928998009,56648.6176001112,55201.160082863,55467.5662399709,54079.2389597945,53336.172220819,52938.2563282717,53035.0324320694,51842.0654247573,50824.9070354512,49004.785172624,42108.6895835401,42477.3520050167,43835.803702455,43739.461721463
"CH4","1B2b_Fugitive-NG-distr","ktCH4",8157.24482457701,8507.54085585699,8770.5471135822,8972.21428336839,8990.76967018262,8932.98940622839,9242.04837106742,9309.26521597141,9470.25704708898,9741.86126225224,9826.53742653158,9871.36189655518,9747.00760619893,9676.0787072725,9785.94232764188,10055.2113951733,9855.5856843869,10464.0726408804,10942.8014362018,11223.9281649218,11134.2582018331,11277.6595883104,11336.8004777246,11416.2698991046,11180.1513817214,11162.7997048828,11571.7838049875,11665.083444951,11735.5403629468,12287.7747623514,12601.3293270723,12481.0107307211,12439.6094153394,12686.9374932433,12702.8033980237,12671.4479393957,12699.9853014381,12829.1369300849,12753.5120605892,12047.7635378626,12515.2797154064,12534.3882436959,12269.942731556,12248.8593090423,12139.9067306604,12010.9272256482,12080.5106945749,11967.8068108331,11732.7880540852,11505.9608146662,11271.7780417683,11174.2599362985,11307.4982491157,11350.8727369168
"CH4","1B2b_Fugitive-NG-prod","ktCH4",5472.38749440884,5641.53054860727,5883.57862647113,6208.97356954745,6239.36965279999,6163.59737151764,6383.66328354614,6649.20640735919,6767.42543585912,7105.95396050422,7178.58265981191,7253.8460066803,7319.3634342129,7194.6563625141,7579.61676231613,7700.0709768083,7886.04480810692,7971.51675175175,8205.66410030668,8408.38474508241,8543.289865802,8810.64991933977,8980.24400026383,9303.96106774789,9794.9061299092,10009.163158483,10703.2325764998,11189.5757988012,11480.6447008132,11713.937092942,12107.2312157866,12617.2661914777,12746.3118808054,13265.057479999,13721.3280910862,14063.0012128472,15461.3770433426,16109.1540871928,17044.3616383283,16710.3901750512,17495.6801532231,18302.9835260186,18701.6849506119,19318.8071028396,19838.7819626802,20180.8228085925,20018.371746461,20258.7601696118,20447.3765192885,20147.0124102423,18991.8398404733,19903.9369741297,20058.2301171775,20111.4780034818
"CH4","1B2d_Fugitive-other-energy","ktCH4",0,0,0,0,0,0,0,0,0,0,0,0,0,0,0,0,0,0,0,0,0,0,0,0,0,0,0,0,0,0,0,0,0,0,0,0,0,0,0,0,0,0,0,0,0,0,0,0,0,0,0,0,0,0
"CH4","2A1_Cement-production","ktCH4",0,0,0,0,0,0,0,0,0,0,0,0,0,0,0,0,0,0,0,0,0,0,0,0,0,0,0,0,0,0,0,0,0,0,0,0,0,0,0,0,0,0,0,0,0,0,0,0,0,0,0,0,0,0
"CH4","2A2_Lime-production","ktCH4",0,0,0,0,0,0,0,0,0,0,0,0,0,0,0,0,0,0,0,0,0,0,0,0,0,0,0,0,0,0,0,0,0,0,0,0,0,0,0,0,0,0,0,0,0,0,0,0,0,0,0,0,0,0
"CH4","2Ax_Other-minerals","ktCH4",0,0,0,0,0,0,0,0,0,0,0,0,0,0,0,0,0,0,0,0,0,0,0,0,0,0,0,0,0,0,0,0,0,0,0,0,0,0,0,0,0,0,0,0,0,0,0,0,0,0,0,0,0,0
"CH4","2B2_Chemicals-Nitric-acid","ktCH4",0,0,0,0,0,0,0,0,0,0,0,0,0,0,0,0,0,0,0,0,0,0,0,0,0,0,0,0,0,0,0,0,0,0,0,0,0,0,0,0,0,0,0,0,0,0,0,0,0,0,0,0,0,0
"CH4","2B3_Chemicals-Adipic-acid","ktCH4",0,0,0,0,0,0,0,0,0,0,0,0,0,0,0,0,0,0,0,0,0,0,0,0,0,0,0,0,0,0,0,0,0,0,0,0,0,0,0,0,0,0,0,0,0,0,0,0,0,0,0,0,0,0
"CH4","2B_Chemical-industry","ktCH4",68.7835227678569,65.9221532755606,76.9127464987119,80.7643625264651,72.5625717668192,72.4711123136107,84.2735318752745,83.5459796424429,90.2927137496182,90.3488386085499,81.4957720509146,85.450541042205,92.5286987805032,88.5226889356094,94.2148338454694,94.2216048129091,100.815940354467,105.014251032404,105.363518398353,105.53443975217,108.400104514349,105.088084174613,102.622341889112,107.448049769361,118.510633513697,124.29457317951,124.848362457577,128.746242647626,138.043876210982,137.438728437849,143.419891239726,178.658007926405,212.588344199726,240.487659116916,236.099662643015,230.481383818761,234.808328004373,243.968097228149,236.66534256885,203.360222942155,243.94829264101,296.200997706601,306.097758258007,271.765742475509,293.55921276719,301.045394369782,311.83845151449,362.546105004834,375.253264918304,388.827551049372,380.147383872548,388.42592013729,370.99051683676,372.298936291287
"CH4","2C1_Iron-steel-alloy-prod","ktCH4",202.91403359081,188.110745699821,199.233677004541,199.17043249061,180.342659976327,169.805487509917,164.272052304378,146.542823670664,138.679980404746,144.611471683871,127.790880783894,123.470902433229,93.408856704776,78.7958811970496,96.6540139989337,94.3882291482823,87.8424201114507,88.8713465186125,92.1627337733952,92.0737266686735,89.1115365411877,79.1492539680023,76.9825945261354,68.9627478410047,65.3336643871815,64.2742149877307,61.4958487306235,66.7490418397112,67.1392491073278,70.0102640355545,77.3005593842842,78.1208160987915,82.6230066636736,89.3280146381989,100.623345498737,107.502483601045,118.72349369254,133.719836856925,126.386556400568,120.363988001347,136.867262598695,144.731960187499,149.927403209849,162.163101577271,170.558800498148,149.912263076349,150.215711552746,148.884254660162,159.94580707797,170.57742579807,170.059242189855,174.430097870796,154.470380038693,154.470380038693
"CH4","2C3_Aluminum-production","ktCH4",0,0,0,0,0,0,0,0,0,0,0,0,0,0,0,0,0,0,0,0,0,0,0,0,0,0,0,0,0,0,0,0,0,0,0,0,0,0,0,0,0,0,0,0,0,0,0,0,0,0,0,0,0,0
"CH4","2C4_Non-Ferrous-other-metals","ktCH4",0,0,0,0,0,0,0,0,0,0,0,0,0,0,0,0,0,0,0,0,0,0,0,0,0,0,0,0,0,0,0,0,0,0,0,0,0,0,0,0,0,0,0,0,0,0,0,0,0,0,0,0,0,0
"CH4","2D_Chemical-products-manufacture-processing","ktCH4",0,0,0,0,0,0,0,0,0,0,0,0,0,0,0,0,0,0,0,0,0,0,0,0,0,0,0,0,0,0,0,0,0,0,0,0,0,0,0,0,0,0,0,0,0,0,0,0,0,0,0,0,0,0
"CH4","2D_Degreasing-Cleaning","ktCH4",0,0,0,0,0,0,0,0,0,0,0,0,0,0,0,0,0,0,0,0,0,0,0,0,0,0,0,0,0,0,0,0,0,0,0,0,0,0,0,0,0,0,0,0,0,0,0,0,0,0,0,0,0,0
"CH4","2D_Other-product-use","ktCH4",0,0,0,0,0,0,0,0,0,0,0,0,0,0,0,0,0,0,0,0,0,0,0,0,0,0,0,0,0,0,0,0,0,0,0,0,0,0,0,0,0,0,0,0,0,0,0,0,0,0,0,0,0,0
"CH4","2D_Paint-application","ktCH4",0,0,0,0,0,0,0,0,0,0,0,0,0,0,0,0,0,0,0,0,0,0,0,0,0,0,0,0,0,0,0,0,0,0,0,0,0,0,0,0,0,0,0,0,0,0,0,0,0,0,0,0,0,0
"CH4","2H_Pulp-and-paper-food-beverage-wood","ktCH4",0,0,0,0,0,0,0,0,0,0,0,0,0,0,0,0,0,0,0,0,0,0,0,0,0,0,0,0,0,0,0,0,0,0,0,0,0,0,0,0,0,0,0,0,0,0,0,0,0,0,0,0,0,0
"CH4","2L_Other-process-emissions","ktCH4",0,0,0,0,0,0,0,0,0,0,0,0,0,0,0,0,0,0,0,0,0,0,0,0,0,0,0,0,0,0,0,0,0,0,0,0,0,0,0,0,0,0,0,0,0,0,0,0,0,0,0,0,0,0
"CH4","3B_Manure-management","ktCH4",7553.30240102023,7688.74091715581,7802.47454486343,7874.96454973775,7956.81066918604,7911.72614745881,7869.53372681849,8027.40644140928,8142.60146575174,8294.89569881653,8503.66428230389,8494.42314669824,8490.91954386013,8493.62579733016,8593.31099144466,8615.27058995118,8730.0217341126,8701.51614554175,8747.7864030826,8822.36902431056,8824.71397393304,8853.39623486393,8698.58219504471,8749.32601781199,8903.75779840121,8976.15003367147,8982.62382712105,8849.17723145043,9064.23621063476,9102.09349897465,9161.11853149032,9265.14874628563,9357.73103746757,9425.13895007239,9408.00582791948,9570.85629887608,9702.80696777581,9956.23121781028,9904.56376691144,9971.11664797287,10030.6972440441,10089.9796691785,10268.5108385494,10192.0179969286,10259.1616568515,10474.6222051448,10596.5917406274,10682.5134912303,10669.5314597651,10395.0189681206,10667.9114379185,10738.0880871946,10699.7973371946,10699.7973732789
"CH4","3D_Rice-Cultivation","ktCH4",20182.5271699633,20538.7065925778,20199.6639554989,20907.9767291222,21087.1300225874,21730.0212142901,21658.6016158949,21842.6347870782,21943.0983590563,21601.7120468614,22067.9455500983,22213.8287020228,21650.2220167171,21606.5593710185,21949.7613877303,21863.8033042249,21859.089197377,21435.606994463,22180.7454745109,22596.3718362995,22386.2959478126,22307.4710025371,22428.1122555008,22287.3267472417,22405.7904419264,22885.0841051953,23179.788452706,23219.6950868808,23175.5636578866,23993.667027993,23676.8761507633,23205.0577218891,22822.6556713121,22690.4640819085,23108.281317843,23743.6134986,23784.8586823495,23801.8131649162,24307.5759715565,24211.6644776743,24676.0187785826,24804.2636151981,24638.9068324472,24942.8368112898,24716.441166587,24472.7928158738,24632.1181048498,24701.3127939257,24820.8966831012,24213.3478416454,24855.7174366858,25029.8619671511,24826.1445268631,24826.1445268631
"CH4","3D_Soil-emissions","ktCH4",0,0,0,0,0,0,0,0,0,0,0,0,0,0,0,0,0,0,0,0,0,0,0,0,0,0,0,0,0,0,0,0,0,0,0,0,0,0,0,0,0,0,0,0,0,0,0,0,0,0,0,0,0,0
"CH4","3E_Enteric-fermentation","ktCH4",72733.1400618223,73748.1212863462,74987.2072958306,75933.0588408542,77738.6033165163,79060.6068237473,79744.7584631853,79992.4801483991,80136.2313524245,80600.7588974647,81582.312406334,82383.2609357352,83328.6731258426,83848.3778133444,84324.7941734117,84692.0747410446,85394.5451176317,85479.9695297886,85980.4078396413,87171.2132023088,87727.6317415931,87958.3302563442,87694.5782108194,87629.9720865373,88446.8444994888,88962.2402843776,89043.6745364261,87381.9997186492,87788.2953098645,88186.396873152,88611.8111266728,88957.3909082849,89711.3816684282,91003.3252438205,92039.0665285178,93231.9262855859,94201.4484346065,95116.054364195,95744.4228145255,95999.7192832957,95944.9988440037,96415.555536632,97272.1531668286,97647.0483595289,98244.4883419633,99176.6210062007,100499.985556887,101137.856480957,101403.172876946,102349.361919879,103564.439022111,104503.862277304,105654.955512129,105654.955582735
"CH4","3I_Agriculture-other","ktCH4",0,0,0,0,0,0,0,0,0,0,0,0,0,0,0,0,0,0,0,0,0,0,0,0,0,0,0,0,0,0,0,0,0,0,0,0,0,0,0,0,0,0,0,0,0,0,0,0,0,0,0,0,0,0
"CH4","5A_Solid-waste-disposal","ktCH4",18645.0504830978,20216.8002473692,20523.337345889,20836.346306906,21156.0101351874,21482.3187330217,21817.4978263008,22160.4100593786,22510.6683655958,22868.722682908,23223.2758954251,23542.5024310418,23871.2103230785,24169.6373206572,24479.0424644653,24800.1001241275,25128.8479938351,25465.4919202003,25812.2044204455,26168.6634031711,26560.2461355358,27269.5983650251,27676.9619651169,28065.7322611399,28462.7715350391,28818.3595313595,29179.3808401137,29352.3334243315,29231.935960607,29370.1096322477,29758.8259667643,29877.7409073748,29983.0815807124,30299.2796770753,30437.3391334425,30340.861591695,30920.0742971166,30949.3308644619,30643.6646925783,31044.3182983329,31435.3129140186,31730.7600588941,32086.496409861,32522.8813821911,32964.5034423644,33575.6938996926,34063.5362910588,34906.4223264287,35756.6680371438,36599.0978159874,36986.2302203819,37621.249647943,38262.6417683219,38507.8471806193
"CH4","5C_Waste-combustion","ktCH4",275.623125498174,290.773249030641,304.99401395769,319.319760319901,335.149863911107,352.995242250924,372.316220056958,391.634093278465,412.065587426536,432.353761837485,451.80449600613,472.342740115629,492.46125843217,512.593160562076,532.063590259245,553.667675672794,576.428184941606,598.950548123905,622.063159978873,645.927031546594,671.907939415778,701.679092226095,728.199557898041,769.196623248977,797.359137332022,830.315040096801,918.892084050015,952.292290217926,989.104068918495,1013.09353204595,1018.11125145795,1075.73447678438,1100.07959103121,1141.82428554414,1188.44723197714,1231.15715874123,1273.99235613914,1317.21862723866,1351.19383908388,1407.07026426988,1461.12897978492,1498.28650584718,1540.72105923165,1577.37416434854,1615.5352027965,1613.18353472958,1612.09001317803,1612.18829729908,1613.37507113178,1613.80352738263,1609.49209876586,1608.17503972503,1606.30060630213,1606.30060630213
"CH4","5D_Wastewater-handling","ktCH4",10818.2029101615,11024.9949784165,11329.5993539995,11620.7691158079,11822.7139524921,11951.4718515109,12336.8578793532,12570.7963313257,12875.3513587767,13068.2178424124,13291.240760681,13384.6959415337,13522.3047260141,13774.6334775634,13963.7267455295,14121.2607093663,14326.8083617283,14460.0432202824,14568.4102700229,14712.4898641921,14668.8870036583,14623.0542453671,14685.8358048621,14548.1169848936,14649.8895425358,14863.1266942285,14794.9555216305,14917.9759329383,15034.5569633327,15172.8476297112,15289.693252516,15579.9989266853,15977.9234882052,16282.999038316,16808.0143851307,17039.1342934052,17373.7468087873,17995.7736467669,18293.8337766487,18396.0217522504,19233.2123871419,19704.3248711614,19996.2733134823,20442.1189582988,20912.4477366045,21365.5984085824,21727.277046768,22080.5178423438,22623.8038656267,22881.5226150072,23264.1520628856,23884.3811414593,24165.330861347,24349.8677550293
"CH4","5E_Other-waste-handling","ktCH4",128.468714075785,129.737719511887,131.066351493284,132.457189236903,133.915186565188,135.442657665647,137.288894655091,139.204419821415,141.195994497415,143.274108675224,145.446698824961,147.694669324296,150.030841665801,152.456127706042,154.971413168372,157.575587520454,160.192006413456,162.892551863745,165.658799642171,168.462563437863,171.284664551914,179.961075461179,187.83536252989,199.719561809166,216.046542415996,229.041049188268,242.874769247965,255.950314237054,266.91443513632,282.55973806475,299.93989684006,319.051410147285,326.442957000573,353.078493182593,367.081658890707,356.043450425399,358.110678842504,366.148155753649,366.620684685141,374.506815159289,391.964671573601,402.23819680527,425.293347109831,430.434097690455,443.392191025263,451.776218595164,466.079300653156,476.246278226668,471.797350440647,477.329319373294,481.035632761765,486.078244893192,491.325016981945,494.307040482626
"CH4","6A_Other-in-total","ktCH4",0,0,0,0,0,0,0,0,0,0,0,0,0,0,0,0,0,0,0,0,0,0,0,0,0,0,0,0,0,0,0,0,0,0,0,0,0,0,0,0,0,0,0,0,0,0,0,0,0,0,0,0,0,0
"CH4","6B_Other-not-in-total","ktCH4",0,0,0,0,0,0,0,0,0,0,0,0,0,0,0,0,0,0,0,0,0,0,0,0,0,0,0,0,0,0,0,0,0,0,0,0,0,0,0,0,0,0,0,0,0,0,0,0,0,0,0,0,0,0
"CH4","7A_Fossil-fuel-fires","ktCH4",142.083606247437,145.38,145.74,146.1,146.46,146.82,147.18,147.54,147.9,148.26,148.62,148.98,149.34,150.6,150.6,150.6,150.6,150.6,150.6,150.6,150.6,169.47482419128,150.6,150.6,150.6,150.6,150.6,150.6,150.6,150.6,150.6,150.6,150.6,150.6,150.6,150.6,150.6,150.6,150.6,150.6,150.6,150.6,150.6,150.6,150.6,150.6,150.6,150.6,150.6,150.6,150.6,150.6,150.6,151.320104390999
"CH4","7BC_Indirect-N2O-non-agricultural-N","ktCH4",0,0,0,0,0,0,0,0,0,0,0,0,0,0,0,0,0,0,0,0,0,0,0,0,0,0,0,0,0,0,0,0,0,0,0,0,0,0,0,0,0,0,0,0,0,0,0,0,0,0,0,0,0,0
