model,scenario,region,variable,unit,2000,2001,2002,2003,2004,2005,2006,2007,2008,2009,2010,2011,2012,2013,2014,2015,2016,2017,2018,2019,2020,2021,2022,2023,2024,2025
CAMS-GLOB-ANT-v6.2,historical,World,Emissions|BC|Agriculture livestock,Mt BC/yr,,,,,,,,,,,,,,,,,,,,,,,,,,
CAMS-GLOB-ANT-v6.2,historical,World,Emissions|CH4|Agriculture livestock,Mt CH4/yr,101.95455,102.03796,103.34657,104.788734,106.645676,107.38581,108.81989,110.2612,111.892715,112.14009,112.62124,113.31668,114.82533,115.230675,116.052574,117.266174,118.981636,119.06738,119.90913,119.99601,120.41321,120.1737,120.26453,120.35675,120.78022,120.54522
CAMS-GLOB-ANT-v6.2,historical,World,Emissions|CO|Agriculture livestock,Mt CO/yr,,,,,,,,,,,,,,,,,,,,,,,,,,
CAMS-GLOB-ANT-v6.2,historical,World,Emissions|CO2|Agriculture livestock,Mt CO2/yr,,,,,,,,,,,,,,,,,,,,,,,,,,
CAMS-GLOB-ANT-v6.2,historical,World,Emissions|CO2_excl_short-cycle_org_C|Agriculture livestock,Mt CO2/yr,,,,,,,,,,,,,,,,,,,,,,,,,,
CAMS-GLOB-ANT-v6.2,historical,World,Emissions|CO2_short-cycle_org_C|Agriculture livestock,Mt CO2/yr,,,,,,,,,,,,,,,,,,,,,,,,,,
CAMS-GLOB-ANT-v6.2,historical,World,Emissions|N2O|Agriculture livestock,Mt N2O/yr,0.3056061,0.30130452,0.30066496,0.29992586,0.29903415,0.30000484,0.30309364,0.30270326,0.30747926,0.30806538,0.30894765,0.30671325,0.3083364,0.3061411,0.30974275,0.3131136,0.31536448,0.31685898,0.32267606,0.31541237,0.32760504,0.33447042,0.33480465,0.33514503,0.336411,0.33584514
CAMS-GLOB-ANT-v6.2,historical,World,Emissions|NH3|Agriculture livestock,Mt NH3/yr,9.691474,9.731144,10.055357,10.016255,10.112873,10.230232,10.359418,10.4662895,10.645537,10.74644,10.883839,10.749117,10.8667,10.933683,11.013695,11.15263,11.357802,11.420799,11.539613,11.58169,11.650423,11.671563,11.71787,11.764629,11.836956,11.859549
CAMS-GLOB-ANT-v6.2,historical,World,Emissions|NMVOC|Agriculture livestock,Mt NMVOC/yr,3.9874794,4.087781,4.315788,4.3004,4.3896284,4.4803305,4.557192,4.6646085,4.807578,4.9210105,5.030107,4.927265,5.0395737,5.0998483,5.1162806,5.2113905,5.421569,5.472751,5.5423465,5.56303,5.5991793,5.6048884,5.6260557,5.647384,5.684413,5.690543
CAMS-GLOB-ANT-v6.2,historical,World,Emissions|NOx|Agriculture livestock,Mt NO/yr,0.22113366,0.22167508,0.2273591,0.22700906,0.22890604,0.23154466,0.2343517,0.2367809,0.24018064,0.24255288,0.24506809,0.24286792,0.24539748,0.24661028,0.24858895,0.2512845,0.25450838,0.2552523,0.2567226,0.2574846,0.25884214,0.25912783,0.25997478,0.2608295,0.26225337,0.2625617
CAMS-GLOB-ANT-v6.2,historical,World,Emissions|OC|Agriculture livestock,Mt OC/yr,,,,,,,,,,,,,,,,,,,,,,,,,,
CAMS-GLOB-ANT-v6.2,historical,World,Emissions|SO2|Agriculture livestock,Mt SO2/yr,,,,,,,,,,,,,,,,,,,,,,,,,,
CAMS-GLOB-ANT-v6.2,historical,World,Emissions|BC|Agriculture soils,Mt BC/yr,,,,,,,,,,,,,,,,,,,,,,,,,,
CAMS-GLOB-ANT-v6.2,historical,World,Emissions|CH4|Agriculture soils,Mt CH4/yr,33.665276,33.181675,32.842113,32.629112,33.831936,34.812943,35.191494,35.43284,36.642185,36.673576,37.23357,37.39086,37.460545,37.849915,37.576344,37.39597,37.484657,38.072067,38.052513,38.047,38.086452,38.03624,38.03095,38.025734,38.065414,38.015465
CAMS-GLOB-ANT-v6.2,historical,World,Emissions|CO|Agriculture soils,Mt CO/yr,,,,,,,,,,,,,,,,,,,,,,,,,,
CAMS-GLOB-ANT-v6.2,historical,World,Emissions|CO2|Agriculture soils,Mt CO2/yr,,,,,,,,,,,,,,,,,,,,,,,,,,
CAMS-GLOB-ANT-v6.2,historical,World,Emissions|CO2_excl_short-cycle_org_C|Agriculture soils,Mt CO2/yr,,,,,,,,,,,,,,,,,,,,,,,,,,
CAMS-GLOB-ANT-v6.2,historical,World,Emissions|CO2_short-cycle_org_C|Agriculture soils,Mt CO2/yr,,,,,,,,,,,,,,,,,,,,,,,,,,
CAMS-GLOB-ANT-v6.2,historical,World,Emissions|N2O|Agriculture soils,Mt N2O/yr,4.976201,5.026018,5.1237593,5.1903973,5.3414774,5.378616,5.5015173,5.5645614,5.560837,5.696939,5.731707,5.867604,5.89352,6.0150023,6.007448,6.0829573,6.1519337,6.177368,6.1398196,6.1661763,6.2348137,6.31127,6.3170495,6.3233323,6.3474684,6.337429
CAMS-GLOB-ANT-v6.2,historical,World,Emissions|NH3|Agriculture soils,Mt NH3/yr,27.693031,27.950024,28.806929,29.161875,30.0894,29.523018,30.500013,30.903969,30.62649,31.830973,31.855093,32.786655,33.160477,33.658794,33.21315,33.695732,33.697643,33.525238,33.148613,33.307533,33.52868,33.62973,33.793068,33.957886,34.186394,34.292137
CAMS-GLOB-ANT-v6.2,historical,World,Emissions|NMVOC|Agriculture soils,Mt NMVOC/yr,2.292981,2.3448355,2.4696116,2.4654968,2.5124083,2.5617712,2.607325,2.6670954,2.7448497,2.799932,2.8614295,2.8136802,2.8724546,2.9178548,2.9320395,2.9879723,3.1006331,3.132985,3.185207,3.1716783,3.169251,3.1516452,3.1446695,3.1395762,3.1449082,3.1348698
CAMS-GLOB-ANT-v6.2,historical,World,Emissions|NOx|Agriculture soils,Mt NO/yr,1.9065814,1.9206406,1.960176,1.9826978,2.0513973,2.0608196,2.1220057,2.1575253,2.1380188,2.216152,2.2191005,2.2972555,2.3115902,2.364049,2.3386698,2.363742,2.3894858,2.3806973,2.3542385,2.3493514,2.3512683,2.3407128,2.3369467,2.333543,2.3368773,2.327794
CAMS-GLOB-ANT-v6.2,historical,World,Emissions|OC|Agriculture soils,Mt OC/yr,,,,,,,,,,,,,,,,,,,,,,,,,,
CAMS-GLOB-ANT-v6.2,historical,World,Emissions|SO2|Agriculture soils,Mt SO2/yr,,,,,,,,,,,,,,,,,,,,,,,,,,
CAMS-GLOB-AIR-v2.1,historical,World,Emissions|BC|Aviation,Mt BC/yr,0.009004489,0.008775194,0.008842023,0.0088191,0.0094002485,0.009729794,0.009829395,0.010090665,0.010008963,0.009449895,0.00990154,0.010161241,0.010314451,0.010418796,0.01047191,0.010563943,0.010680236,0.010748008,0.010840043,0.010932076,0.011049208,0.011116143,0.0112081785,,,
CAMS-GLOB-AIR-v2.1,historical,World,Emissions|CH4|Aviation,Mt CH4/yr,,,,,,,,,,,,,,,,,,,,,,,,,,
CAMS-GLOB-AIR-v2.1,historical,World,Emissions|CO|Aviation,Mt CO/yr,0.5293458,0.51313305,0.50610733,0.5046077,0.5364757,0.5488768,0.54784286,0.55973625,0.54647404,0.51520085,0.538608,0.5500878,0.56053185,0.56379604,0.56754583,0.5717444,0.5772411,0.5801415,0.5843399,0.5885386,0.594073,0.5969356,0.6011342,,,
CAMS-GLOB-AIR-v2.1,historical,World,Emissions|CO2|Aviation,Mt CO2/yr,657.38617,640.7527,646.38794,644.17834,685.96045,709.077,715.0031,731.4642,721.50665,678.2948,709.11346,729.3493,739.3868,746.1238,749.6857,755.76373,763.55884,767.91956,773.9975,780.0754,787.9254,792.23126,798.30927,,,
CAMS-GLOB-AIR-v2.1,historical,World,Emissions|CO2_excl_short-cycle_org_C|Aviation,Mt CO2/yr,,,,,,,,,,,,,,,,,,,,,,,,,,
CAMS-GLOB-AIR-v2.1,historical,World,Emissions|CO2_short-cycle_org_C|Aviation,Mt CO2/yr,,,,,,,,,,,,,,,,,,,,,,,,,,
CAMS-GLOB-AIR-v2.1,historical,World,Emissions|N2O|Aviation,Mt N2O/yr,,,,,,,,,,,,,,,,,,,,,,,,,,
CAMS-GLOB-AIR-v2.1,historical,World,Emissions|NH3|Aviation,Mt NH3/yr,0.0021476576,0.0020934914,0.0021152438,0.0021099723,0.0022509051,0.0023351507,0.002361103,0.0024244785,0.0024080428,0.002275016,0.0023840682,0.0024478822,0.0024843742,0.0025104394,0.0025228602,0.002545289,0.0025735048,0.0025901455,0.0026125738,0.0026350026,0.0026634207,0.0026798595,0.002702288,,,
CAMS-GLOB-AIR-v2.1,historical,World,Emissions|NMVOC|Aviation,Mt NMVOC/yr,0.06994834,0.068001695,0.07005115,0.069703765,0.07471103,0.078182556,0.079779744,0.08173096,0.081597894,0.07725907,0.080730386,0.083144575,0.08434173,0.08545794,0.08579525,0.08663289,0.087667726,0.088308215,0.08914587,0.089983515,0.0910259,0.09165884,0.09249648,,,
CAMS-GLOB-AIR-v2.1,historical,World,Emissions|NOx|Aviation,Mt NO/yr,1.7190061,1.6692084,1.690526,1.6834248,1.7986287,1.8661515,1.8883567,1.9324014,1.9132655,1.8085914,1.8901551,1.9405868,1.9718791,1.9926593,2.0025213,2.0203726,2.0428176,2.0560746,2.0739255,2.0917766,2.1143832,2.1274788,2.1453295,,,
CAMS-GLOB-AIR-v2.1,historical,World,Emissions|OC|Aviation,Mt OC/yr,0.0044416883,0.004328459,0.004359906,0.004348547,0.0046346034,0.004795864,0.004844258,0.004972858,0.004931745,0.0046559027,0.0048783366,0.005005989,0.0050815768,0.0051327273,0.0051589916,0.0052042506,0.0052614603,0.0052947677,0.0053400267,0.0053852852,0.005442907,0.005475803,0.0055210623,,,
CAMS-GLOB-AIR-v2.1,historical,World,Emissions|SO2|Aviation,Mt SO2/yr,0.23936528,0.2332733,0.23502615,0.23441604,0.24984978,0.25985122,0.26128027,0.26817307,0.2659825,0.25112545,0.2631263,0.27002653,0.27409697,0.27686492,0.27827793,0.28071862,0.2837976,0.28560016,0.28804088,0.2904816,0.29358265,0.29536313,0.29780385,,,
CAMS-GLOB-ANT-v6.2,historical,World,Emissions|BC|Agricultural Waste Burning,Mt BC/yr,0.25997278,0.2682169,0.2662317,0.2749451,0.28607154,0.29149467,0.29517755,0.3043846,0.3250526,0.3224537,0.33099172,0.34491926,0.3458649,0.36242244,0.36556858,0.36544567,0.37019828,0.38869599,0.3834194,0.38514185,0.38769558,0.3887757,0.39068756,0.3926622,0.3954871,0.39680296
CAMS-GLOB-ANT-v6.2,historical,World,Emissions|CH4|Agricultural Waste Burning,Mt CH4/yr,1.3522941,1.3897479,1.3775146,1.4260861,1.4826885,1.5114439,1.528747,1.5839342,1.6923549,1.674993,1.72478,1.7958957,1.8048683,1.8856537,1.9007846,1.9003856,1.9298146,2.0180743,1.9939634,2.0031433,2.016665,2.0224676,2.032612,2.043079,2.0579824,2.0625908
CAMS-GLOB-ANT-v6.2,historical,World,Emissions|CO|Agricultural Waste Burning,Mt CO/yr,36.94607,38.347237,38.447662,40.049335,41.471096,42.495995,43.233414,44.85756,47.564705,47.127113,49.111866,51.143547,50.767277,53.759182,54.453907,54.942596,55.57726,57.68154,57.492184,58.01787,58.323914,58.40575,58.618534,58.843616,59.201088,59.33017
CAMS-GLOB-ANT-v6.2,historical,World,Emissions|CO2|Agricultural Waste Burning,Mt CO2/yr,,,,,,,,,,,,,,,,,,,,,,,,,,
CAMS-GLOB-ANT-v6.2,historical,World,Emissions|CO2_excl_short-cycle_org_C|Agricultural Waste Burning,Mt CO2/yr,,,,,,,,,,,,,,,,,,,,,,,,,,
CAMS-GLOB-ANT-v6.2,historical,World,Emissions|CO2_short-cycle_org_C|Agricultural Waste Burning,Mt CO2/yr,755.7375,778.8798,771.9144,799.23956,828.43274,847.13306,856.58234,884.79474,942.68134,932.5134,959.7711,999.48676,998.1754,1044.1323,1051.8523,1049.0823,1058.9952,1105.3889,1098.4111,1092.9916,1103.3634,1114.6655,1121.5933,1129.0669,1139.4152,1145.7769
CAMS-GLOB-ANT-v6.2,historical,World,Emissions|N2O|Agricultural Waste Burning,Mt N2O/yr,0.034918565,0.03598784,0.035666022,0.036928553,0.038277417,0.039141454,0.039578058,0.040881604,0.043556247,0.043086417,0.044345893,0.04618086,0.046120316,0.04824376,0.048600413,0.04847243,0.048930455,0.05107405,0.050751697,0.050501283,0.05098051,0.051502675,0.051824346,0.052171238,0.05265094,0.052946422
CAMS-GLOB-ANT-v6.2,historical,World,Emissions|NH3|Agricultural Waste Burning,Mt NH3/yr,1.0379667,1.068425,1.0529312,1.0833042,1.1290218,1.1544455,1.1617613,1.1958566,1.2748075,1.2655416,1.2980058,1.3529207,1.3585204,1.4163884,1.4272547,1.425548,1.4431986,1.5242566,1.5018325,1.5094022,1.520191,1.5253177,1.5336658,1.5422746,1.5541809,1.5602751
CAMS-GLOB-ANT-v6.2,historical,World,Emissions|NMVOC|Agricultural Waste Burning,Mt NMVOC/yr,2.8222349,2.9028952,2.8761163,3.0340989,3.0938778,3.1656592,3.239237,3.3711824,3.5720167,3.5389442,3.6722438,3.790349,3.818486,4.003658,4.02548,4.0195184,4.0717096,4.2342625,4.223874,4.246446,4.27834,4.293582,4.318142,4.34337,4.3781314,4.3958488
CAMS-GLOB-ANT-v6.2,historical,World,Emissions|NOx|Agricultural Waste Burning,Mt NO/yr,0.8900197,0.91818,0.91540736,0.95204014,0.9816817,1.0036001,1.0210048,1.0625409,1.1302099,1.1225932,1.1586952,1.2059891,1.2051321,1.2664832,1.2760456,1.2776555,1.2936752,1.3429097,1.3321046,1.3374971,1.3458319,1.3489115,1.354931,1.3611588,1.3703816,1.3742398
CAMS-GLOB-ANT-v6.2,historical,World,Emissions|OC|Agricultural Waste Burning,Mt OC/yr,1.8505776,1.9070432,1.8902546,1.9569079,2.0290205,2.0740364,2.0977802,2.173512,2.31594,2.2984588,2.366781,2.4643724,2.4699113,2.5875382,2.6082969,2.6077492,2.6408997,2.7692416,2.7361612,2.7487798,2.7673585,2.775342,2.7892854,2.8036723,2.8241444,2.833777
CAMS-GLOB-ANT-v6.2,historical,World,Emissions|SO2|Agricultural Waste Burning,Mt SO2/yr,0.19661811,0.20367335,0.2040967,0.2110894,0.21920167,0.22465238,0.22767238,0.23665427,0.2514957,0.24982812,0.2588733,0.270418,0.2681517,0.28312907,0.28641295,0.28842804,0.29184785,0.30276847,0.29940838,0.3004263,0.30211675,0.30263266,0.30381986,0.30506188,0.30698466,0.30770975
CAMS-GLOB-ANT-v6.2,historical,World,Emissions|BC|Commercial,Mt BC/yr,0.18677883,0.18241248,0.18207923,0.18601054,0.18783265,0.18971162,0.18625504,0.18532903,0.18677174,0.18660939,0.18973728,0.18773606,0.18136758,0.18456243,0.18543442,0.17998473,0.17652097,0.17756288,0.17868082,0.17796656,0.15229581,0.17679633,0.17622384,0.17569456,0.17583342,0.17476165
CAMS-GLOB-ANT-v6.2,historical,World,Emissions|CH4|Commercial,Mt CH4/yr,0.68922025,0.6754498,0.6743397,0.6981067,0.71240133,0.7224098,0.7191366,0.71700186,0.7311204,0.72789454,0.747788,0.7293777,0.70587564,0.72400916,0.73038644,0.7228395,0.72404355,0.73357785,0.7371058,0.7398681,0.6686699,0.74582314,0.7487461,0.7518092,0.75788635,0.758345
CAMS-GLOB-ANT-v6.2,historical,World,Emissions|CO|Commercial,Mt CO/yr,7.323736,7.222225,7.3843775,7.6083436,7.7429123,7.90302,7.866616,7.9246054,8.048098,8.068054,8.19856,8.136602,7.721466,7.983773,8.167384,8.081622,8.069343,8.297538,8.311708,8.30569,7.614412,8.329305,8.342091,8.356711,8.402739,8.391142
CAMS-GLOB-ANT-v6.2,historical,World,Emissions|CO2|Commercial,Mt CO2/yr,,,,,,,,,,,,,,,,,,,,,,,,,,
CAMS-GLOB-ANT-v6.2,historical,World,Emissions|CO2_excl_short-cycle_org_C|Commercial,Mt CO2/yr,937.75446,942.7692,949.68335,979.2528,1000.9968,1002.4632,985.82605,991.048,1009.38306,991.7027,1009.4256,987.6503,973.87915,1014.3518,995.614,997.381,1006.28815,1023.96423,1027.449,1009.6194,969.2697,1013.28064,1023.1048,1033.1938,1048.2446,1054.2109
CAMS-GLOB-ANT-v6.2,historical,World,Emissions|CO2_short-cycle_org_C|Commercial,Mt CO2/yr,699.78345,685.7716,689.02185,699.40625,697.96313,701.7035,701.78564,694.1273,691.7012,685.7172,688.5057,679.21356,669.3875,674.8448,672.6151,654.89,640.1331,645.1785,640.66223,645.923,637.2257,637.81354,644.1814,651.13464,660.92474,666.87585
CAMS-GLOB-ANT-v6.2,historical,World,Emissions|N2O|Commercial,Mt N2O/yr,0.02933058,0.029140348,0.02852266,0.027904559,0.029756324,0.030994056,0.030913865,0.030673014,0.030810894,0.03002453,0.03128161,0.030255357,0.029306967,0.029227009,0.029316172,0.028536277,0.028222015,0.028257681,0.02813626,0.027937861,0.022820653,0.026981197,0.026946612,0.026913926,0.026993148,0.026854102
CAMS-GLOB-ANT-v6.2,historical,World,Emissions|NH3|Commercial,Mt NH3/yr,0.12766142,0.12728219,0.12912297,0.13203113,0.13419983,0.1369176,0.13771023,0.1400359,0.14239459,0.14478877,0.14775816,0.15049855,0.13937706,0.14665441,0.15348908,0.15348332,0.15484191,0.16318068,0.16345671,0.16451943,0.15467224,0.16672438,0.167849,0.16899484,0.17068382,0.17135043
CAMS-GLOB-ANT-v6.2,historical,World,Emissions|NMVOC|Commercial,Mt NMVOC/yr,1.1214902,1.1080025,1.1293178,1.1593415,1.1820112,1.2100157,1.2058048,1.2157471,1.2368984,1.2421101,1.2665061,1.2601105,1.1969612,1.240816,1.2738885,1.2585992,1.2506969,1.2924551,1.2969751,1.2948405,1.1793817,1.2915478,1.2901989,1.2891903,1.2929903,1.2881563
CAMS-GLOB-ANT-v6.2,historical,World,Emissions|NOx|Commercial,Mt NO/yr,1.3470448,1.3447945,1.3520731,1.3876462,1.4109415,1.4129447,1.3889151,1.3944759,1.4117361,1.3960423,1.413569,1.3807573,1.3541815,1.4077567,1.3887432,1.3760977,1.375835,1.3896723,1.4277185,1.427333,1.22121,1.4286213,1.4287565,1.4291354,1.4360667,1.4306232
CAMS-GLOB-ANT-v6.2,historical,World,Emissions|OC|Commercial,Mt OC/yr,0.5224374,0.51022774,0.51035154,0.516943,0.5216806,0.520778,0.51643604,0.51449317,0.51948994,0.5227154,0.5266162,0.52496666,0.5111474,0.51813304,0.5242467,0.5161512,0.5116352,0.51815325,0.52117854,0.5194211,0.44944185,0.516694,0.51537937,0.5141914,0.5148882,0.51217556
CAMS-GLOB-ANT-v6.2,historical,World,Emissions|SO2|Commercial,Mt SO2/yr,2.3455074,2.3040345,2.1680007,2.114111,2.1139145,2.034179,2.0144248,2.0085294,2.0206008,2.0358152,1.9652779,1.9591388,1.9715523,1.9345711,1.934023,1.9248497,1.9059955,1.9824145,1.9969319,1.9934155,1.670607,1.9923922,1.9924364,1.9936203,2.0040917,1.9995192
CAMS-GLOB-ANT-v6.2,historical,World,Emissions|BC|dep,Mt BC/yr,,,,,,,,,,,,,,,,,,,,,,,,,,
CAMS-GLOB-ANT-v6.2,historical,World,Emissions|CH4|dep,Mt CH4/yr,,,,,,,,,,,,,,,,,,,,,,,,,,
CAMS-GLOB-ANT-v6.2,historical,World,Emissions|CO|dep,Mt CO/yr,,,,,,,,,,,,,,,,,,,,,,,,,,
CAMS-GLOB-ANT-v6.2,historical,World,Emissions|CO2|dep,Mt CO2/yr,,,,,,,,,,,,,,,,,,,,,,,,,,
CAMS-GLOB-ANT-v6.2,historical,World,Emissions|CO2_excl_short-cycle_org_C|dep,Mt CO2/yr,,,,,,,,,,,,,,,,,,,,,,,,,,
CAMS-GLOB-ANT-v6.2,historical,World,Emissions|CO2_short-cycle_org_C|dep,Mt CO2/yr,,,,,,,,,,,,,,,,,,,,,,,,,,
CAMS-GLOB-ANT-v6.2,historical,World,Emissions|N2O|dep,Mt N2O/yr,0.5618231,0.55609727,0.5571872,0.56589353,0.58646965,0.59489316,0.6051305,0.6211027,0.61488765,0.60264933,0.6269082,0.6375996,0.6385436,0.6406416,0.64165986,0.6380635,0.6310468,0.6370975,0.64591426,0.6460917,0.60851806,0.637547,0.63989747,0.6422684,0.6464238,0.64706576
CAMS-GLOB-ANT-v6.2,historical,World,Emissions|NH3|dep,Mt NH3/yr,,,,,,,,,,,,,,,,,,,,,,,,,,
CAMS-GLOB-ANT-v6.2,historical,World,Emissions|NMVOC|dep,Mt NMVOC/yr,,,,,,,,,,,,,,,,,,,,,,,,,,
CAMS-GLOB-ANT-v6.2,historical,World,Emissions|NOx|dep,Mt NO/yr,,,,,,,,,,,,,,,,,,,,,,,,,,
CAMS-GLOB-ANT-v6.2,historical,World,Emissions|OC|dep,Mt OC/yr,,,,,,,,,,,,,,,,,,,,,,,,,,
CAMS-GLOB-ANT-v6.2,historical,World,Emissions|SO2|dep,Mt SO2/yr,,,,,,,,,,,,,,,,,,,,,,,,,,
CAMS-GLOB-ANT-v6.2,historical,World,Emissions|BC|Power generation,Mt BC/yr,0.10490772,0.09166332,0.095034316,0.09823934,0.09085777,0.08368218,0.08335304,0.090789236,0.08019918,0.08222698,0.088046655,0.094857104,0.1029847,0.107734375,0.11522364,0.11167129,0.1124365,0.114374466,0.11980279,0.11987762,0.11633383,0.12077604,0.12155438,0.12252987,0.124028996,0.12502615
CAMS-GLOB-ANT-v6.2,historical,World,Emissions|CH4|Power generation,Mt CH4/yr,0.20950575,0.21861777,0.22871727,0.23892722,0.25456297,0.26710993,0.27303421,0.2872163,0.29865384,0.3048697,0.34257784,0.35306877,0.37597725,0.38425776,0.3973962,0.40912697,0.44256106,0.45207465,0.46039936,0.4642622,0.4530913,0.47254908,0.47697818,0.48160288,0.48764324,0.49145353
CAMS-GLOB-ANT-v6.2,historical,World,Emissions|CO|Power generation,Mt CO/yr,4.950814,5.0702896,5.088361,5.2453136,5.4957476,5.5082726,5.6211557,5.8661427,5.994513,6.1061373,6.6638474,6.9428525,7.2893014,7.465669,7.66852,7.7887244,8.101473,8.251248,8.228907,7.7954755,7.3375893,7.396567,7.2155914,7.0456724,6.903279,6.73591
CAMS-GLOB-ANT-v6.2,historical,World,Emissions|CO2|Power generation,Mt CO2/yr,,,,,,,,,,,,,,,,,,,,,,,,,,
CAMS-GLOB-ANT-v6.2,historical,World,Emissions|CO2_excl_short-cycle_org_C|Power generation,Mt CO2/yr,9361.872,9578.858,9709.932,10268.393,10640.882,10985.5205,11424.393,11918.721,11924.5,11732.7705,12512.615,13112.562,13394.023,13624.233,13687.438,13374.57,13438.742,13746.219,14199.18,14085.766,13494.384,14267.784,14232.748,14203.544,14216.167,14162.128
CAMS-GLOB-ANT-v6.2,historical,World,Emissions|CO2_short-cycle_org_C|Power generation,Mt CO2/yr,173.405,182.58511,208.65657,220.26106,239.39983,260.39703,263.47656,284.55313,304.13846,324.72864,376.61142,385.34097,433.47913,469.83398,503.68802,527.8101,600.1529,649.7664,693.85,739.2791,732.4611,732.9564,726.3486,720.2489,716.5387,709.52026
CAMS-GLOB-ANT-v6.2,historical,World,Emissions|N2O|Power generation,Mt N2O/yr,0.1504134,0.1587887,0.1658193,0.17836805,0.1902936,0.19527206,0.20694171,0.22601044,0.23049073,0.2281025,0.24231753,0.25542235,0.25950873,0.26748258,0.27259997,0.26358777,0.26778507,0.27969897,0.29200032,0.28737202,0.26825723,0.29241565,0.29595447,0.29969907,0.30448276,0.307813
CAMS-GLOB-ANT-v6.2,historical,World,Emissions|NH3|Power generation,Mt NH3/yr,0.080721915,0.08090446,0.07832405,0.079146944,0.08096277,0.083096504,0.07903219,0.0823278,0.08378273,0.08667602,0.09501132,0.10004403,0.108850814,0.112618156,0.11707172,0.119855665,0.1328671,0.13355665,0.13337386,0.13378899,0.1295094,0.13472983,0.13525705,0.1358232,0.13680309,0.13707617
CAMS-GLOB-ANT-v6.2,historical,World,Emissions|NMVOC|Power generation,Mt NMVOC/yr,0.54000217,0.5485552,0.55354077,0.57606727,0.6029703,0.6106136,0.6188892,0.64838505,0.662677,0.67401505,0.7333654,0.7672326,0.8018616,0.82263094,0.8394045,0.8493044,0.8843144,0.9011522,0.91625303,0.9036397,0.8620662,0.88024914,0.86942023,0.85913676,0.8515623,0.84012467
CAMS-GLOB-ANT-v6.2,historical,World,Emissions|NOx|Power generation,Mt NO/yr,17.370285,17.407,17.35297,17.910915,18.399303,18.087593,18.405546,18.951977,18.471909,18.014416,18.493502,18.930855,19.212482,19.413727,19.560005,19.113104,19.064884,19.112507,19.557766,19.145933,18.059246,18.410316,18.083673,17.782843,17.551334,17.254677
CAMS-GLOB-ANT-v6.2,historical,World,Emissions|OC|Power generation,Mt OC/yr,0.12010865,0.10472481,0.10083508,0.103878014,0.091451995,0.07237595,0.073520556,0.076941416,0.08024266,0.08176996,0.086730585,0.09004695,0.09717855,0.10220937,0.109347016,0.108821206,0.11780437,0.119795,0.12466782,0.12603049,0.12382269,0.12960598,0.13175802,0.13412425,0.13706379,0.1394428
CAMS-GLOB-ANT-v6.2,historical,World,Emissions|SO2|Power generation,Mt SO2/yr,51.02975,49.650013,47.891773,46.92199,46.464573,45.45562,46.99499,47.165623,46.6362,44.61523,44.532856,46.201855,46.772484,46.78807,47.22368,45.23788,44.518528,43.76213,44.349392,42.884525,39.858097,40.51635,39.57382,38.771034,38.192047,37.53557
CAMS-GLOB-ANT-v6.2,historical,World,Emissions|BC|Fugitives,Mt BC/yr,0.032724284,0.032716442,0.032631762,0.032905232,0.03286888,0.03301795,0.03299315,0.03296707,0.032922335,0.032952763,0.032923307,0.0330235,0.033051565,0.03305037,0.033105284,0.033082124,0.033016257,0.03298407,0.03301932,0.033029478,0.033140264,0.03307717,0.033110116,0.033147402,0.033279266,0.033232294
CAMS-GLOB-ANT-v6.2,historical,World,Emissions|CH4|Fugitives,Mt CH4/yr,0.15101074,0.15059808,0.15059808,0.15059808,0.15101074,0.15059808,0.15059808,0.15059808,0.15101074,0.15059808,0.15059808,0.15059808,0.15101074,0.15059808,0.15059808,0.15059808,0.15101074,0.15059808,0.15059808,0.15105532,0.15192935,0.15197495,0.15243752,0.15290186,0.1537882,0.15383609
CAMS-GLOB-ANT-v6.2,historical,World,Emissions|CO|Fugitives,Mt CO/yr,3.5502272,3.514768,3.4570346,3.5924373,3.5235589,3.5716686,3.5112503,3.467171,3.4237256,3.434592,3.362656,3.3760457,3.3993332,3.3850944,3.413303,3.4232888,3.435989,3.3899927,3.4065385,3.4009662,3.4159017,3.4122498,3.4180067,3.4238443,3.4391603,3.4357626
CAMS-GLOB-ANT-v6.2,historical,World,Emissions|CO2|Fugitives,Mt CO2/yr,,,,,,,,,,,,,,,,,,,,,,,,,,
CAMS-GLOB-ANT-v6.2,historical,World,Emissions|CO2_excl_short-cycle_org_C|Fugitives,Mt CO2/yr,430.02567,418.78384,401.16595,446.81885,429.8517,448.99506,431.68793,420.09695,406.50156,409.21176,386.21136,394.33344,401.06818,396.82626,407.0599,408.83826,410.5397,401.10287,414.64252,426.62665,413.1425,420.18716,422.37354,425.21527,429.87357,432.82526
CAMS-GLOB-ANT-v6.2,historical,World,Emissions|CO2_short-cycle_org_C|Fugitives,Mt CO2/yr,21.903545,24.06337,28.594511,36.770718,40.564545,48.96026,60.694565,81.62362,113.28831,126.7588,148.90489,165.17564,184.1962,199.98018,216.3311,209.3148,222.53091,235.42947,248.80371,259.32126,215.53256,192.73624,193.24287,193.88503,195.18465,195.5328
CAMS-GLOB-ANT-v6.2,historical,World,Emissions|N2O|Fugitives,Mt N2O/yr,0.005568883,0.0054153465,0.005161647,0.005763101,0.005476457,0.0056895996,0.005429405,0.0052368995,0.0050508296,0.005089703,0.0047838846,0.004845097,0.004953531,0.0048925783,0.0050219423,0.005073012,0.0051324554,0.0049313516,0.005058904,0.005196001,0.0049409047,0.0049939575,0.005041528,0.0050917356,0.005158824,0.005200657
CAMS-GLOB-ANT-v6.2,historical,World,Emissions|NH3|Fugitives,Mt NH3/yr,,,,,,,,,,,,,,,,,,,,,,,,,,
CAMS-GLOB-ANT-v6.2,historical,World,Emissions|NMVOC|Fugitives,Mt NMVOC/yr,23.062109,22.904852,22.334436,23.332142,24.597414,25.198318,25.248028,25.024313,24.74449,23.932325,24.37709,24.943941,25.280947,25.274912,25.433292,25.682144,25.502804,25.971699,26.06353,26.06754,26.143663,26.07761,26.083681,26.090445,26.169382,26.10599
CAMS-GLOB-ANT-v6.2,historical,World,Emissions|NOx|Fugitives,Mt NO/yr,0.15124846,0.14704144,0.1401919,0.15625632,0.1480845,0.15379238,0.14662413,0.14139429,0.13623975,0.137529,0.1289942,0.13058273,0.13334586,0.13165626,0.13500325,0.13618782,0.13769484,0.13223757,0.13551743,0.13516073,0.1351908,0.13449919,0.134194,0.13390605,0.1340014,0.13338141
CAMS-GLOB-ANT-v6.2,historical,World,Emissions|OC|Fugitives,Mt OC/yr,0.015304639,0.015304562,0.015297084,0.015322261,0.015319922,0.015334181,0.015332878,0.015331077,0.015327403,0.015330292,0.0153287295,0.015338691,0.015341066,0.015341252,0.015346278,0.015343704,0.015336723,0.015334367,0.015337414,0.015362229,0.015430248,0.015414774,0.015442114,0.0154700205,0.015540875,0.015527234
CAMS-GLOB-ANT-v6.2,historical,World,Emissions|SO2|Fugitives,Mt SO2/yr,0.32805917,0.32799894,0.3279012,0.32813075,0.3280139,0.32809532,0.32799304,0.3279183,0.3278446,0.3278631,0.32774118,0.32776392,0.32780316,0.32777932,0.327827,0.32784396,0.32786533,0.3277876,0.32783428,0.3284319,0.32993898,0.32965052,0.33027047,0.33089662,0.33243707,0.33216667
CAMS-GLOB-ANT-v6.2,historical,World,Emissions|BC|Fugitive coal,Mt BC/yr,,,,,,,,,,,,,,,,,,,,,,,,,,
CAMS-GLOB-ANT-v6.2,historical,World,Emissions|CH4|Fugitive coal,Mt CH4/yr,22.25154,23.139204,23.272532,25.38613,27.8333,30.186462,31.762415,32.926117,33.36292,33.402718,35.21392,38.838276,39.903854,38.91763,39.303448,38.14392,36.262222,37.36551,36.740948,37.037277,37.443497,37.652824,37.972202,38.299633,38.740982,38.978886
CAMS-GLOB-ANT-v6.2,historical,World,Emissions|CO|Fugitive coal,Mt CO/yr,,,,,,,,,,,,,,,,,,,,,,,,,,
CAMS-GLOB-ANT-v6.2,historical,World,Emissions|CO2|Fugitive coal,Mt CO2/yr,,,,,,,,,,,,,,,,,,,,,,,,,,
CAMS-GLOB-ANT-v6.2,historical,World,Emissions|CO2_excl_short-cycle_org_C|Fugitive coal,Mt CO2/yr,,,,,,,,,,,,,,,,,,,,,,,,,,
CAMS-GLOB-ANT-v6.2,historical,World,Emissions|CO2_short-cycle_org_C|Fugitive coal,Mt CO2/yr,,,,,,,,,,,,,,,,,,,,,,,,,,
CAMS-GLOB-ANT-v6.2,historical,World,Emissions|N2O|Fugitive coal,Mt N2O/yr,,,,,,,,,,,,,,,,,,,,,,,,,,
CAMS-GLOB-ANT-v6.2,historical,World,Emissions|NH3|Fugitive coal,Mt NH3/yr,,,,,,,,,,,,,,,,,,,,,,,,,,
CAMS-GLOB-ANT-v6.2,historical,World,Emissions|NMVOC|Fugitive coal,Mt NMVOC/yr,,,,,,,,,,,,,,,,,,,,,,,,,,
CAMS-GLOB-ANT-v6.2,historical,World,Emissions|NOx|Fugitive coal,Mt NO/yr,,,,,,,,,,,,,,,,,,,,,,,,,,
CAMS-GLOB-ANT-v6.2,historical,World,Emissions|OC|Fugitive coal,Mt OC/yr,,,,,,,,,,,,,,,,,,,,,,,,,,
CAMS-GLOB-ANT-v6.2,historical,World,Emissions|SO2|Fugitive coal,Mt SO2/yr,,,,,,,,,,,,,,,,,,,,,,,,,,
CAMS-GLOB-ANT-v6.2,historical,World,Emissions|BC|Fugitive gas,Mt BC/yr,,,,,,,,,,,,,,,,,,,,,,,,,,
CAMS-GLOB-ANT-v6.2,historical,World,Emissions|CH4|Fugitive gas,Mt CH4/yr,28.050056,28.90981,30.029158,31.229315,32.28992,33.104984,34.4633,35.561172,36.99781,36.352043,38.152008,39.14808,39.801964,40.598076,41.105133,41.68139,41.84978,42.790512,43.58103,43.455406,43.452656,43.216576,43.103336,42.994164,43.006634,42.78812
CAMS-GLOB-ANT-v6.2,historical,World,Emissions|CO|Fugitive gas,Mt CO/yr,,,,,,,,,,,,,,,,,,,,,,,,,,
CAMS-GLOB-ANT-v6.2,historical,World,Emissions|CO2|Fugitive gas,Mt CO2/yr,,,,,,,,,,,,,,,,,,,,,,,,,,
CAMS-GLOB-ANT-v6.2,historical,World,Emissions|CO2_excl_short-cycle_org_C|Fugitive gas,Mt CO2/yr,,,,,,,,,,,,,,,,,,,,,,,,,,
CAMS-GLOB-ANT-v6.2,historical,World,Emissions|CO2_short-cycle_org_C|Fugitive gas,Mt CO2/yr,,,,,,,,,,,,,,,,,,,,,,,,,,
CAMS-GLOB-ANT-v6.2,historical,World,Emissions|N2O|Fugitive gas,Mt N2O/yr,,,,,,,,,,,,,,,,,,,,,,,,,,
CAMS-GLOB-ANT-v6.2,historical,World,Emissions|NH3|Fugitive gas,Mt NH3/yr,,,,,,,,,,,,,,,,,,,,,,,,,,
CAMS-GLOB-ANT-v6.2,historical,World,Emissions|NMVOC|Fugitive gas,Mt NMVOC/yr,,,,,,,,,,,,,,,,,,,,,,,,,,
CAMS-GLOB-ANT-v6.2,historical,World,Emissions|NOx|Fugitive gas,Mt NO/yr,,,,,,,,,,,,,,,,,,,,,,,,,,
CAMS-GLOB-ANT-v6.2,historical,World,Emissions|OC|Fugitive gas,Mt OC/yr,,,,,,,,,,,,,,,,,,,,,,,,,,
CAMS-GLOB-ANT-v6.2,historical,World,Emissions|SO2|Fugitive gas,Mt SO2/yr,,,,,,,,,,,,,,,,,,,,,,,,,,
CAMS-GLOB-ANT-v6.2,historical,World,Emissions|BC|Fugitive oil,Mt BC/yr,,,,,,,,,,,,,,,,,,,,,,,,,,
CAMS-GLOB-ANT-v6.2,historical,World,Emissions|CH4|Fugitive oil,Mt CH4/yr,35.405655,33.996395,31.12639,34.115887,33.607243,33.47483,33.114025,30.953129,31.637598,30.462448,30.496683,30.43283,31.097153,30.411758,30.477335,30.710825,31.771578,31.712242,32.170998,32.16896,32.257854,32.173344,32.17993,32.18952,32.290455,32.21816
CAMS-GLOB-ANT-v6.2,historical,World,Emissions|CO|Fugitive oil,Mt CO/yr,,,,,,,,,,,,,,,,,,,,,,,,,,
CAMS-GLOB-ANT-v6.2,historical,World,Emissions|CO2|Fugitive oil,Mt CO2/yr,,,,,,,,,,,,,,,,,,,,,,,,,,
CAMS-GLOB-ANT-v6.2,historical,World,Emissions|CO2_excl_short-cycle_org_C|Fugitive oil,Mt CO2/yr,,,,,,,,,,,,,,,,,,,,,,,,,,
CAMS-GLOB-ANT-v6.2,historical,World,Emissions|CO2_short-cycle_org_C|Fugitive oil,Mt CO2/yr,,,,,,,,,,,,,,,,,,,,,,,,,,
CAMS-GLOB-ANT-v6.2,historical,World,Emissions|N2O|Fugitive oil,Mt N2O/yr,,,,,,,,,,,,,,,,,,,,,,,,,,
CAMS-GLOB-ANT-v6.2,historical,World,Emissions|NH3|Fugitive oil,Mt NH3/yr,,,,,,,,,,,,,,,,,,,,,,,,,,
CAMS-GLOB-ANT-v6.2,historical,World,Emissions|NMVOC|Fugitive oil,Mt NMVOC/yr,,,,,,,,,,,,,,,,,,,,,,,,,,
CAMS-GLOB-ANT-v6.2,historical,World,Emissions|NOx|Fugitive oil,Mt NO/yr,,,,,,,,,,,,,,,,,,,,,,,,,,
CAMS-GLOB-ANT-v6.2,historical,World,Emissions|OC|Fugitive oil,Mt OC/yr,,,,,,,,,,,,,,,,,,,,,,,,,,
CAMS-GLOB-ANT-v6.2,historical,World,Emissions|SO2|Fugitive oil,Mt SO2/yr,,,,,,,,,,,,,,,,,,,,,,,,,,
CAMS-GLOB-ANT-v6.2,historical,World,Emissions|BC|Industrial process,Mt BC/yr,0.7796264,0.7763508,0.79741806,0.829418,0.9029078,0.9625852,1.0006481,1.0580237,1.0771593,1.0886209,1.1785772,1.248682,1.2549468,1.2724707,1.2806294,1.2822467,1.2463233,1.2378372,1.2484456,1.2345736,1.1322094,1.2089187,1.197142,1.1860719,1.1785529,1.1660825
CAMS-GLOB-ANT-v6.2,historical,World,Emissions|CH4|Industrial process,Mt CH4/yr,0.622921,0.6154128,0.63014793,0.6726223,0.743829,0.7959127,0.8478711,0.88750446,0.9029427,0.88180816,0.96742994,1.01423,1.0379058,1.0527229,1.0928497,1.1056784,1.1065726,1.1163226,1.142408,1.1462194,1.067985,1.1543827,1.1587437,1.1632979,1.170836,1.1730139
CAMS-GLOB-ANT-v6.2,historical,World,Emissions|CO|Industrial process,Mt CO/yr,60.822884,59.380383,59.34322,62.45344,68.905106,77.586494,82.94448,88.86927,91.98451,93.03146,102.13865,107.96173,109.43294,110.97403,111.89522,111.4105,108.55741,107.195335,108.45998,105.01426,101.07654,103.07611,102.20285,101.3967,100.88827,99.99815
CAMS-GLOB-ANT-v6.2,historical,World,Emissions|CO2|Industrial process,Mt CO2/yr,,,,,,,,,,,,,,,,,,,,,,,,,,
CAMS-GLOB-ANT-v6.2,historical,World,Emissions|CO2_excl_short-cycle_org_C|Industrial process,Mt CO2/yr,5460.331,5502.4604,5574.9424,5884.432,6432.8823,6960.2666,7376.917,7840.7134,7950.4287,7962.7705,8705.149,9095.878,9212.159,9125.093,9245.736,9126.234,9026.984,9033.334,9222.203,9365.038,9234.998,9607.42,9643.876,9682.948,9747.43,9769.135
CAMS-GLOB-ANT-v6.2,historical,World,Emissions|CO2_short-cycle_org_C|Industrial process,Mt CO2/yr,1441.2927,1436.6724,1481.0564,1515.1666,1573.9266,1546.3423,1629.777,1710.4553,1699.4083,1662.9403,1711.6721,1777.2887,1824.212,1914.2031,1878.8483,1867.7073,1881.5602,1901.7565,1951.5135,1948.806,1930.4633,1935.9418,1954.7406,1974.8475,2001.4568,2019.2722
CAMS-GLOB-ANT-v6.2,historical,World,Emissions|N2O|Industrial process,Mt N2O/yr,0.74168706,0.72405595,0.7038393,0.7215892,0.77636564,0.8222663,0.813982,0.873946,0.7799753,0.69216645,0.6930377,0.7534531,0.80708134,0.8118223,0.8136553,0.81323683,0.8163146,0.81906813,0.82480276,0.7927137,0.6442535,0.80742747,0.81238323,0.8176289,0.82526404,0.8289822
CAMS-GLOB-ANT-v6.2,historical,World,Emissions|NH3|Industrial process,Mt NH3/yr,0.77585155,0.758889,0.7705268,0.7745672,0.797165,0.7971708,0.83973527,0.8692492,0.86785114,0.8664879,0.9038224,0.9198444,0.9373802,0.9462718,0.9401504,0.9686063,0.9829735,0.9973183,0.9960205,1.0026507,0.9025321,1.0163896,1.023505,1.0307891,1.04087,1.0458883
CAMS-GLOB-ANT-v6.2,historical,World,Emissions|NMVOC|Industrial process,Mt NMVOC/yr,8.998723,9.082465,9.385701,9.95037,10.991292,12.246597,12.899405,13.465064,13.776506,13.965164,14.970241,15.476125,15.684972,15.695234,15.87149,15.999902,15.783183,15.657973,15.993862,16.05053,14.992695,16.173014,16.23915,16.308779,16.421024,16.459368
CAMS-GLOB-ANT-v6.2,historical,World,Emissions|NOx|Industrial process,Mt NO/yr,8.812049,8.8475065,9.068691,9.606818,10.835259,11.799078,12.422932,13.070561,13.411002,13.297329,14.270723,14.710926,14.8191395,14.800895,14.786321,14.860143,14.551165,14.248585,14.553481,14.379588,13.198684,14.059292,13.912664,13.774929,13.678493,13.525899
CAMS-GLOB-ANT-v6.2,historical,World,Emissions|OC|Industrial process,Mt OC/yr,0.9023377,0.9172971,0.933082,1.027626,1.2184786,1.4618702,1.5497007,1.628958,1.711346,1.7813616,1.9087975,2.0230145,2.0266066,2.0065506,2.017134,2.0090628,1.8953167,1.816219,1.8654476,1.8502138,1.7726973,1.8211074,1.8072478,1.7938603,1.7850174,1.7685386
CAMS-GLOB-ANT-v6.2,historical,World,Emissions|SO2|Industrial process,Mt SO2/yr,21.835653,21.851067,21.849623,23.115427,26.375927,29.549694,30.769268,32.03344,33.033638,33.470104,36.173252,37.23101,37.363308,36.877254,36.96427,36.841743,35.302425,34.228943,34.96423,33.730957,30.819172,31.597824,30.685474,29.868622,29.211151,28.502617
CAMS-GLOB-ANT-v6.2,historical,World,Emissions|BC|Refineries,Mt BC/yr,0.41127148,0.4209695,0.41652218,0.47008622,0.4508182,0.48107603,0.54823005,0.61895823,0.6355605,0.76675606,0.7973036,0.8068493,0.84027886,0.8646525,0.79189247,0.7131434,0.5905835,0.61800486,0.5896993,0.5903189,0.59256333,0.59157366,0.5922081,0.5928482,0.59511966,0.59414476
CAMS-GLOB-ANT-v6.2,historical,World,Emissions|CH4|Refineries,Mt CH4/yr,4.1634374,4.2011414,4.3369465,4.5261526,4.7867007,4.9932523,5.1108093,5.392938,5.445776,4.7708354,5.537288,5.7082458,6.1352134,6.191965,6.2335377,6.226628,6.24178,6.285971,6.2864223,6.3032656,6.337916,6.338411,6.356694,6.375444,6.412171,6.414308
CAMS-GLOB-ANT-v6.2,historical,World,Emissions|CO|Refineries,Mt CO/yr,24.241575,25.762337,26.443998,27.977194,29.575493,31.46721,32.817944,35.220238,35.324284,34.475346,37.594154,39.186337,41.524933,42.706474,42.866096,42.16066,41.829433,41.82646,41.850185,42.006107,42.21622,42.19891,42.300026,42.404114,42.627636,42.621044
CAMS-GLOB-ANT-v6.2,historical,World,Emissions|CO2|Refineries,Mt CO2/yr,,,,,,,,,,,,,,,,,,,,,,,,,,
CAMS-GLOB-ANT-v6.2,historical,World,Emissions|CO2_excl_short-cycle_org_C|Refineries,Mt CO2/yr,1442.9629,1451.179,1504.8951,1613.5895,1638.3408,1670.3372,1740.7651,1794.6083,1801.9199,1795.6146,1904.6676,1920.0775,1962.6042,2001.316,1963.4534,2027.0133,1956.6637,2015.7947,2061.3389,2181.6597,2095.659,2185.517,2193.0205,2200.765,2214.7966,2216.954
CAMS-GLOB-ANT-v6.2,historical,World,Emissions|CO2_short-cycle_org_C|Refineries,Mt CO2/yr,23.244406,24.546478,26.908447,31.102798,31.856762,34.121143,38.319267,45.029236,56.51023,54.268314,55.302704,46.001835,46.368214,54.186405,55.035946,57.670605,53.736004,52.41088,62.069042,65.488785,65.75476,65.66045,65.16926,64.682434,64.37584,63.721844
CAMS-GLOB-ANT-v6.2,historical,World,Emissions|N2O|Refineries,Mt N2O/yr,0.011901502,0.012878097,0.013288234,0.01446564,0.014952555,0.015696177,0.016202005,0.018173313,0.01938897,0.019510154,0.021287506,0.024890583,0.025847647,0.026557252,0.0249563,0.02494832,0.024067035,0.02397846,0.024271507,0.02473323,0.023548506,0.024259457,0.024269443,0.024280788,0.024360003,0.024307352
CAMS-GLOB-ANT-v6.2,historical,World,Emissions|NH3|Refineries,Mt NH3/yr,0.66772467,0.6738047,0.69883454,0.7258927,0.7640864,0.7933233,0.8059539,0.8538114,0.86154664,0.8134943,0.8631164,0.8839198,0.9669423,0.96953815,0.9742923,0.9800913,0.97847813,0.9891599,0.98725516,0.9886828,0.9929521,0.9919178,0.99371344,0.99562126,1.0003697,0.99975574
CAMS-GLOB-ANT-v6.2,historical,World,Emissions|NMVOC|Refineries,Mt NMVOC/yr,6.7741466,7.201211,7.641769,8.040806,8.587806,9.123796,9.418661,9.787996,9.869397,9.617465,10.077298,10.2928095,11.267877,11.3204565,11.35636,11.505039,11.631508,11.707795,11.750853,11.790199,11.862739,11.871239,11.912914,11.955346,12.031407,12.042484
CAMS-GLOB-ANT-v6.2,historical,World,Emissions|NOx|Refineries,Mt NO/yr,1.2916272,1.5402079,1.5166494,1.5713472,1.5453353,1.5301374,1.6350342,1.7629894,1.8115689,1.8588126,2.0535405,2.0327895,2.0642152,2.0998614,2.0279934,1.8975271,1.7176112,1.7017908,1.6710452,1.6725874,1.6787988,1.6759089,1.6776763,1.6795095,1.6860121,1.6833622
CAMS-GLOB-ANT-v6.2,historical,World,Emissions|OC|Refineries,Mt OC/yr,0.057758383,0.07798777,0.07730511,0.082985595,0.081563205,0.08320235,0.091990225,0.104602486,0.10860156,0.117521085,0.13388081,0.13291845,0.13793021,0.1408263,0.13185617,0.12275966,0.10685247,0.10955401,0.105933145,0.106124245,0.10660781,0.10650981,0.106704205,0.10689972,0.10738981,0.10729425
CAMS-GLOB-ANT-v6.2,historical,World,Emissions|SO2|Refineries,Mt SO2/yr,3.3576183,3.883624,3.7781355,3.87307,3.7975528,3.7325249,3.9460764,4.2047534,4.3356657,4.541239,4.9295673,4.973709,5.0025654,5.0566344,4.807651,4.407305,3.9711542,3.9225533,3.8461573,3.8465672,3.8576589,3.8478162,3.8486538,3.8496344,3.8613029,3.8520076
CAMS-GLOB-ANT-v6.2,historical,World,Emissions|BC|Residential,Mt BC/yr,1.2683859,1.2625706,1.2740732,1.2891673,1.2989478,1.2981734,1.2942913,1.2880586,1.2915431,1.3051581,1.3133323,1.3159436,1.3153859,1.3103502,1.303804,1.28673,1.2786568,1.2813256,1.2853765,1.2843184,1.3695846,1.2833914,1.282709,1.2821245,1.2857585,1.2812445
CAMS-GLOB-ANT-v6.2,historical,World,Emissions|CH4|Residential,Mt CH4/yr,11.339898,11.261389,11.23216,11.449963,11.68664,11.624873,11.621185,11.512525,11.563027,11.664322,11.71885,11.640498,11.738372,11.667366,11.600303,11.508092,11.499464,11.463725,11.540731,11.563344,12.291194,11.622971,11.648426,11.674626,11.742988,11.729255
CAMS-GLOB-ANT-v6.2,historical,World,Emissions|CO|Residential,Mt CO/yr,145.51999,144.6901,145.84268,148.18762,149.56657,149.96912,149.47446,148.97777,150.04137,151.63675,152.5522,152.31639,152.80495,152.46033,151.5002,149.64119,148.54103,148.94746,149.1511,148.46094,158.18324,148.16383,147.98483,147.81717,148.14923,147.51576
CAMS-GLOB-ANT-v6.2,historical,World,Emissions|CO2|Residential,Mt CO2/yr,,,,,,,,,,,,,,,,,,,,,,,,,,
CAMS-GLOB-ANT-v6.2,historical,World,Emissions|CO2_excl_short-cycle_org_C|Residential,Mt CO2/yr,2097.3953,2122.0952,2119.5923,2186.48,2249.817,2258.187,2253.1548,2251.3599,2309.1462,2262.2148,2310.0889,2266.222,2250.5093,2326.4114,2285.1338,2308.8198,2351.4878,2390.103,2407.7478,2362.951,2275.5366,2391.267,2414.746,2438.918,2474.5093,2489.4514
CAMS-GLOB-ANT-v6.2,historical,World,Emissions|CO2_short-cycle_org_C|Residential,Mt CO2/yr,2311.3748,2289.3088,2311.9333,2343.8528,2351.939,2369.2354,2384.206,2377.877,2377.6692,2367.417,2372.4795,2353.0225,2355.9873,2362.6355,2363.1855,2342.6843,2324.7075,2342.392,2333.0679,2350.5486,2335.6506,2337.9731,2369.7515,2403.0613,2445.6262,2474.5188
CAMS-GLOB-ANT-v6.2,historical,World,Emissions|N2O|Residential,Mt N2O/yr,0.2177666,0.21653941,0.21597269,0.21900612,0.22655004,0.23089223,0.23258464,0.22993588,0.23046611,0.2254428,0.23002084,0.22988944,0.22922143,0.23058341,0.23143388,0.22719073,0.22679518,0.22946073,0.22962907,0.22786923,0.23171334,0.2239279,0.2237219,0.2235276,0.22413692,0.22317436
CAMS-GLOB-ANT-v6.2,historical,World,Emissions|NH3|Residential,Mt NH3/yr,3.1166017,3.0809994,3.084623,3.114916,3.1218004,3.1192002,3.103982,3.134113,3.1778078,3.2336347,3.3189995,3.3651803,3.3645818,3.39398,3.3953726,3.3369184,3.3213618,3.3454337,3.350814,3.3522496,3.605212,3.3561862,3.3581207,3.3601973,3.3724906,3.3647757
CAMS-GLOB-ANT-v6.2,historical,World,Emissions|NMVOC|Residential,Mt NMVOC/yr,20.561472,20.392735,20.501009,20.777515,20.943003,20.947557,20.871662,20.876318,21.104742,21.382477,21.627514,21.7285,21.781704,21.811161,21.744434,21.43382,21.26867,21.351522,21.456594,21.393036,22.803246,21.28518,21.228617,21.173784,21.18844,21.069204
CAMS-GLOB-ANT-v6.2,historical,World,Emissions|NOx|Residential,Mt NO/yr,1.851346,1.8616958,1.8783628,1.9315509,1.9780078,1.9909263,1.9933189,2.004224,2.0459197,2.058618,2.079849,2.0687342,2.0820346,2.1079652,2.0983148,2.1035485,2.1212094,2.1536114,2.194645,2.203068,2.3471098,2.2225833,2.2317348,2.2412071,2.2596025,2.2611473
CAMS-GLOB-ANT-v6.2,historical,World,Emissions|OC|Residential,Mt OC/yr,5.2932315,5.2017,5.18763,5.217464,5.2190905,5.1642923,5.152167,5.1295934,5.158019,5.230507,5.2580667,5.2437587,5.2704577,5.2638083,5.2335463,5.1699395,5.1394677,5.139342,5.1709256,5.152122,5.463068,5.120726,5.103961,5.08773,5.08907,5.0568633
CAMS-GLOB-ANT-v6.2,historical,World,Emissions|SO2|Residential,Mt SO2/yr,4.647533,4.5730124,4.430241,4.4224505,4.492797,4.393132,4.3788404,4.328563,4.4617476,4.571666,4.500406,4.431738,4.5475554,4.46106,4.4537272,4.470367,4.4880447,4.6397696,4.7015676,4.7025027,4.9708366,4.7168536,4.724533,4.734615,4.765499,4.762248
CAMS-GLOB-ANT-v6.2,historical,World,Emissions|BC|Ships,Mt BC/yr,0.03225921,0.031807102,0.03145407,0.031098403,0.030833986,0.030399274,0.030030897,0.029692514,0.032316923,0.030715175,0.028714117,0.028223548,0.027298197,0.026911214,0.02729264,0.02768567,0.025439432,0.02536313,0.025944944,0.027769374,0.01200089,0.012856528,0.013527585,0.013527585,0.013562082,0.013527585
CAMS-GLOB-ANT-v6.2,historical,World,Emissions|CH4|Ships,Mt CH4/yr,0.15522183,0.15381269,0.15275396,0.15170108,0.15098867,0.14962009,0.14859368,0.14757147,0.13350444,0.13791618,0.10385563,0.13586923,0.123935856,0.10911863,0.07896218,0.08254314,0.09419252,0.11545988,0.14438093,0.16873471,0.19358979,0.22845797,0.21118121,0.21118121,0.21176086,0.21118121
CAMS-GLOB-ANT-v6.2,historical,World,Emissions|CO|Ships,Mt CO/yr,1.1940745,1.1783353,1.1662143,1.1540494,1.145428,1.1304617,1.118799,1.1074241,1.1421472,1.1095645,1.0766461,1.0614456,1.0537809,1.0403638,1.0822196,1.1357094,1.043289,1.0713568,1.104982,1.2313062,1.162412,1.2846175,1.3894861,1.3894861,1.3929849,1.3894861
CAMS-GLOB-ANT-v6.2,historical,World,Emissions|CO2|Ships,Mt CO2/yr,,,,,,,,,,,,,,,,,,,,,,,,,,
CAMS-GLOB-ANT-v6.2,historical,World,Emissions|CO2_excl_short-cycle_org_C|Ships,Mt CO2/yr,967.4586,952.02423,938.8455,926.0433,916.06287,897.4358,885.0967,873.0003,785.2279,800.8574,804.332,828.2824,820.0079,807.8784,832.92084,877.8239,835.18787,863.89185,873.531,904.21985,822.90967,878.6593,919.4476,919.4476,921.8443,919.4476
CAMS-GLOB-ANT-v6.2,historical,World,Emissions|CO2_short-cycle_org_C|Ships,Mt CO2/yr,0.0049131517,0.004899728,9.999842e-05,9.999842e-05,0.00010027239,9.999842e-05,9.999842e-05,9.999842e-05,0.012267628,0.019625043,0.017005472,0.32838067,0.23522289,0.2113064,0.19719446,0.2783774,0.2783162,0.42496598,0.4258317,0.3991019,0.40912127,0.43574664,0.43586773,0.43599954,0.4373364,0.4362932
CAMS-GLOB-ANT-v6.2,historical,World,Emissions|N2O|Ships,Mt N2O/yr,0.016371138,0.015714228,0.016154572,0.016608488,0.017864624,0.018434346,0.019636145,0.02065008,0.020285083,0.019602798,0.020795109,0.021177066,0.020171504,0.020289194,0.020878319,0.021430189,0.022014754,0.022901995,0.022950348,0.022691255,0.021899825,0.023021821,0.023070578,0.02312534,0.023248313,0.023248214
CAMS-GLOB-ANT-v6.2,historical,World,Emissions|NH3|Ships,Mt NH3/yr,0.0013546844,0.0013008788,0.0013376602,0.0013808943,0.0014814588,0.001532948,0.0016310259,0.001713927,0.0016856251,0.0016360799,0.0017341647,0.0017713815,0.001687421,0.001695518,0.00174903,0.0017843583,0.0018296145,0.0018929077,0.0019133884,0.0019137517,0.0019196784,0.0019153379,0.0019164195,0.0019176542,0.0019242893,0.0019205457
CAMS-GLOB-ANT-v6.2,historical,World,Emissions|NMVOC|Ships,Mt NMVOC/yr,0.17563964,0.17324659,0.17137185,0.16949892,0.1681128,0.16583107,0.16402587,0.16223553,0.15355323,0.15365252,0.15102954,0.1551761,0.15394396,0.15183981,0.1545814,0.16301817,0.15519778,0.16038659,0.16275461,0.16888887,0.15619913,0.16810986,0.17645785,0.17645785,0.1769192,0.17645785
CAMS-GLOB-ANT-v6.2,historical,World,Emissions|NOx|Ships,Mt NO/yr,16.250998,15.855372,15.531292,15.195075,14.86351,14.447226,14.075462,13.740984,12.112815,12.124777,11.772803,12.12151,11.759513,11.336838,11.199405,11.716006,11.021214,11.308768,11.321783,11.491876,10.494045,11.071227,11.501825,11.501825,11.532108,11.501825
CAMS-GLOB-ANT-v6.2,historical,World,Emissions|OC|Ships,Mt OC/yr,0.35679883,0.35184315,0.34791628,0.3439591,0.34093744,0.33615884,0.33210653,0.328288,0.32083482,0.31769577,0.30644888,0.31234512,0.304554,0.3001523,0.30327755,0.31157857,0.2958741,0.30167735,0.3056167,0.31628376,0.17059645,0.17857718,0.1855179,0.1855179,0.18599936,0.1855179
CAMS-GLOB-ANT-v6.2,historical,World,Emissions|SO2|Ships,Mt SO2/yr,12.835156,12.611551,12.414813,12.216579,12.066267,11.819756,11.484956,11.23437,9.903732,10.141723,9.777484,10.352195,9.892438,9.724658,9.524425,9.888854,9.7217245,9.971973,10.01068,10.027933,2.0313253,2.075417,2.1330793,2.1330793,2.1386585,2.1330793
CAMS-GLOB-ANT-v6.2,historical,World,Emissions|BC|Solvents,Mt BC/yr,,,,,,,,,,,,,,,,,,,,,,,,,,
CAMS-GLOB-ANT-v6.2,historical,World,Emissions|CH4|Solvents,Mt CH4/yr,,,,,,,,,,,,,,,,,,,,,,,,,,
CAMS-GLOB-ANT-v6.2,historical,World,Emissions|CO|Solvents,Mt CO/yr,,,,,,,,,,,,,,,,,,,,,,,,,,
CAMS-GLOB-ANT-v6.2,historical,World,Emissions|CO2|Solvents,Mt CO2/yr,,,,,,,,,,,,,,,,,,,,,,,,,,
CAMS-GLOB-ANT-v6.2,historical,World,Emissions|CO2_excl_short-cycle_org_C|Solvents,Mt CO2/yr,195.79083,199.20522,186.75716,187.94106,188.90976,190.77231,189.61612,185.07977,180.58325,173.0561,173.9638,170.22392,171.22392,173.0215,174.0772,173.861,174.72957,175.78052,176.95349,178.59497,172.59792,178.40144,178.73987,179.09335,179.95338,179.84532
CAMS-GLOB-ANT-v6.2,historical,World,Emissions|CO2_short-cycle_org_C|Solvents,Mt CO2/yr,,,,,,,,,,,,,,,,,,,,,,,,,,
CAMS-GLOB-ANT-v6.2,historical,World,Emissions|N2O|Solvents,Mt N2O/yr,0.08089796,0.08080512,0.080702454,0.08060702,0.080543146,0.080527045,0.08100557,0.08153305,0.08208521,0.08262772,0.08313578,0.08436037,0.08555444,0.086721905,0.08787175,0.08900997,0.09013493,0.091243386,0.092335194,0.09345789,0.080120414,0.09785972,0.0986966,0.09956042,0.10072682,0.10137071
CAMS-GLOB-ANT-v6.2,historical,World,Emissions|NH3|Solvents,Mt NH3/yr,6.6230765e-05,7.334285e-05,7.449776e-05,9.870738e-05,0.00015871802,0.00011744152,0.00010699455,0.000147629,0.00016758448,0.0001360145,0.00012808104,0.00014813147,0.00013831335,0.00013532604,0.00012363645,0.00011005781,0.000110892215,0.0001117341,0.00011258409,0.000112859285,0.000110121204,0.000113429895,0.000113725706,0.000114028735,0.00011465243,0.00011465728
CAMS-GLOB-ANT-v6.2,historical,World,Emissions|NMVOC|Solvents,Mt NMVOC/yr,20.8906,21.173826,21.421482,21.783602,21.966644,22.262514,22.837318,23.252703,23.612387,23.835327,24.393452,24.783089,25.23506,25.643967,26.051624,26.388634,26.776243,27.181124,27.599089,27.693972,25.286255,27.886377,27.98394,28.082418,28.259043,28.282173
CAMS-GLOB-ANT-v6.2,historical,World,Emissions|NOx|Solvents,Mt NO/yr,,,,,,,,,,,,,,,,,,,,,,,,,,
CAMS-GLOB-ANT-v6.2,historical,World,Emissions|OC|Solvents,Mt OC/yr,,,,,,,,,,,,,,,,,,,,,,,,,,
CAMS-GLOB-ANT-v6.2,historical,World,Emissions|SO2|Solvents,Mt SO2/yr,,,,,,,,,,,,,,,,,,,,,,,,,,
CAMS-GLOB-ANT-v6.2,historical,World,Emissions|BC|Solid waste and waste water,Mt BC/yr,0.00978728,0.010061456,0.009195255,0.010014876,0.009047143,0.008372003,0.00951389,0.0100941835,0.010313026,0.011157697,0.0117541365,0.012434189,0.011516951,0.012682004,0.011361933,0.012342927,0.013462846,0.012304446,0.013582258,0.013582258,0.01361947,0.013582258,0.013582258,0.013582258,0.01361947,0.013582258
CAMS-GLOB-ANT-v6.2,historical,World,Emissions|CH4|Solid waste and waste water,Mt CH4/yr,62.89129,62.66368,63.227795,64.28604,65.50949,66.10276,67.84194,68.9357,69.82923,69.94166,70.60563,71.88501,73.03369,74.18199,75.48305,76.8419,78.22437,79.45944,80.85024,81.194046,81.76408,81.8902,82.24264,82.59815,83.18386,83.31807
CAMS-GLOB-ANT-v6.2,historical,World,Emissions|CO|Solid waste and waste water,Mt CO/yr,0.07253067,0.07740603,0.068168655,0.07926,0.07027921,0.06427017,0.072862476,0.07328406,0.071562186,0.076756,0.0784373,0.081980236,0.068813145,0.09126063,0.07319752,0.083595455,0.08123808,0.07856527,0.07890965,0.078736715,0.079040445,0.07891356,0.07900399,0.07909584,0.079406045,0.07928372
CAMS-GLOB-ANT-v6.2,historical,World,Emissions|CO2|Solid waste and waste water,Mt CO2/yr,,,,,,,,,,,,,,,,,,,,,,,,,,
CAMS-GLOB-ANT-v6.2,historical,World,Emissions|CO2_excl_short-cycle_org_C|Solid waste and waste water,Mt CO2/yr,14.447967,14.861796,14.0968275,15.420235,14.529257,13.90151,14.659792,14.941747,15.523671,14.949393,15.72882,16.05506,15.6295395,17.581806,16.002111,16.963867,17.138605,16.98846,17.393984,17.202675,17.115831,17.151062,17.171947,17.192902,17.261065,17.234947
CAMS-GLOB-ANT-v6.2,historical,World,Emissions|CO2_short-cycle_org_C|Solid waste and waste water,Mt CO2/yr,11.595983,10.937165,9.987298,9.408445,9.081883,8.822532,8.908325,8.8518915,8.287202,8.258175,7.9224973,8.24303,8.100599,8.386386,7.797217,8.199661,6.5313826,6.17036,7.1957827,7.032186,7.067656,6.8710313,6.8811355,6.891264,6.9203186,6.911575
CAMS-GLOB-ANT-v6.2,historical,World,Emissions|N2O|Solid waste and waste water,Mt N2O/yr,0.30539495,0.30899158,0.3124944,0.3181608,0.3227656,0.3277633,0.3342255,0.34342605,0.35125,0.3581076,0.36523852,0.3728626,0.38049993,0.3898438,0.39467442,0.40143555,0.40758368,0.41455463,0.41931674,0.42534414,0.4315572,0.43759963,0.43967187,0.44176152,0.44508418,0.44599208
CAMS-GLOB-ANT-v6.2,historical,World,Emissions|NH3|Solid waste and waste water,Mt NH3/yr,0.11775143,0.119294055,0.11837633,0.11759897,0.11839287,0.121522255,0.1299319,0.12960768,0.12997125,0.1315148,0.13483685,0.13782327,0.1398149,0.14398587,0.14328986,0.14643767,0.14772531,0.14938183,0.15094182,0.15097032,0.15142502,0.1510645,0.15112998,0.15120766,0.15171194,0.15139928
CAMS-GLOB-ANT-v6.2,historical,World,Emissions|NMVOC|Solid waste and waste water,Mt NMVOC/yr,2.5398684,2.5428004,2.496999,2.444687,2.4582815,2.545291,2.772374,2.732862,2.7222118,2.7408044,2.828009,2.8851013,2.9127576,2.9863994,2.9774935,3.044163,3.0832086,3.1218379,3.1579351,3.1574423,3.1660137,3.1577077,3.1584814,3.1596944,3.1700246,3.1634936
CAMS-GLOB-ANT-v6.2,historical,World,Emissions|NOx|Solid waste and waste water,Mt NO/yr,0.06248392,0.063037045,0.058021683,0.059698265,0.056920487,0.05400506,0.05821794,0.05906888,0.059521515,0.061226387,0.06252391,0.06597299,0.06513222,0.07223597,0.06700557,0.0707481,0.06738573,0.06661611,0.06776798,0.06778227,0.06798273,0.06781213,0.06782762,0.067843534,0.06804578,0.06787664
CAMS-GLOB-ANT-v6.2,historical,World,Emissions|OC|Solid waste and waste water,Mt OC/yr,0.0144976005,0.0136522995,0.012279108,0.011263981,0.010360302,0.00942012,0.01097962,0.012496109,0.013803362,0.01494797,0.016412511,0.017765285,0.01910327,0.019346409,0.01981749,0.020317795,0.021231603,0.021238048,0.022204911,0.022204911,0.02226575,0.022204911,0.022204911,0.022204911,0.02226575,0.022204911
CAMS-GLOB-ANT-v6.2,historical,World,Emissions|SO2|Solid waste and waste water,Mt SO2/yr,,,,,,,,,,,,,,,,,,,,,,,,,,
CAMS-GLOB-ANT-v6.2,historical,World,Emissions|BC|Off Road transportation,Mt BC/yr,0.020715155,0.019999405,0.020310024,0.020430025,0.022285352,0.024233092,0.026338426,0.026168477,0.022399157,0.019984324,0.019516287,0.023584863,0.022131521,0.022735083,0.023786299,0.025325408,0.023188284,0.022814844,0.023240779,0.02250972,0.018353691,0.021164732,0.020545818,0.019960178,0.01945407,0.018882561
CAMS-GLOB-ANT-v6.2,historical,World,Emissions|CH4|Off Road transportation,Mt CH4/yr,0.0074656084,0.0074459617,0.0075062495,0.0077412482,0.0083307065,0.00884574,0.009067468,0.009239088,0.008775504,0.007753979,0.007959768,0.0085583385,0.008221209,0.008333221,0.008434341,0.008620844,0.008183125,0.008147913,0.008389655,0.008354141,0.0071005463,0.008310181,0.008293918,0.008280169,0.0082895355,0.008259616
CAMS-GLOB-ANT-v6.2,historical,World,Emissions|CO|Off Road transportation,Mt CO/yr,0.7835292,1.3126125,0.5829214,0.43643165,0.4781113,1.1789453,0.72191525,0.5358462,0.49505118,0.51794237,0.74205923,0.7474573,0.6911573,0.6838657,0.7228198,0.6392707,0.64800376,0.6396976,0.63842034,0.62791085,0.53177214,0.61740714,0.61249685,0.60780144,0.60485125,0.5990512
CAMS-GLOB-ANT-v6.2,historical,World,Emissions|CO2|Off Road transportation,Mt CO2/yr,,,,,,,,,,,,,,,,,,,,,,,,,,
CAMS-GLOB-ANT-v6.2,historical,World,Emissions|CO2_excl_short-cycle_org_C|Off Road transportation,Mt CO2/yr,225.21869,225.83157,230.25443,237.90967,253.02412,265.44617,267.69138,277.46158,269.20825,232.16058,246.10246,255.52585,241.76988,250.20609,250.13356,253.55785,247.37527,252.65787,275.73825,274.98804,259.2099,275.92996,276.34653,277.2723,279.096,279.60315
CAMS-GLOB-ANT-v6.2,historical,World,Emissions|CO2_short-cycle_org_C|Off Road transportation,Mt CO2/yr,0.03190125,0.03647522,0.015947966,0.013800694,0.0145664895,0.037049014,0.07088341,0.075860746,0.07237266,0.09658575,0.30143496,1.2456573,1.0555847,0.91397583,0.8680038,1.1498591,1.1251785,1.7303467,1.8630052,1.6444606,1.7299932,1.8245794,1.826397,1.8282394,1.8345321,1.8319917
CAMS-GLOB-ANT-v6.2,historical,World,Emissions|N2O|Off Road transportation,Mt N2O/yr,0.032508336,0.031743474,0.03264656,0.033820253,0.036482442,0.03899587,0.040915806,0.04075066,0.037378434,0.032453984,0.03343069,0.037156194,0.03534202,0.035461728,0.035150353,0.035417102,0.034763705,0.035418365,0.039337296,0.039877206,0.030150771,0.038315684,0.038271617,0.038240112,0.038315985,0.038212087
CAMS-GLOB-ANT-v6.2,historical,World,Emissions|NH3|Off Road transportation,Mt NH3/yr,0.0025639848,0.0025332,0.0026353209,0.0027942834,0.0028679736,0.0029319285,0.0029158725,0.0030746444,0.0030968697,0.0025338281,0.0028459816,0.0028631825,0.002666,0.0028033187,0.0026998871,0.0026746069,0.0027781317,0.0028083564,0.0029775507,0.002947892,0.0025673872,0.0029103314,0.0028948323,0.0028802122,0.0028735045,0.0028528278
CAMS-GLOB-ANT-v6.2,historical,World,Emissions|NMVOC|Off Road transportation,Mt NMVOC/yr,0.14607987,0.15496713,0.13987455,0.13888428,0.15324016,0.17834945,0.17487518,0.17259954,0.15919246,0.14866437,0.14955701,0.16394758,0.15872326,0.15894876,0.1669418,0.17181824,0.15623184,0.15528318,0.15766063,0.15216748,0.12301962,0.1421656,0.13760139,0.13330367,0.12958233,0.12544857
CAMS-GLOB-ANT-v6.2,historical,World,Emissions|NOx|Off Road transportation,Mt NO/yr,1.0626688,1.0517635,1.0451751,1.0628337,1.1661329,1.2578042,1.2991806,1.3099561,1.2128353,1.1066835,1.0942769,1.2079989,1.1683518,1.1738455,1.2165008,1.2591927,1.1544589,1.1510742,1.1722437,1.1571058,0.9588126,1.1301867,1.1180744,1.1067733,1.0990041,1.0864806
CAMS-GLOB-ANT-v6.2,historical,World,Emissions|OC|Off Road transportation,Mt OC/yr,0.02045916,0.02042846,0.021136282,0.022461297,0.024969844,0.026760608,0.027828436,0.028113982,0.026686236,0.024682473,0.024799712,0.02683883,0.026083991,0.026077468,0.025944924,0.025983665,0.024703043,0.024625631,0.02515975,0.024816813,0.02078226,0.024209611,0.023941325,0.023695055,0.023529226,0.02326533
CAMS-GLOB-ANT-v6.2,historical,World,Emissions|SO2|Off Road transportation,Mt SO2/yr,0.08125613,0.07845826,0.06468381,0.063602775,0.07139469,0.08333251,0.07971678,0.10069999,0.09397676,0.20177299,0.057856597,0.08747372,0.06843897,0.081042245,0.22483262,0.2826333,0.08244198,0.062550314,0.06276543,0.062453188,0.053986825,0.06228602,0.06228807,0.062321953,0.06253928,0.06246886
CAMS-GLOB-ANT-v6.2,historical,World,Emissions|BC|Road transportation,Mt BC/yr,0.52282906,0.5072308,0.4970973,0.49522796,0.5053749,0.49213102,0.4842141,0.49239916,0.48855057,0.47038764,0.47184464,0.48955446,0.5103513,0.5182785,0.5275881,0.5372444,0.53100103,0.5224867,0.5157186,0.5093331,0.41331404,0.49763733,0.4922966,0.48727393,0.48378578,0.47813195
CAMS-GLOB-ANT-v6.2,historical,World,Emissions|CH4|Road transportation,Mt CH4/yr,0.6835404,0.67010665,0.66588736,0.6612723,0.6603307,0.64936113,0.6546724,0.6578695,0.6927225,0.7062432,0.7250452,0.75828254,0.7914193,0.83265465,0.868018,0.9088827,0.9395029,0.9676066,1.0028131,1.0028131,0.84681547,1.0028131,1.0028131,1.0028131,1.0053424,1.0028131
CAMS-GLOB-ANT-v6.2,historical,World,Emissions|CO|Road transportation,Mt CO/yr,263.47885,247.95592,237.19656,224.071,213.87607,198.65892,191.50702,184.36215,179.88449,173.45465,171.08968,174.42038,184.43954,191.9559,193.68645,195.9571,186.70921,182.75645,179.43059,176.25061,140.94673,170.3026,167.52197,164.86282,162.7329,159.8874
CAMS-GLOB-ANT-v6.2,historical,World,Emissions|CO2|Road transportation,Mt CO2/yr,,,,,,,,,,,,,,,,,,,,,,,,,,
CAMS-GLOB-ANT-v6.2,historical,World,Emissions|CO2_excl_short-cycle_org_C|Road transportation,Mt CO2/yr,4249.873,4321.9834,4444.3804,4548.2627,4723.4644,4802.13,4896.9365,5034.6353,5067.852,5034.661,5223.118,5294.622,5393.0176,5550.225,5626.267,5788.612,5875.196,5978.3066,6044.5483,6055.8564,5455.3496,5797.8022,5836.626,5876.567,5932.553,5959.836
CAMS-GLOB-ANT-v6.2,historical,World,Emissions|CO2_short-cycle_org_C|Road transportation,Mt CO2/yr,30.454763,29.838085,34.773045,39.159943,46.94382,58.392563,74.617096,101.2232,135.50047,154.90512,170.72704,175.80392,197.24274,214.60448,226.12569,234.12737,242.03375,249.30156,266.39038,283.87778,267.33252,286.88312,287.81372,288.76422,290.45895,290.72473
CAMS-GLOB-ANT-v6.2,historical,World,Emissions|N2O|Road transportation,Mt N2O/yr,0.20987412,0.21722125,0.22768776,0.2382952,0.25184467,0.2500322,0.2607893,0.27279967,0.28190893,0.27008396,0.28325543,0.28344968,0.2908218,0.29117998,0.2961587,0.30018246,0.3039507,0.3108396,0.31013575,0.3170915,0.24946907,0.31852818,0.31800395,0.31758532,0.31806743,0.3170601
CAMS-GLOB-ANT-v6.2,historical,World,Emissions|NH3|Road transportation,Mt NH3/yr,0.49070784,0.5190559,0.54646695,0.57092154,0.6023598,0.62791735,0.64325064,0.66195524,0.6701166,0.6828093,0.70659745,0.7043216,0.7062462,0.71585095,0.72087383,0.73799,0.73775864,0.7341299,0.7326157,0.7313822,0.59548813,0.7297675,0.7293933,0.72931427,0.7313552,0.7300611
CAMS-GLOB-ANT-v6.2,historical,World,Emissions|NMVOC|Road transportation,Mt NMVOC/yr,28.677284,28.020355,27.800186,27.327618,27.23396,26.639648,26.383846,25.981148,26.169365,25.694134,25.919018,26.61063,28.191755,29.395319,29.76238,30.941412,30.351683,29.64139,29.040228,28.469063,23.277822,27.40983,26.918638,26.451143,26.07246,25.582125
CAMS-GLOB-ANT-v6.2,historical,World,Emissions|NOx|Road transportation,Mt NO/yr,20.25493,19.90772,19.806719,19.770245,20.054382,19.864962,19.77047,19.93526,19.816479,19.134995,19.298798,19.746033,20.57303,20.924501,21.31049,21.698858,21.44754,21.105738,20.834896,20.580338,16.7934,20.11762,19.908314,19.713003,19.580761,19.362495
CAMS-GLOB-ANT-v6.2,historical,World,Emissions|OC|Road transportation,Mt OC/yr,0.42818227,0.41462678,0.40590316,0.40251,0.40787917,0.39497226,0.3887475,0.3941832,0.39214882,0.3794017,0.38159257,0.39544523,0.41322383,0.4230922,0.4308778,0.44170478,0.43500915,0.42652524,0.41954562,0.41294587,0.3329152,0.40081337,0.3952479,0.389995,0.3860232,0.3803734
CAMS-GLOB-ANT-v6.2,historical,World,Emissions|SO2|Road transportation,Mt SO2/yr,1.3493989,1.2512313,1.160542,1.0623877,0.98036045,0.8565616,0.8275479,0.82768625,0.8139752,0.8085845,0.80431634,0.7932837,0.78432935,0.8116119,0.8302397,0.84737325,0.84455115,0.8407254,0.8419346,0.8455106,0.6818802,0.8583833,0.8671715,0.87727827,0.89090204,0.9009393
