Dataset,:CAMS-GLOB-ANT,,,,,,,,,,,,,,,,,,,,,,,,,,,,,,,,,,,,,,,,,,,,,,,,,,,,,,,,,,,,,,,,,,,,,,,,,,,,,,,,,,,,,,,,,,,,,,,,,,,,,,,,,,,,,,,,,,,,,,,,,,,,,,,,,,,,,,,,,,,,,,,,,,,,,,,,,,,,,,,,,,,,,,,,,,,,,,,,,,,,,,,,,,,,,,,,,,,,,,,,,,,,,,,,,,,,,,,,,,,,,,,,,,,,,,,,,,,,,,,,,,,,,,,,,,,,,,,,,,,,,,,,,,,,,,,,,,,,,,,,,,,,,,,,,,,,,,,,,,,
Parametre,:NH3,,,,,,,,,,,,,,,,,,,,,,,,,,,,,,,,,,,,,,,,,,,,,,,,,,,,,,,,,,,,,,,,,,,,,,,,,,,,,,,,,,,,,,,,,,,,,,,,,,,,,,,,,,,,,,,,,,,,,,,,,,,,,,,,,,,,,,,,,,,,,,,,,,,,,,,,,,,,,,,,,,,,,,,,,,,,,,,,,,,,,,,,,,,,,,,,,,,,,,,,,,,,,,,,,,,,,,,,,,,,,,,,,,,,,,,,,,,,,,,,,,,,,,,,,,,,,,,,,,,,,,,,,,,,,,,,,,,,,,,,,,,,,,,,,,,,,,,,,,,
Regional,:Global,,,,,,,,,,,,,,,,,,,,,,,,,,,,,,,,,,,,,,,,,,,,,,,,,,,,,,,,,,,,,,,,,,,,,,,,,,,,,,,,,,,,,,,,,,,,,,,,,,,,,,,,,,,,,,,,,,,,,,,,,,,,,,,,,,,,,,,,,,,,,,,,,,,,,,,,,,,,,,,,,,,,,,,,,,,,,,,,,,,,,,,,,,,,,,,,,,,,,,,,,,,,,,,,,,,,,,,,,,,,,,,,,,,,,,,,,,,,,,,,,,,,,,,,,,,,,,,,,,,,,,,,,,,,,,,,,,,,,,,,,,,,,,,,,,,,,,,,,,,
Units,:Tg,,,,,,,,,,,,,,,,,,,,,,,,,,,,,,,,,,,,,,,,,,,,,,,,,,,,,,,,,,,,,,,,,,,,,,,,,,,,,,,,,,,,,,,,,,,,,,,,,,,,,,,,,,,,,,,,,,,,,,,,,,,,,,,,,,,,,,,,,,,,,,,,,,,,,,,,,,,,,,,,,,,,,,,,,,,,,,,,,,,,,,,,,,,,,,,,,,,,,,,,,,,,,,,,,,,,,,,,,,,,,,,,,,,,,,,,,,,,,,,,,,,,,,,,,,,,,,,,,,,,,,,,,,,,,,,,,,,,,,,,,,,,,,,,,,,,,,,,,,,
Years_nbrOf,:25,,,,,,,,,,,,,,,,,,,,,,,,,,,,,,,,,,,,,,,,,,,,,,,,,,,,,,,,,,,,,,,,,,,,,,,,,,,,,,,,,,,,,,,,,,,,,,,,,,,,,,,,,,,,,,,,,,,,,,,,,,,,,,,,,,,,,,,,,,,,,,,,,,,,,,,,,,,,,,,,,,,,,,,,,,,,,,,,,,,,,,,,,,,,,,,,,,,,,,,,,,,,,,,,,,,,,,,,,,,,,,,,,,,,,,,,,,,,,,,,,,,,,,,,,,,,,,,,,,,,,,,,,,,,,,,,,,,,,,,,,,,,,,,,,,,,,,,,,,,
Region_nbrOf,:0,,,,,,,,,,,,,,,,,,,,,,,,,,,,,,,,,,,,,,,,,,,,,,,,,,,,,,,,,,,,,,,,,,,,,,,,,,,,,,,,,,,,,,,,,,,,,,,,,,,,,,,,,,,,,,,,,,,,,,,,,,,,,,,,,,,,,,,,,,,,,,,,,,,,,,,,,,,,,,,,,,,,,,,,,,,,,,,,,,,,,,,,,,,,,,,,,,,,,,,,,,,,,,,,,,,,,,,,,,,,,,,,,,,,,,,,,,,,,,,,,,,,,,,,,,,,,,,,,,,,,,,,,,,,,,,,,,,,,,,,,,,,,,,,,,,,,,,,,,,
Variables_nbrOf:14,,,,,,,,,,,,,,,,,,,,,,,,,,,,,,,,,,,,,,,,,,,,,,,,,,,,,,,,,,,,,,,,,,,,,,,,,,,,,,,,,,,,,,,,,,,,,,,,,,,,,,,,,,,,,,,,,,,,,,,,,,,,,,,,,,,,,,,,,,,,,,,,,,,,,,,,,,,,,,,,,,,,,,,,,,,,,,,,,,,,,,,,,,,,,,,,,,,,,,,,,,,,,,,,,,,,,,,,,,,,,,,,,,,,,,,,,,,,,,,,,,,,,,,,,,,,,,,,,,,,,,,,,,,,,,,,,,,,,,,,,,,,,,,,,,,,,,,,,,,,
Variable_displayName[name]:,Agriculture,livestock[agl],,,,,,,,,,,,,,,,,,,,,,,,,,,,,,,,,,,,,,,,,,,,,,,,,,,,,,,,,,,,,,,,,,,,,,,,,,,,,,,,,,,,,,,,,,,,,,,,,,,,,,,,,,,,,,,,,,,,,,,,,,,,,,,,,,,,,,,,,,,,,,,,,,,,,,,,,,,,,,,,,,,,,,,,,,,,,,,,,,,,,,,,,,,,,,,,,,,,,,,,,,,,,,,,,,,,,,,,,,,,,,,,,,,,,,,,,,,,,,,,,,,,,,,,,,,,,,,,,,,,,,,,,,,,,,,,,,,,,,,,,,,,,,,,,,,,,,,,,,
creation_date,:2024-01-23,URL(eccad.aeris-data.fr),,,,,,,,,,,,,,,,,,,,,,,,,,,,,,,,,,,,,,,,,,,,,,,,,,,,,,,,,,,,,,,,,,,,,,,,,,,,,,,,,,,,,,,,,,,,,,,,,,,,,,,,,,,,,,,,,,,,,,,,,,,,,,,,,,,,,,,,,,,,,,,,,,,,,,,,,,,,,,,,,,,,,,,,,,,,,,,,,,,,,,,,,,,,,,,,,,,,,,,,,,,,,,,,,,,,,,,,,,,,,,,,,,,,,,,,,,,,,,,,,,,,,,,,,,,,,,,,,,,,,,,,,,,,,,,,,,,,,,,,,,,,,,,,,,,,,,,,,,
,,,,,,,,,,,,,,,,,,,,,,,,,,,,,,,,,,,,,,,,,,,,,,,,,,,,,,,,,,,,,,,,,,,,,,,,,,,,,,,,,,,,,,,,,,,,,,,,,,,,,,,,,,,,,,,,,,,,,,,,,,,,,,,,,,,,,,,,,,,,,,,,,,,,,,,,,,,,,,,,,,,,,,,,,,,,,,,,,,,,,,,,,,,,,,,,,,,,,,,,,,,,,,,,,,,,,,,,,,,,,,,,,,,,,,,,,,,,,,,,,,,,,,,,,,,,,,,,,,,,,,,,,,,,,,,,,,,,,,,,,,,,,,,,,,,,,,,,,,,,
TimeSeriesDates,2000-01,2000-02,2000-03,2000-04,2000-05,2000-06,2000-07,2000-08,2000-09,2000-10,2000-11,2000-12,2001-01,2001-02,2001-03,2001-04,2001-05,2001-06,2001-07,2001-08,2001-09,2001-10,2001-11,2001-12,2002-01,2002-02,2002-03,2002-04,2002-05,2002-06,2002-07,2002-08,2002-09,2002-10,2002-11,2002-12,2003-01,2003-02,2003-03,2003-04,2003-05,2003-06,2003-07,2003-08,2003-09,2003-10,2003-11,2003-12,2004-01,2004-02,2004-03,2004-04,2004-05,2004-06,2004-07,2004-08,2004-09,2004-10,2004-11,2004-12,2005-01,2005-02,2005-03,2005-04,2005-05,2005-06,2005-07,2005-08,2005-09,2005-10,2005-11,2005-12,2006-01,2006-02,2006-03,2006-04,2006-05,2006-06,2006-07,2006-08,2006-09,2006-10,2006-11,2006-12,2007-01,2007-02,2007-03,2007-04,2007-05,2007-06,2007-07,2007-08,2007-09,2007-10,2007-11,2007-12,2008-01,2008-02,2008-03,2008-04,2008-05,2008-06,2008-07,2008-08,2008-09,2008-10,2008-11,2008-12,2009-01,2009-02,2009-03,2009-04,2009-05,2009-06,2009-07,2009-08,2009-09,2009-10,2009-11,2009-12,2010-01,2010-02,2010-03,2010-04,2010-05,2010-06,2010-07,2010-08,2010-09,2010-10,2010-11,2010-12,2011-01,2011-02,2011-03,2011-04,2011-05,2011-06,2011-07,2011-08,2011-09,2011-10,2011-11,2011-12,2012-01,2012-02,2012-03,2012-04,2012-05,2012-06,2012-07,2012-08,2012-09,2012-10,2012-11,2012-12,2013-01,2013-02,2013-03,2013-04,2013-05,2013-06,2013-07,2013-08,2013-09,2013-10,2013-11,2013-12,2014-01,2014-02,2014-03,2014-04,2014-05,2014-06,2014-07,2014-08,2014-09,2014-10,2014-11,2014-12,2015-01,2015-02,2015-03,2015-04,2015-05,2015-06,2015-07,2015-08,2015-09,2015-10,2015-11,2015-12,2016-01,2016-02,2016-03,2016-04,2016-05,2016-06,2016-07,2016-08,2016-09,2016-10,2016-11,2016-12,2017-01,2017-02,2017-03,2017-04,2017-05,2017-06,2017-07,2017-08,2017-09,2017-10,2017-11,2017-12,2018-01,2018-02,2018-03,2018-04,2018-05,2018-06,2018-07,2018-08,2018-09,2018-10,2018-11,2018-12,2019-01,2019-02,2019-03,2019-04,2019-05,2019-06,2019-07,2019-08,2019-09,2019-10,2019-11,2019-12,2020-01,2020-02,2020-03,2020-04,2020-05,2020-06,2020-07,2020-08,2020-09,2020-10,2020-11,2020-12,2021-01,2021-02,2021-03,2021-04,2021-05,2021-06,2021-07,2021-08,2021-09,2021-10,2021-11,2021-12,2022-01,2022-02,2022-03,2022-04,2022-05,2022-06,2022-07,2022-08,2022-09,2022-10,2022-11,2022-12,2023-01,2023-02,2023-03,2023-04,2023-05,2023-06,2023-07,2023-08,2023-09,2023-10,2023-11,2023-12,2024-01,2024-02,2024-03,2024-04,2024-05,2024-06,2024-07,2024-08,2024-09,2024-10,2024-11,2024-12
Agriculture_livestock,0.555331654,0.563702253,0.681762139,0.789651705,0.947073176,1.004802018,1.07852224,1.083440878,0.92874791,0.822386261,0.646906593,0.589143709,0.565799485,0.544468546,0.685028457,0.778139689,0.950102742,0.992219533,1.113744657,1.096455556,0.922438554,0.849939658,0.660429585,0.572379892,0.60314547,0.59104653,0.725010626,0.803409958,0.957906596,1.047972007,1.141954474,1.113517639,0.963850356,0.829358605,0.679629141,0.598556638,0.581621795,0.540643668,0.698409119,0.796986858,0.981063213,1.052171935,1.138836895,1.141184393,0.963272106,0.826833127,0.69124752,0.603980215,0.590236281,0.589973641,0.723704795,0.820722703,0.958000624,1.032269503,1.119665131,1.115092471,0.985094146,0.86668921,0.694775273,0.616651414,0.609198104,0.551193188,0.704839671,0.836009824,0.979902067,1.072220379,1.158946248,1.122005633,1.008963756,0.8806646,0.700132279,0.606155968,0.601525331,0.563526229,0.711453524,0.835381723,0.983786791,1.072622233,1.187400275,1.135738197,0.998536369,0.903194418,0.720202985,0.646044956,0.645573503,0.604631958,0.762386889,0.843043291,1.020093268,1.079566424,1.150776176,1.150872442,0.995142566,0.88387016,0.692114728,0.638213928,0.630033485,0.617057891,0.767975401,0.857708668,1.021286503,1.09087326,1.191014001,1.172287721,1.010457252,0.908877291,0.726568907,0.651397337,0.624267719,0.619933474,0.762621662,0.875220311,1.035869657,1.102178273,1.190587688,1.182263196,1.044883539,0.907210594,0.749077558,0.652328274,0.631453999,0.606178081,0.776037282,0.878495605,1.03822434,1.13184315,1.24905427,1.213625639,1.04577473,0.910127211,0.758205058,0.644818176,0.617720097,0.608555135,0.749910944,0.888466593,1.030986236,1.109574542,1.195928086,1.184122675,1.040337517,0.910175335,0.742236395,0.671101622,0.644545833,0.610602119,0.795895807,0.88347513,1.058440941,1.110029679,1.210371039,1.193484106,1.032463077,0.918145666,0.742428479,0.666819939,0.656906594,0.615333582,0.755324341,0.867994429,1.051031937,1.125182661,1.231378459,1.212580541,1.050193948,0.939515772,0.753663999,0.674579417,0.668123973,0.626676318,0.796721384,0.900027668,1.051682768,1.118594391,1.21575563,1.185117533,1.055749704,0.954122892,0.754501402,0.686612621,0.670010623,0.621236882,0.797925462,0.892682471,1.060226161,1.131304133,1.229314948,1.219232079,1.06726917,0.939467958,0.790146878,0.733813478,0.67701491,0.691059646,0.824201678,0.926955463,1.072609274,1.154694602,1.25318164,1.239358079,1.102430976,0.947167262,0.766179798,0.702943119,0.681559712,0.672145847,0.832115516,0.918277187,1.096650251,1.168185569,1.264655251,1.242668903,1.090251278,0.969629818,0.776589329,0.70806461,0.692851413,0.645231056,0.818128706,0.942471057,1.13484477,1.180481151,1.288443659,1.261821866,1.106672628,0.968815516,0.77881842,0.721040843,0.689202607,0.668655314,0.832168766,0.933275009,1.088595449,1.201128666,1.27358603,1.261207245,1.117586265,0.988490544,0.791694185,0.736102427,0.715712217,0.716462919,0.853715196,0.921689918,1.095807406,1.184914676,1.267709752,1.272831963,1.114128608,0.977609256,0.814307089,0.715532784,0.718610752,0.694497968,0.85721435,0.925352327,1.100094982,1.189518121,1.272648935,1.277679063,1.11844525,0.981473335,0.817608747,0.71841912,0.72153667,0.697264767,0.860747553,0.929050811,1.10442524,1.19416867,1.277638764,1.28257596,1.122805505,0.98537572,0.820942473,0.721332823,0.724490237,0.700057926,0.864315131,0.93278571,1.108798582,1.198866765,1.282679715,1.28752312,1.127209781,0.989316773,0.824308577,0.724274154,0.727471715,0.727980486,0.867917414,0.936557369,1.113215422,1.203612864,1.287772281,1.292521022,1.1316585,0.993296863,0.827707372,0.727243371
Agriculture_soils,0.670347842,1.358062621,2.712768513,4.052167611,4.34608627,3.409092298,2.548751615,1.842138429,1.822736577,2.270355441,1.750294195,0.910233205,0.679759713,1.33567016,2.742293567,4.086996691,4.401235236,3.456282568,2.577276594,1.854418162,1.847658399,2.286692122,1.759854867,0.921887686,0.702729782,1.362332775,2.822583035,4.206866754,4.52491202,3.555976232,2.660188671,1.917808616,1.906049551,2.371385144,1.81836872,0.957734324,0.715285052,1.396709515,2.850234892,4.221804286,4.552711822,3.589239398,2.676834935,1.929369538,1.933424489,2.452501697,1.874415868,0.969343018,0.741492833,1.501665784,2.932395736,4.328770949,4.69063314,3.713377063,2.767929827,1.981398712,1.980350572,2.521456482,1.928172027,1.001770441,0.725516222,1.444794754,2.887472382,4.245916506,4.6016424,3.656214208,2.720237661,1.926233304,1.937159644,2.479620186,1.912747316,0.985459849,0.746356442,1.486874805,2.979271627,4.404819621,4.779332895,3.789050923,2.810910345,1.984115104,1.996704794,2.551432301,1.958397542,1.012734926,0.756683056,1.52562635,3.019030071,4.43336265,4.825151476,3.834263317,2.844471429,1.994627956,2.017125589,2.608926286,2.012041061,1.032660258,0.74349299,1.571787072,2.981428659,4.38654043,4.806865044,3.81009872,2.80949912,1.959164986,1.982045145,2.571611109,1.990645335,1.01331147,0.774346143,1.58576671,3.103577287,4.569052642,5.010584191,3.990325518,2.943787863,2.049751192,2.052563354,2.638451486,2.056406724,1.056368331,0.775515592,1.592617604,3.117225256,4.580604777,5.00376507,3.949068472,2.919871731,2.045865279,2.067477298,2.664315048,2.07987706,1.058902259,0.802697094,1.638898147,3.179845896,4.693623932,5.143214887,4.070306305,2.998267579,2.10560849,2.130491952,2.771801967,2.162163178,1.089735807,0.806647585,1.692804331,3.211063023,4.763528042,5.204183229,4.092188133,3.019735279,2.136111912,2.16295781,2.790162969,2.179421453,1.101679799,0.825801733,1.664214775,3.247120428,4.825828176,5.319454688,4.16119007,3.07459269,2.175379701,2.192855178,2.837478196,2.218384141,1.116488363,0.819674251,1.6591778,3.217598994,4.756442216,5.196677506,4.074156849,3.011297722,2.131307778,2.178027783,2.836361392,2.217225034,1.115210267,0.822181059,1.664932919,3.268601519,4.844949043,5.299162005,4.138529848,3.064172614,2.187844898,2.207038824,2.846156005,2.222623842,1.129556706,0.832752032,1.746123833,3.26821235,4.82994693,5.253479942,4.095787597,3.021114284,2.153317639,2.202197614,2.905402385,2.26633377,1.122995704,0.831569024,1.685771692,3.266969171,4.820742107,5.240498426,4.056867528,2.993874377,2.146443878,2.20161312,2.891672373,2.260531888,1.128691743,0.822873056,1.683282393,3.214807932,4.738770436,5.177736092,4.0225027,2.96057159,2.106954449,2.169089043,2.873055839,2.256406968,1.12256897,0.827162813,1.692652625,3.231904024,4.761135894,5.203778788,4.04247413,2.973924405,2.116387456,2.179430487,2.884142932,2.26653835,1.128000156,0.831491998,1.762892013,3.249165977,4.783710196,5.230063841,4.062624098,2.987391289,2.125905365,2.189872245,2.895329782,2.276763473,1.133478892,0.835861033,1.711633012,3.266595693,4.806495684,5.25659395,4.08295438,3.000973339,2.135509139,2.200415549,2.906617626,2.287083481,1.139005707,0.840270348,1.721244789,3.284195156,4.82949478,5.283371911,4.103467025,3.014671814,2.145199707,2.211061525,2.918007569,2.297499439,1.144581081,0.844720359,1.73093868,3.301966288,4.852709872,5.310400513,4.124163947,3.02848786,2.154978024,2.221811397,2.929500704,2.308012409,1.15020553,0.849211487,1.802883951,3.319911035,4.876143337,5.337682547,4.145047044,3.042422667,2.164845035,2.232666323,2.941098147,2.318623445,1.155879542
Agricultural_waste_burning,0.079726772,0.056630274,0.074546873,0.07856904,0.097082059,0.122380036,0.121799873,0.093125472,0.060952792,0.074395966,0.088621301,0.090136675,0.082203537,0.055993356,0.076542777,0.080915534,0.099824576,0.125991535,0.12559523,0.095104653,0.062084837,0.077855137,0.092786305,0.093527668,0.081284887,0.05509856,0.074857842,0.079834313,0.097193636,0.122389655,0.122234097,0.092193819,0.06219578,0.078398631,0.093308212,0.093942024,0.084756511,0.058085936,0.079166853,0.084066447,0.102743712,0.126367909,0.121814075,0.094901355,0.064437857,0.078449454,0.093177774,0.09533619,0.087830184,0.061396818,0.079790049,0.084950846,0.103412279,0.13005367,0.13027704,0.098753946,0.066697674,0.084261741,0.100438046,0.101158845,0.089948874,0.061148441,0.083148931,0.088740058,0.107805677,0.133874477,0.131882549,0.100724251,0.068106196,0.085186048,0.10132785,0.102552325,0.090096483,0.061486706,0.083985529,0.090127535,0.109833771,0.136010174,0.134530348,0.102347845,0.068281683,0.083816484,0.099605281,0.101639287,0.093709992,0.064351737,0.087680277,0.093746454,0.113961849,0.138654654,0.134078039,0.104498008,0.070612086,0.08594461,0.103018872,0.105599555,0.100054391,0.070088834,0.091718757,0.097691533,0.118379898,0.145539032,0.142777441,0.110707242,0.074538952,0.094475224,0.113685276,0.115151068,0.099502371,0.066878589,0.090313374,0.096644919,0.117229997,0.144565303,0.142868725,0.110165488,0.075208293,0.094089848,0.113150021,0.114924073,0.102367974,0.069965065,0.094902711,0.101193468,0.121509482,0.148607606,0.144320864,0.111439066,0.077196309,0.09534467,0.114315648,0.116843627,0.106888093,0.07239023,0.098423497,0.104670448,0.125272008,0.154467536,0.152421157,0.117119242,0.079267857,0.099703256,0.119921701,0.122375471,0.106420422,0.075739329,0.099765567,0.105932177,0.126600928,0.155560959,0.152858982,0.11762811,0.080223203,0.098559359,0.118181766,0.121050283,0.11315507,0.076464608,0.102670272,0.108481873,0.129687704,0.159342996,0.156991045,0.122592191,0.084440433,0.105941062,0.127009243,0.129612117,0.113607334,0.077003276,0.103079095,0.108705284,0.130144054,0.160474542,0.159277707,0.123622894,0.084968291,0.107189718,0.128567522,0.130614788,0.115238437,0.07716215,0.10204095,0.107209929,0.127903118,0.15824151,0.157274666,0.12283357,0.085584552,0.108185122,0.130637934,0.133236957,0.11690071,0.081105284,0.102638403,0.107204474,0.127933729,0.158525376,0.15872011,0.125072813,0.086767296,0.110327791,0.132896201,0.135104887,0.123428974,0.082571273,0.108827143,0.113211424,0.134151288,0.167167506,0.169523035,0.132226833,0.091207533,0.116763304,0.141204636,0.143973426,0.121764666,0.08190927,0.108010259,0.112420407,0.13390701,0.165400626,0.16417971,0.129688013,0.0899492,0.114942494,0.138609923,0.141050404,0.122394598,0.082400958,0.108690993,0.113043703,0.134672457,0.166213356,0.1646639,0.130266715,0.090370463,0.115569537,0.139349278,0.141765559,0.123042892,0.085865937,0.109387335,0.11368275,0.135456415,0.167053036,0.165180332,0.130865268,0.090808116,0.116222252,0.140118661,0.142508108,0.123709634,0.083421616,0.110099432,0.114337675,0.136259004,0.167919652,0.165728655,0.131483608,0.091262046,0.116900773,0.140918167,0.143277953,0.124394923,0.08395079,0.11082743,0.115008605,0.137080352,0.168813212,0.166308558,0.132121692,0.091732166,0.117605263,0.141747927,0.144075033,0.125098884,0.084492684,0.111571491,0.115695683,0.137920599,0.169733742,0.166919755,0.132779488,0.09221841,0.118335931,0.142608123,0.144899346,0.125821653,0.088084834,0.112331784,0.11639906,0.138779901,0.170681293,0.167562002,0.133456985,0.092720734,0.11909301,0.143498968,0.145750916
Commercial,0.014174744,0.012166477,0.011359966,0.009722546,0.009422402,0.009122392,0.009603779,0.00940001,0.009070315,0.009791248,0.010840878,0.012986687,0.013545755,0.011582105,0.011374659,0.009911888,0.009569089,0.009320332,0.009739927,0.009528174,0.009195864,0.009812315,0.010676693,0.013025292,0.013831151,0.011213147,0.011418448,0.010057359,0.009796226,0.009474917,0.009717384,0.009715696,0.009374232,0.010253632,0.011069857,0.013200941,0.013946418,0.01240916,0.012058742,0.010311484,0.009897975,0.009537504,0.010059107,0.009911933,0.009506989,0.010332617,0.010875072,0.013184115,0.014530334,0.012701417,0.011942214,0.010349849,0.010167657,0.009804845,0.010220472,0.010017087,0.009653642,0.010329856,0.011151486,0.013330887,0.014324562,0.012781356,0.012589898,0.010538539,0.010374124,0.009903379,0.010416678,0.010238982,0.009838246,0.010613227,0.01137585,0.013922852,0.014424316,0.012709484,0.012586392,0.01071668,0.010492388,0.010122411,0.010509426,0.010368526,0.010024811,0.010749622,0.01149477,0.013511388,0.01443548,0.012606763,0.012473,0.011100967,0.010629016,0.010312764,0.010734376,0.010622171,0.010235118,0.01097793,0.011997534,0.013910748,0.015186193,0.013484903,0.012517619,0.010998166,0.010825399,0.01048106,0.010882527,0.010717134,0.010384113,0.01110346,0.011947451,0.013866668,0.015212444,0.012792604,0.013113906,0.011281643,0.011058764,0.010652911,0.011220571,0.01099966,0.010592987,0.011525783,0.012074061,0.014263406,0.015362443,0.013426056,0.013206969,0.011525528,0.011297335,0.010818596,0.011325452,0.011244847,0.010788949,0.011670836,0.012249539,0.014841742,0.015969289,0.013392147,0.013686917,0.011760976,0.011568369,0.011050016,0.011547888,0.011453049,0.011012174,0.011932032,0.012585266,0.014540517,0.014663314,0.013513735,0.012218812,0.010807909,0.010504419,0.010197961,0.010622318,0.010439354,0.010092182,0.010886728,0.011725393,0.013704824,0.01512145,0.013033331,0.013331486,0.011546031,0.011154988,0.010773028,0.011151904,0.011129474,0.010680227,0.011447243,0.012425745,0.014859479,0.015874726,0.01381205,0.013851015,0.011992806,0.011792738,0.011316563,0.011737549,0.011684003,0.011292333,0.011996063,0.013086195,0.015053077,0.016096938,0.014354858,0.013859595,0.012114873,0.011767418,0.011342586,0.011762218,0.011695433,0.011307001,0.012146754,0.012685905,0.014349742,0.016233536,0.013743273,0.013543931,0.012029392,0.011923133,0.011506095,0.011961505,0.011851976,0.011443711,0.012284188,0.013015478,0.015305695,0.016914108,0.014072026,0.014398027,0.012823993,0.012682568,0.012169569,0.012647512,0.012586533,0.012189459,0.012966681,0.013838601,0.015891695,0.016578724,0.014309395,0.014607964,0.012851898,0.012614481,0.012281175,0.012828523,0.012637435,0.012205899,0.013055176,0.013831038,0.015655114,0.01709303,0.014414002,0.014627416,0.013022088,0.012867167,0.012316002,0.012743664,0.012692638,0.012277411,0.013041612,0.013850664,0.015573757,0.016646916,0.014741303,0.01381038,0.010590929,0.010672989,0.011191694,0.012190377,0.012177822,0.011916301,0.012557396,0.012878047,0.015298113,0.016749379,0.014366373,0.014676952,0.013380428,0.013093012,0.012516183,0.013092488,0.012902778,0.012513488,0.013407022,0.013925607,0.016100801,0.016839656,0.014446497,0.014770947,0.013473205,0.013191735,0.012612945,0.013193234,0.013002853,0.01261006,0.013504753,0.014017064,0.016186268,0.01693189,0.014528344,0.01486674,0.013567682,0.01329217,0.012711354,0.013295684,0.013104627,0.012708281,0.013604215,0.014110251,0.016273661,0.017026109,0.015133796,0.01496436,0.013663884,0.013394348,0.012811437,0.013399867,0.013208132,0.012808177,0.013705437,0.014205195,0.016363008
Power_generation,0.0068371,0.006395997,0.0068371,0.006616548,0.0068371,0.006616548,0.0068371,0.0068371,0.006616548,0.0068371,0.006616548,0.0068371,0.006871335,0.006206367,0.006871335,0.006649679,0.006871335,0.006649679,0.006871335,0.006871335,0.006649679,0.006871335,0.006649679,0.006871335,0.006652177,0.006008418,0.006652177,0.00643759,0.006652177,0.00643759,0.006652177,0.006652177,0.00643759,0.006652177,0.00643759,0.006652177,0.006722071,0.006071548,0.006722071,0.00650523,0.006722071,0.00650523,0.006722071,0.006722071,0.00650523,0.006722071,0.00650523,0.006722071,0.006857504,0.006415085,0.006857504,0.006636294,0.006857504,0.006636294,0.006857504,0.006857504,0.006636294,0.006857504,0.006636294,0.006857504,0.007057507,0.006374522,0.007057507,0.006829845,0.007057507,0.006829845,0.007057507,0.007057507,0.006829845,0.007057507,0.006829845,0.007057507,0.006712326,0.006062746,0.006712326,0.006495799,0.006712326,0.006495799,0.006712326,0.006712326,0.006495799,0.006712326,0.006495799,0.006712326,0.006992225,0.006315558,0.006992225,0.006766669,0.006992225,0.006766669,0.006992225,0.006992225,0.006766669,0.006992225,0.006766669,0.006992225,0.007096352,0.006638523,0.007096352,0.006867438,0.007096352,0.006867438,0.007096352,0.007096352,0.006867438,0.007096352,0.006867438,0.007096352,0.007361524,0.006649118,0.007361524,0.007124055,0.007361524,0.007124055,0.007361524,0.007361524,0.007124055,0.007361524,0.007124055,0.007361524,0.008069456,0.007288541,0.008069456,0.007809151,0.008069456,0.007809151,0.008069456,0.008069456,0.007809151,0.008069456,0.007809151,0.008069456,0.008496887,0.007674607,0.008496887,0.008222793,0.008496887,0.008222793,0.008496887,0.008496887,0.008222793,0.008496887,0.008222793,0.008496887,0.009219605,0.008624792,0.009219605,0.008922198,0.009219605,0.008922198,0.009219605,0.009219605,0.008922198,0.009219605,0.008922198,0.009219605,0.009564827,0.008639199,0.009564827,0.009256284,0.009564827,0.009256284,0.009564827,0.009564827,0.009256284,0.009564827,0.009256284,0.009564827,0.00994308,0.008980846,0.00994308,0.009622335,0.00994308,0.009622335,0.00994308,0.00994308,0.009622335,0.00994308,0.009622335,0.00994308,0.010179525,0.00919441,0.010179525,0.009851153,0.010179525,0.009851153,0.010179525,0.010179525,0.009851153,0.010179525,0.009851153,0.010179525,0.011253769,0.010527719,0.011253769,0.010890744,0.011253769,0.010890744,0.011253769,0.011253769,0.010890744,0.011253769,0.010890744,0.011253769,0.011343167,0.010245441,0.011343167,0.010977258,0.011343167,0.010977258,0.011343167,0.011343167,0.010977258,0.011343167,0.010977258,0.011343167,0.011327643,0.010231419,0.011327643,0.010962235,0.011327643,0.010962235,0.011327643,0.011327643,0.010962235,0.011327643,0.010962235,0.011327643,0.0113629,0.010263264,0.0113629,0.010996354,0.0113629,0.010996354,0.0113629,0.0113629,0.010996354,0.0113629,0.010996354,0.0113629,0.011330018,0.010302657,0.01100604,0.00980841,0.010385681,0.010369806,0.010970722,0.01105758,0.01073677,0.011361179,0.010869695,0.011310877,0.011442809,0.01033544,0.011442809,0.011073686,0.011442809,0.011073686,0.011442809,0.011442809,0.011073686,0.011442809,0.011073686,0.011442809,0.011487588,0.010375886,0.011487588,0.011117021,0.011487588,0.011117021,0.011487588,0.011487588,0.011117021,0.011487588,0.011117021,0.011487588,0.011535676,0.01041932,0.011535676,0.011163557,0.011535676,0.011163557,0.011535676,0.011535676,0.011163557,0.011535676,0.011163557,0.011535676,0.011587149,0.010839591,0.011587149,0.01121337,0.011587149,0.01121337,0.011587149,0.011587149,0.01121337,0.011587149,0.01121337,0.011587149
Industrial_process,0.064245043,0.057633595,0.067845164,0.062438527,0.065472974,0.064479548,0.066503399,0.065212772,0.064341545,0.067314509,0.063436982,0.066927393,0.062956695,0.054540037,0.066575833,0.061252774,0.064256363,0.063227867,0.065304298,0.064012133,0.06310965,0.066020931,0.062128097,0.065504162,0.063839129,0.055253234,0.067594007,0.062188156,0.065241856,0.064198223,0.06635565,0.065031075,0.064084513,0.067075543,0.063117841,0.066547218,0.064183573,0.055567687,0.06796964,0.062522742,0.065579846,0.064531861,0.066743875,0.06540921,0.064463123,0.067443109,0.063399279,0.06675343,0.065857464,0.059007744,0.069760674,0.06415785,0.067318818,0.066282269,0.068568808,0.067176393,0.066174337,0.069218762,0.065095641,0.068546601,0.06604735,0.057126549,0.069970025,0.064346555,0.067501229,0.066441471,0.068797007,0.067364838,0.066365786,0.069395432,0.065178223,0.068636331,0.069548092,0.06012895,0.073663529,0.067786184,0.071139687,0.069999606,0.072497186,0.07102574,0.069934965,0.073117349,0.068674608,0.072219505,0.071914877,0.062139534,0.076254185,0.070158929,0.073653255,0.072494136,0.07509593,0.073517378,0.07240426,0.075693162,0.071129438,0.074794513,0.071556442,0.064000408,0.07593165,0.069914903,0.073423532,0.072193894,0.074863287,0.073291103,0.072109788,0.075342691,0.070739153,0.074484051,0.071536554,0.061728322,0.076000174,0.069997711,0.073538927,0.07228609,0.075005053,0.073421473,0.072192991,0.075404365,0.070798216,0.07457812,0.074564277,0.064354078,0.079274771,0.073014302,0.076715067,0.075425741,0.078280767,0.076622512,0.075330407,0.078661602,0.073839799,0.077738513,0.075866435,0.065449632,0.080658666,0.074283029,0.078074006,0.076780636,0.079647344,0.077947069,0.076648982,0.080058409,0.075208635,0.079222092,0.077073867,0.068756304,0.08191934,0.075447364,0.079344635,0.078080678,0.080931033,0.079250273,0.077918685,0.081427343,0.076579031,0.080651548,0.077995622,0.067207565,0.082932285,0.076398189,0.080321344,0.078996706,0.081930557,0.080191753,0.078849821,0.082377158,0.07745071,0.081619794,0.077487567,0.066669394,0.082316881,0.075811534,0.079724903,0.078507245,0.081274782,0.07962614,0.078327692,0.081934971,0.077163648,0.081305413,0.079896031,0.068422281,0.084707819,0.078098536,0.082158127,0.080859831,0.083725421,0.082023351,0.080694717,0.084455021,0.079604381,0.083960909,0.080883164,0.071708455,0.085745138,0.079056888,0.083190021,0.081850651,0.084774093,0.083099788,0.081704585,0.085528708,0.080551178,0.084880817,0.082265926,0.070498692,0.087240752,0.080435519,0.084609832,0.083234633,0.086207976,0.084523872,0.083082452,0.086982024,0.081912602,0.086324168,0.082148551,0.070386272,0.087112863,0.080329506,0.084496182,0.08313049,0.086094206,0.084404226,0.082977426,0.086867409,0.081825496,0.086247806,0.082712943,0.07085677,0.087697764,0.080865697,0.085061478,0.083678639,0.086662761,0.084961181,0.083522812,0.087442552,0.08236093,0.086827567,0.082642277,0.071546454,0.080878926,0.059063192,0.070234874,0.077044853,0.076908683,0.07549362,0.075900524,0.079635001,0.074506634,0.078677138,0.083881838,0.071830482,0.088908853,0.0819767,0.086232663,0.084814476,0.087840654,0.08611512,0.084652904,0.088634632,0.083471444,0.088029671,0.084486978,0.072334197,0.089535697,0.082552131,0.086839204,0.085402806,0.088450652,0.086712754,0.08523824,0.089252246,0.084047172,0.08865272,0.085106378,0.07284952,0.09017722,0.083141301,0.087460186,0.086005212,0.089075167,0.087324641,0.085837566,0.089884738,0.084637021,0.089290948,0.085740412,0.075997347,0.090833809,0.083744575,0.088095992,0.086622072,0.089714585,0.087951164,0.086451254,0.090532507,0.085241374,0.08994477
Refineries,0.056555926,0.052907157,0.056555926,0.05473154,0.056555926,0.05473154,0.056555926,0.056555926,0.05473154,0.056555926,0.05473154,0.056555926,0.057227272,0.051689147,0.057227272,0.055381229,0.057227272,0.055381229,0.057227272,0.057227272,0.055381229,0.057227272,0.055381229,0.057227272,0.059353061,0.053609215,0.059353061,0.057438445,0.059353061,0.057438445,0.059353061,0.059353061,0.057438445,0.059353061,0.057438445,0.059353061,0.061651161,0.055684918,0.061651161,0.059662412,0.061651161,0.059662412,0.061651161,0.061651161,0.059662412,0.061651161,0.059662412,0.061651161,0.064717743,0.060542405,0.064717743,0.062630072,0.064717743,0.062630072,0.064717743,0.064717743,0.062630072,0.064717743,0.062630072,0.064717743,0.06737813,0.060857664,0.06737813,0.06520464,0.06737813,0.06520464,0.06737813,0.06737813,0.06520464,0.06737813,0.06520464,0.06737813,0.068450865,0.061826586,0.068450865,0.066242771,0.068450865,0.066242771,0.068450865,0.068450865,0.066242771,0.068450865,0.066242771,0.068450865,0.072515464,0.065497836,0.072515464,0.070176253,0.072515464,0.070176253,0.072515464,0.072515464,0.070176253,0.072515464,0.070176253,0.072515464,0.072972535,0.068264629,0.072972535,0.07061858,0.072972535,0.07061858,0.072972535,0.072972535,0.07061858,0.072972535,0.07061858,0.072972535,0.069091346,0.062405085,0.069091346,0.066862591,0.069091346,0.066862591,0.069091346,0.069091346,0.066862591,0.069091346,0.066862591,0.069091346,0.073305805,0.066211693,0.073305805,0.070941099,0.073305805,0.070941099,0.073305805,0.073305805,0.070941099,0.073305805,0.070941099,0.073305805,0.075072549,0.067807462,0.075072549,0.072650852,0.075072549,0.072650852,0.075072549,0.075072549,0.072650852,0.075072549,0.072650852,0.075072549,0.08189942,0.076615587,0.08189942,0.079257501,0.08189942,0.079257501,0.08189942,0.08189942,0.079257501,0.08189942,0.079257501,0.08189942,0.082344293,0.074375488,0.082344293,0.079688023,0.082344293,0.079688023,0.082344293,0.082344293,0.079688023,0.082344293,0.079688023,0.082344293,0.082748129,0.074740243,0.082748129,0.080078832,0.082748129,0.080078832,0.082748129,0.082748129,0.080078832,0.082748129,0.080078832,0.082748129,0.083240615,0.075185069,0.083240615,0.080555431,0.083240615,0.080555431,0.083240615,0.083240615,0.080555431,0.083240615,0.080555431,0.083240615,0.08287652,0.077529648,0.08287652,0.080203081,0.08287652,0.080203081,0.08287652,0.08287652,0.080203081,0.08287652,0.080203081,0.08287652,0.084010822,0.07588074,0.084010822,0.081300793,0.084010822,0.081300793,0.084010822,0.084010822,0.081300793,0.084010822,0.081300793,0.084010822,0.083849061,0.075734634,0.083849061,0.08114425,0.083849061,0.08114425,0.083849061,0.083849061,0.08114425,0.083849061,0.08114425,0.083849061,0.08397037,0.075844203,0.08397037,0.081261646,0.08397037,0.081261646,0.08397037,0.08397037,0.081261646,0.08397037,0.081261646,0.08397037,0.084102529,0.07867656,0.084102529,0.081389542,0.084102529,0.081389542,0.084102529,0.084102529,0.081389542,0.084102529,0.081389542,0.084102529,0.084245071,0.07609232,0.084245071,0.081527485,0.084245071,0.081527485,0.084245071,0.084245071,0.081527485,0.084245071,0.081527485,0.084245071,0.084397559,0.076230051,0.084397559,0.081675055,0.084397559,0.081675055,0.084397559,0.084397559,0.081675055,0.084397559,0.081675055,0.084397559,0.084559587,0.076376399,0.084559587,0.081831856,0.084559587,0.081831856,0.084559587,0.084559587,0.081831856,0.084559587,0.081831856,0.084559587,0.084730781,0.079264279,0.084730781,0.081997528,0.084730781,0.081997528,0.084730781,0.084730781,0.081997528,0.084730781,0.081997528,0.084730781
Residential,0.37384288,0.313819638,0.267824586,0.226263928,0.22363026,0.21624156,0.228785476,0.221059149,0.214765158,0.23433511,0.270820212,0.325213408,0.368092486,0.284541482,0.265998434,0.22958709,0.224591219,0.219248164,0.227958354,0.222443254,0.216552484,0.229812435,0.258571391,0.333602477,0.344696533,0.272942895,0.263576653,0.233496379,0.228512037,0.223044877,0.229813174,0.226204023,0.219817437,0.241653559,0.265712042,0.335153401,0.375771547,0.281215591,0.275003288,0.233030954,0.227494388,0.220569974,0.23155662,0.228355121,0.218858415,0.237822387,0.260264454,0.324974036,0.360744097,0.28881772,0.268415859,0.234194545,0.233857679,0.226200594,0.236098168,0.229964183,0.222467399,0.238447253,0.260036812,0.322557014,0.346223923,0.290781197,0.276295052,0.234113282,0.233933441,0.224099157,0.234990872,0.23054685,0.223217396,0.239598735,0.257312247,0.328087035,0.344413587,0.278279,0.272780491,0.236376603,0.236149347,0.228737594,0.234135371,0.23381416,0.224734677,0.239457742,0.259345368,0.315757647,0.345689847,0.273020666,0.273174736,0.240724875,0.237173684,0.23023134,0.240057714,0.235690358,0.22652082,0.243991893,0.266001172,0.321838906,0.363916588,0.311723834,0.267239998,0.239597116,0.238755003,0.232212551,0.23879673,0.236212106,0.230110599,0.244686247,0.264374894,0.310184899,0.345480521,0.274686842,0.283099073,0.247870047,0.247071041,0.240871352,0.253065589,0.245705159,0.237048572,0.255016983,0.276041387,0.327678494,0.371586736,0.292173831,0.286679149,0.25351875,0.251692275,0.244497606,0.253354829,0.251511672,0.240969138,0.260309935,0.271087293,0.341617735,0.396512426,0.289523289,0.291807874,0.25459236,0.254767557,0.246851235,0.258398668,0.254586544,0.243657046,0.262184031,0.274129771,0.338167558,0.366642543,0.316009022,0.284728849,0.255875563,0.25461724,0.249004281,0.258768209,0.25454062,0.245594657,0.262627545,0.278432037,0.337741763,0.384640801,0.288815037,0.294429887,0.261035632,0.25822859,0.250163069,0.259614741,0.258228376,0.248373903,0.264054183,0.280950814,0.345444694,0.36396266,0.300602735,0.292569361,0.258737998,0.259476609,0.251008081,0.260439382,0.257073005,0.248192865,0.26387153,0.283607794,0.355832902,0.366249954,0.293595051,0.291783049,0.259359335,0.256184751,0.249209394,0.256898634,0.254197393,0.246693451,0.264011346,0.274881732,0.32385544,0.359706682,0.2904493,0.283835174,0.256407621,0.25751038,0.250496492,0.259315734,0.25524112,0.246461415,0.265017417,0.279125621,0.317797467,0.356818261,0.279423378,0.289184192,0.26016343,0.260489029,0.25127911,0.260525065,0.258623032,0.249877946,0.266087303,0.281936355,0.331027632,0.360587161,0.2856255,0.289244285,0.257676857,0.256711197,0.251400538,0.261416276,0.2575069,0.248049323,0.264905171,0.28029653,0.337393672,0.353450551,0.287823547,0.287587892,0.258332138,0.25893134,0.249269864,0.259228193,0.256223006,0.247923358,0.262976352,0.277506521,0.35299549,0.359049398,0.293503111,0.295713602,0.306816727,0.29926906,0.277249316,0.286540419,0.277578712,0.268247347,0.280992057,0.291404475,0.368850237,0.358698669,0.282070404,0.285393786,0.261240526,0.260699153,0.251237107,0.26220532,0.257827579,0.248279378,0.26504534,0.277273687,0.346215222,0.358636593,0.282057119,0.285547345,0.261442434,0.260965823,0.251516257,0.262504798,0.258110811,0.248542606,0.265280683,0.277407196,0.346109543,0.358592007,0.282057694,0.28571331,0.261654921,0.261242339,0.251804709,0.262814057,0.258403593,0.248814988,0.26552635,0.277552945,0.346021427,0.358564838,0.292146091,0.285891655,0.261877973,0.261528697,0.252102464,0.263133101,0.258705923,0.249096519,0.265782331,0.277710905,0.345950797
Ships,1.15E-04,1.07E-04,1.15E-04,1.11E-04,1.15E-04,1.11E-04,1.15E-04,1.15E-04,1.11E-04,1.15E-04,1.11E-04,1.15E-04,1.10E-04,9.98E-05,1.10E-04,1.07E-04,1.10E-04,1.07E-04,1.10E-04,1.10E-04,1.07E-04,1.10E-04,1.07E-04,1.10E-04,1.14E-04,1.03E-04,1.14E-04,1.10E-04,1.14E-04,1.10E-04,1.14E-04,1.14E-04,1.10E-04,1.14E-04,1.10E-04,1.14E-04,1.17E-04,1.06E-04,1.17E-04,1.13E-04,1.17E-04,1.13E-04,1.17E-04,1.17E-04,1.13E-04,1.17E-04,1.13E-04,1.17E-04,1.25E-04,1.17E-04,1.25E-04,1.21E-04,1.25E-04,1.21E-04,1.25E-04,1.25E-04,1.21E-04,1.25E-04,1.21E-04,1.25E-04,1.30E-04,1.18E-04,1.30E-04,1.26E-04,1.30E-04,1.26E-04,1.30E-04,1.30E-04,1.26E-04,1.30E-04,1.26E-04,1.30E-04,1.39E-04,1.25E-04,1.39E-04,1.34E-04,1.39E-04,1.34E-04,1.39E-04,1.39E-04,1.34E-04,1.39E-04,1.34E-04,1.39E-04,1.46E-04,1.31E-04,1.46E-04,1.41E-04,1.46E-04,1.41E-04,1.46E-04,1.46E-04,1.41E-04,1.46E-04,1.41E-04,1.46E-04,1.43E-04,1.34E-04,1.43E-04,1.38E-04,1.43E-04,1.38E-04,1.43E-04,1.43E-04,1.38E-04,1.43E-04,1.38E-04,1.43E-04,1.39E-04,1.26E-04,1.39E-04,1.34E-04,1.39E-04,1.34E-04,1.39E-04,1.39E-04,1.34E-04,1.39E-04,1.34E-04,1.39E-04,1.47E-04,1.33E-04,1.47E-04,1.43E-04,1.47E-04,1.43E-04,1.47E-04,1.47E-04,1.43E-04,1.47E-04,1.43E-04,1.47E-04,1.50E-04,1.36E-04,1.50E-04,1.46E-04,1.50E-04,1.46E-04,1.50E-04,1.50E-04,1.46E-04,1.50E-04,1.46E-04,1.50E-04,1.43E-04,1.34E-04,1.43E-04,1.38E-04,1.43E-04,1.38E-04,1.43E-04,1.43E-04,1.38E-04,1.43E-04,1.38E-04,1.43E-04,1.44E-04,1.30E-04,1.44E-04,1.39E-04,1.44E-04,1.39E-04,1.44E-04,1.44E-04,1.39E-04,1.44E-04,1.39E-04,1.44E-04,1.49E-04,1.34E-04,1.49E-04,1.44E-04,1.49E-04,1.44E-04,1.49E-04,1.49E-04,1.44E-04,1.49E-04,1.44E-04,1.49E-04,1.52E-04,1.37E-04,1.52E-04,1.47E-04,1.52E-04,1.47E-04,1.52E-04,1.52E-04,1.47E-04,1.52E-04,1.47E-04,1.52E-04,1.55E-04,1.45E-04,1.55E-04,1.50E-04,1.55E-04,1.50E-04,1.55E-04,1.55E-04,1.50E-04,1.55E-04,1.50E-04,1.55E-04,1.61E-04,1.45E-04,1.61E-04,1.56E-04,1.61E-04,1.56E-04,1.61E-04,1.61E-04,1.56E-04,1.61E-04,1.56E-04,1.61E-04,1.63E-04,1.47E-04,1.63E-04,1.57E-04,1.63E-04,1.57E-04,1.63E-04,1.63E-04,1.57E-04,1.63E-04,1.57E-04,1.63E-04,1.63E-04,1.47E-04,1.63E-04,1.57E-04,1.63E-04,1.57E-04,1.63E-04,1.63E-04,1.57E-04,1.63E-04,1.57E-04,1.63E-04,1.63E-04,1.52E-04,1.63E-04,1.57E-04,1.63E-04,1.57E-04,1.63E-04,1.63E-04,1.57E-04,1.63E-04,1.57E-04,1.63E-04,1.63E-04,1.47E-04,1.63E-04,1.57E-04,1.63E-04,1.57E-04,1.63E-04,1.63E-04,1.57E-04,1.63E-04,1.57E-04,1.63E-04,1.63E-04,1.47E-04,1.63E-04,1.58E-04,1.63E-04,1.58E-04,1.63E-04,1.63E-04,1.58E-04,1.63E-04,1.58E-04,1.63E-04,1.63E-04,1.47E-04,1.63E-04,1.58E-04,1.63E-04,1.58E-04,1.63E-04,1.63E-04,1.58E-04,1.63E-04,1.58E-04,1.63E-04,1.63E-04,1.52E-04,1.63E-04,1.58E-04,1.63E-04,1.58E-04,1.63E-04,1.63E-04,1.58E-04,1.63E-04,1.58E-04,1.63E-04
Solvents,5.61E-06,5.25E-06,5.61E-06,5.43E-06,5.61E-06,5.43E-06,5.61E-06,5.61E-06,5.43E-06,5.61E-06,5.43E-06,5.61E-06,6.23E-06,5.63E-06,6.23E-06,6.03E-06,6.23E-06,6.03E-06,6.23E-06,6.23E-06,6.03E-06,6.23E-06,6.03E-06,6.23E-06,6.33E-06,5.71E-06,6.33E-06,6.12E-06,6.33E-06,6.12E-06,6.33E-06,6.33E-06,6.12E-06,6.33E-06,6.12E-06,6.33E-06,8.38E-06,7.57E-06,8.38E-06,8.11E-06,8.38E-06,8.11E-06,8.38E-06,8.38E-06,8.11E-06,8.38E-06,8.11E-06,8.38E-06,1.34E-05,1.26E-05,1.34E-05,1.30E-05,1.34E-05,1.30E-05,1.34E-05,1.34E-05,1.30E-05,1.34E-05,1.30E-05,1.34E-05,9.97E-06,9.01E-06,9.97E-06,9.65E-06,9.97E-06,9.65E-06,9.97E-06,9.97E-06,9.65E-06,9.97E-06,9.65E-06,9.97E-06,9.09E-06,8.21E-06,9.09E-06,8.79E-06,9.09E-06,8.79E-06,9.09E-06,9.09E-06,8.79E-06,9.09E-06,8.79E-06,9.09E-06,1.25E-05,1.13E-05,1.25E-05,1.21E-05,1.25E-05,1.21E-05,1.25E-05,1.25E-05,1.21E-05,1.25E-05,1.21E-05,1.25E-05,1.42E-05,1.33E-05,1.42E-05,1.37E-05,1.42E-05,1.37E-05,1.42E-05,1.42E-05,1.37E-05,1.42E-05,1.37E-05,1.42E-05,1.16E-05,1.04E-05,1.16E-05,1.12E-05,1.16E-05,1.12E-05,1.16E-05,1.16E-05,1.12E-05,1.16E-05,1.12E-05,1.16E-05,1.09E-05,9.83E-06,1.09E-05,1.05E-05,1.09E-05,1.05E-05,1.09E-05,1.09E-05,1.05E-05,1.09E-05,1.05E-05,1.09E-05,1.26E-05,1.14E-05,1.26E-05,1.22E-05,1.26E-05,1.22E-05,1.26E-05,1.26E-05,1.22E-05,1.26E-05,1.22E-05,1.26E-05,1.17E-05,1.10E-05,1.17E-05,1.13E-05,1.17E-05,1.13E-05,1.17E-05,1.17E-05,1.13E-05,1.17E-05,1.13E-05,1.17E-05,1.15E-05,1.04E-05,1.15E-05,1.11E-05,1.15E-05,1.11E-05,1.15E-05,1.15E-05,1.11E-05,1.15E-05,1.11E-05,1.15E-05,1.05E-05,9.48E-06,1.05E-05,1.02E-05,1.05E-05,1.02E-05,1.05E-05,1.05E-05,1.02E-05,1.05E-05,1.02E-05,1.05E-05,9.35E-06,8.44E-06,9.35E-06,9.05E-06,9.35E-06,9.05E-06,9.35E-06,9.35E-06,9.05E-06,9.35E-06,9.05E-06,9.35E-06,9.39E-06,8.79E-06,9.39E-06,9.09E-06,9.39E-06,9.09E-06,9.39E-06,9.39E-06,9.09E-06,9.39E-06,9.09E-06,9.39E-06,9.49E-06,8.57E-06,9.49E-06,9.18E-06,9.49E-06,9.18E-06,9.49E-06,9.49E-06,9.18E-06,9.49E-06,9.18E-06,9.49E-06,9.56E-06,8.64E-06,9.56E-06,9.25E-06,9.56E-06,9.25E-06,9.56E-06,9.56E-06,9.25E-06,9.56E-06,9.25E-06,9.56E-06,9.59E-06,8.66E-06,9.59E-06,9.28E-06,9.59E-06,9.28E-06,9.59E-06,9.59E-06,9.28E-06,9.59E-06,9.28E-06,9.59E-06,9.19E-06,7.06E-06,9.16E-06,9.17E-06,1.03E-05,1.05E-05,9.14E-06,9.11E-06,9.00E-06,9.23E-06,8.89E-06,9.33E-06,9.63E-06,8.70E-06,9.63E-06,9.32E-06,9.63E-06,9.32E-06,9.63E-06,9.63E-06,9.32E-06,9.63E-06,9.32E-06,9.63E-06,9.66E-06,8.72E-06,9.66E-06,9.35E-06,9.66E-06,9.35E-06,9.66E-06,9.66E-06,9.35E-06,9.66E-06,9.35E-06,9.66E-06,9.68E-06,8.75E-06,9.68E-06,9.37E-06,9.68E-06,9.37E-06,9.68E-06,9.68E-06,9.37E-06,9.68E-06,9.37E-06,9.68E-06,9.71E-06,9.08E-06,9.71E-06,9.40E-06,9.71E-06,9.40E-06,9.71E-06,9.71E-06,9.40E-06,9.71E-06,9.40E-06,9.71E-06
Sum_Sectors,1.868400933,2.466544163,3.931112294,5.329881555,5.804817219,4.939273347,4.172768953,3.432076021,3.213774396,3.595097445,2.94324534,2.106485937,1.886192996,2.390550209,3.966150041,5.361115212,5.869012679,4.982803567,4.242056391,3.463241778,3.237532727,3.640036746,2.960048786,2.114993474,1.927274294,2.455188704,4.087499056,5.514169754,6.007186853,5.143713181,4.357150695,3.550149941,3.345946469,3.722183565,3.05085553,2.184228643,1.957496327,2.455707083,4.109652738,5.531273072,6.067518403,5.187413403,4.377369413,3.599432698,3.378845503,3.801823086,3.117292061,2.196955174,1.988146794,2.633785571,4.218571517,5.671280382,6.197237574,5.308692432,4.470378185,3.638775765,3.461019531,3.924651351,3.189209153,2.253038716,1.983957912,2.538621497,4.172299387,5.613064598,6.140460994,5.298802253,4.468580427,3.599157807,3.449584061,3.904795041,3.182917091,2.239180592,2.001674604,2.586165964,4.274448373,5.7812656,6.332776349,5.445278247,4.596166073,3.682348922,3.506875335,4.004255297,3.255225865,2.298944258,2.069129654,2.670776714,4.377625817,5.833930793,6.428622482,5.509999313,4.607441966,3.720828342,3.536502115,4.057854104,3.299556387,2.329882838,2.066520652,2.78213623,4.34457423,5.805337596,6.41857226,5.506856678,4.621106688,3.714501102,3.525239144,4.055718841,3.322325224,2.322370453,2.070275373,2.749016794,4.47421378,6.010753668,6.642097499,5.704084568,4.767560315,3.82218232,3.635927916,4.129095642,3.419715982,2.381752884,2.117888307,2.772333252,4.520053293,6.046075092,6.657205325,5.710530501,4.814675685,3.867585815,3.668031819,4.175094528,3.458780555,2.403545278,2.165080947,2.823904992,4.569352452,6.177317659,6.800107026,5.821371856,4.856807617,3.910317281,3.734099247,4.292807221,3.537664007,2.466272805,2.173169354,2.925143696,4.648295979,6.252419725,6.897560291,5.854760225,4.901528116,3.958628379,3.769339672,4.326414606,3.56561552,2.480515777,2.232950961,2.869558426,4.660670882,6.310728886,7.015884592,5.947388272,4.986076759,4.029482068,3.827614472,4.407608747,3.630848955,2.523581908,2.219180475,2.889398366,4.672129127,6.272274248,6.89662511,5.856890188,4.911381022,3.95902427,3.819912297,4.423410138,3.636222747,2.546764698,2.232487065,2.887232021,4.72734201,6.357324913,7.006957026,5.934688704,4.977303128,4.050974916,3.864371387,4.424832916,3.675067167,2.583300121,2.246973275,3.047580598,4.747229923,6.375111508,6.97680646,5.918621627,4.96378432,4.041691981,3.897407222,4.496774234,3.703207077,2.544196377,2.257340607,2.953729173,4.769052408,6.370378073,7.000480029,5.905837071,4.963346974,4.052060773,3.895856166,4.516418896,3.7223521,2.580417486,2.261475884,2.929856,4.702081172,6.309090772,6.971534133,5.881934985,4.949233308,4.027827115,3.87644488,4.493818186,3.71599475,2.590262185,2.256786614,2.965968915,4.73290673,6.324293195,6.955165325,5.921825169,4.946501865,4.036587932,3.898681987,4.523908822,3.737577271,2.627640534,2.293058109,3.09702079,4.761854694,6.331818119,6.990246545,5.933853723,4.962095195,4.062064467,3.909980313,4.525028036,3.762385307,2.6062876,2.302593606,3.007193544,4.793359773,6.367612295,7.024417873,5.955829903,4.978289647,4.076560508,3.923398365,4.544583335,3.786819287,2.6176804,2.311461125,3.020825418,4.816274053,6.396012292,7.057470694,5.98296936,4.998680998,4.092924385,3.940007851,4.561720589,3.802388488,2.627754709,2.320487657,3.034638579,4.839478429,6.424744245,7.090900741,6.010429659,5.019337716,4.109511872,3.956845302,4.579092814,3.818184685,2.638005637,2.329674469,3.157514406,4.862975839,6.453811491,7.124711859,6.03821366,5.040261727,4.126324931,3.973912804,4.596702275,3.834209991,2.648434426
Solid_waste_and_waste_water,0.009973484,0.009330033,0.009973484,0.009651758,0.009973484,0.009651758,0.009973484,0.009973484,0.009651758,0.009973484,0.009651758,0.009973484,0.010131822,0.009151323,0.010131822,0.009804988,0.010131822,0.009804988,0.010131822,0.010131822,0.009804988,0.010131822,0.009804988,0.010131822,0.01005388,0.009080923,0.01005388,0.009729561,0.01005388,0.009729561,0.01005388,0.01005388,0.009729561,0.01005388,0.009729561,0.01005388,0.009987854,0.009021287,0.009987854,0.009665665,0.009987854,0.009665665,0.009987854,0.009987854,0.009665665,0.009987854,0.009665665,0.009987854,0.010027807,0.009380852,0.010027807,0.009704329,0.010027807,0.009704329,0.010027807,0.010027807,0.009704329,0.010027807,0.009704329,0.010027807,0.010321065,0.009322252,0.010321065,0.009988127,0.010321065,0.009988127,0.010321065,0.010321065,0.009988127,0.010321065,0.009988127,0.010321065,0.011035307,0.009967374,0.011035307,0.010679329,0.011035307,0.010679329,0.011035307,0.011035307,0.010679329,0.011035307,0.010679329,0.011035307,0.011007778,0.009942509,0.011007778,0.010652688,0.011007778,0.010652688,0.011007778,0.011007778,0.010652688,0.011007778,0.010652688,0.011007778,0.011008499,0.010298273,0.011008499,0.010653386,0.011008499,0.010653386,0.011008499,0.011008499,0.010653386,0.011008499,0.010653386,0.011008499,0.011169757,0.010088812,0.011169757,0.010809442,0.011169757,0.010809442,0.011169757,0.011169757,0.010809442,0.011169757,0.010809442,0.011169757,0.011451893,0.010343645,0.011451893,0.011082477,0.011451893,0.011082477,0.011451893,0.011451893,0.011082477,0.011451893,0.011082477,0.011451893,0.011705539,0.010572744,0.011705539,0.01132794,0.011705539,0.01132794,0.011705539,0.011705539,0.01132794,0.011705539,0.01132794,0.011705539,0.011842245,0.011078229,0.011842245,0.011460237,0.011842245,0.011460237,0.011842245,0.011842245,0.011460237,0.011842245,0.011460237,0.011842245,0.012228934,0.011045488,0.012228934,0.011834452,0.012228934,0.011834452,0.012228934,0.012228934,0.011834452,0.012228934,0.011834452,0.012228934,0.012169824,0.010992099,0.012169824,0.011777248,0.012169824,0.011777248,0.012169824,0.012169824,0.011777248,0.012169824,0.011777248,0.012169824,0.012437172,0.011233575,0.012437172,0.012035973,0.012437172,0.012035973,0.012437172,0.012437172,0.012035973,0.012437172,0.012035973,0.012437172,0.012512253,0.011705011,0.012512253,0.012108632,0.012512253,0.012108632,0.012512253,0.012512253,0.012108632,0.012512253,0.012108632,0.012512253,0.012687226,0.01145943,0.012687226,0.01227796,0.012687226,0.01227796,0.012687226,0.012687226,0.01227796,0.012687226,0.01227796,0.012687226,0.01281972,0.011579101,0.01281972,0.01240618,0.01281972,0.01240618,0.01281972,0.01281972,0.01240618,0.01281972,0.01240618,0.01281972,0.012822137,0.011581285,0.012822137,0.01240852,0.012822137,0.01240852,0.012822137,0.012822137,0.01240852,0.012822137,0.01240852,0.012822137,0.012825611,0.011998153,0.012825611,0.012411882,0.012825611,0.012411882,0.012825611,0.012825611,0.012411882,0.012825611,0.012411882,0.012825611,0.012830134,0.011588507,0.012830134,0.012416258,0.012830134,0.012416258,0.012830134,0.012830134,0.012416258,0.012830134,0.012416258,0.012830134,0.012835697,0.011593533,0.012835697,0.012421642,0.012835697,0.012421642,0.012835697,0.012835697,0.012421642,0.012835697,0.012421642,0.012835697,0.012842296,0.011599493,0.012842296,0.012428028,0.012842296,0.012428028,0.012842296,0.012842296,0.012428028,0.012842296,0.012428028,0.012842296,0.012849923,0.012020896,0.012849923,0.012435409,0.012849923,0.012435409,0.012849923,0.012849923,0.012435409,0.012849923,0.012435409,0.012849923
Off_Road_transportation,1.95E-04,1.89E-04,2.16E-04,2.10E-04,2.19E-04,2.16E-04,2.32E-04,2.32E-04,2.17E-04,2.23E-04,2.11E-04,2.03E-04,1.92E-04,1.81E-04,2.13E-04,2.08E-04,2.16E-04,2.15E-04,2.31E-04,2.31E-04,2.16E-04,2.21E-04,2.08E-04,2.01E-04,2.00E-04,1.88E-04,2.22E-04,2.17E-04,2.25E-04,2.24E-04,2.40E-04,2.40E-04,2.24E-04,2.29E-04,2.17E-04,2.09E-04,2.13E-04,2.00E-04,2.36E-04,2.30E-04,2.38E-04,2.36E-04,2.53E-04,2.54E-04,2.38E-04,2.44E-04,2.30E-04,2.22E-04,2.18E-04,2.12E-04,2.41E-04,2.35E-04,2.44E-04,2.42E-04,2.59E-04,2.61E-04,2.44E-04,2.50E-04,2.35E-04,2.27E-04,2.23E-04,2.10E-04,2.48E-04,2.41E-04,2.50E-04,2.48E-04,2.66E-04,2.67E-04,2.50E-04,2.56E-04,2.41E-04,2.32E-04,2.22E-04,2.09E-04,2.46E-04,2.40E-04,2.49E-04,2.46E-04,2.64E-04,2.65E-04,2.48E-04,2.55E-04,2.40E-04,2.31E-04,2.34E-04,2.20E-04,2.60E-04,2.53E-04,2.62E-04,2.60E-04,2.79E-04,2.80E-04,2.62E-04,2.69E-04,2.53E-04,2.44E-04,2.35E-04,2.29E-04,2.61E-04,2.54E-04,2.63E-04,2.61E-04,2.80E-04,2.81E-04,2.63E-04,2.70E-04,2.54E-04,2.45E-04,1.93E-04,1.81E-04,2.14E-04,2.08E-04,2.16E-04,2.14E-04,2.30E-04,2.31E-04,2.16E-04,2.21E-04,2.08E-04,2.01E-04,2.16E-04,2.03E-04,2.40E-04,2.34E-04,2.43E-04,2.41E-04,2.59E-04,2.60E-04,2.42E-04,2.48E-04,2.34E-04,2.26E-04,2.18E-04,2.04E-04,2.42E-04,2.36E-04,2.44E-04,2.42E-04,2.60E-04,2.61E-04,2.44E-04,2.50E-04,2.35E-04,2.27E-04,2.02E-04,1.96E-04,2.24E-04,2.19E-04,2.27E-04,2.25E-04,2.43E-04,2.43E-04,2.26E-04,2.31E-04,2.19E-04,2.12E-04,2.13E-04,1.99E-04,2.36E-04,2.30E-04,2.39E-04,2.38E-04,2.57E-04,2.56E-04,2.38E-04,2.43E-04,2.31E-04,2.23E-04,2.06E-04,1.92E-04,2.28E-04,2.22E-04,2.31E-04,2.28E-04,2.46E-04,2.46E-04,2.29E-04,2.35E-04,2.22E-04,2.15E-04,2.04E-04,1.91E-04,2.26E-04,2.20E-04,2.28E-04,2.26E-04,2.43E-04,2.43E-04,2.27E-04,2.33E-04,2.20E-04,2.13E-04,2.11E-04,2.04E-04,2.34E-04,2.28E-04,2.37E-04,2.35E-04,2.53E-04,2.53E-04,2.35E-04,2.41E-04,2.28E-04,2.20E-04,2.14E-04,2.00E-04,2.37E-04,2.31E-04,2.40E-04,2.38E-04,2.56E-04,2.56E-04,2.39E-04,2.44E-04,2.31E-04,2.23E-04,2.26E-04,2.12E-04,2.51E-04,2.45E-04,2.54E-04,2.53E-04,2.72E-04,2.72E-04,2.53E-04,2.59E-04,2.45E-04,2.36E-04,2.24E-04,2.10E-04,2.48E-04,2.42E-04,2.52E-04,2.50E-04,2.70E-04,2.70E-04,2.50E-04,2.56E-04,2.42E-04,2.34E-04,2.22E-04,2.16E-04,2.33E-04,1.38E-04,1.74E-04,2.11E-04,2.45E-04,2.51E-04,2.37E-04,2.38E-04,2.05E-04,1.97E-04,2.21E-04,2.07E-04,2.45E-04,2.39E-04,2.49E-04,2.47E-04,2.67E-04,2.66E-04,2.47E-04,2.53E-04,2.39E-04,2.31E-04,2.20E-04,2.06E-04,2.44E-04,2.38E-04,2.47E-04,2.46E-04,2.65E-04,2.65E-04,2.46E-04,2.51E-04,2.38E-04,2.30E-04,2.19E-04,2.05E-04,2.42E-04,2.36E-04,2.46E-04,2.45E-04,2.64E-04,2.64E-04,2.45E-04,2.50E-04,2.37E-04,2.29E-04,2.18E-04,2.11E-04,2.41E-04,2.35E-04,2.45E-04,2.44E-04,2.63E-04,2.62E-04,2.43E-04,2.49E-04,2.36E-04,2.28E-04
Road_transportation,0.037050394,0.035594272,0.041302378,0.039741418,0.042344701,0.041822747,0.045083219,0.043980332,0.041826299,0.042809284,0.040998028,0.038154976,0.039295844,0.036421478,0.043775738,0.042154361,0.044869988,0.044349839,0.047859397,0.046701815,0.044328431,0.045336474,0.04344456,0.040518391,0.041368311,0.038306629,0.04605745,0.044378487,0.047220337,0.046711854,0.050467929,0.049259651,0.046628642,0.047650094,0.045711265,0.04270626,0.043231532,0.039984692,0.048087485,0.046365599,0.049302435,0.048804275,0.052784001,0.051560216,0.048689323,0.049709807,0.047726872,0.044675597,0.045496015,0.043542116,0.050578746,0.04879317,0.051861344,0.051357574,0.05561751,0.054370458,0.051232592,0.052256025,0.050199526,0.047054945,0.047578737,0.04390522,0.052839042,0.051000376,0.054155057,0.053643304,0.058146773,0.056880322,0.053524772,0.054563757,0.052443799,0.049236918,0.048742121,0.04496222,0.054114996,0.052256626,0.055446635,0.05492829,0.059572555,0.058327931,0.054848815,0.055886597,0.053704672,0.050459109,0.050215208,0.046281029,0.055693469,0.053791987,0.057024181,0.056468455,0.061275991,0.060046652,0.056450975,0.057507872,0.05525204,0.051947445,0.050811125,0.04841615,0.056266995,0.054341295,0.057539175,0.056905957,0.061759212,0.06060514,0.057038568,0.058118572,0.055818867,0.052495648,0.051963702,0.047770416,0.057501343,0.055536297,0.058755619,0.058049096,0.063021342,0.06187212,0.058280583,0.059402503,0.057017826,0.053638091,0.053835522,0.049428577,0.059501789,0.057502842,0.060773752,0.060042594,0.065223686,0.064031774,0.060266839,0.061431774,0.058986521,0.055572184,0.053771514,0.049290068,0.059339043,0.057325471,0.060541843,0.059740069,0.064898409,0.063781219,0.060080749,0.061264627,0.058824346,0.055464267,0.053857436,0.051059662,0.059364433,0.057345407,0.060526105,0.059683747,0.064882547,0.063815525,0.060074633,0.061257826,0.058839109,0.055540123,0.054823067,0.050089878,0.060332544,0.058285041,0.061472399,0.060572616,0.065867078,0.064830419,0.061053822,0.062258277,0.059804565,0.056461442,0.05522398,0.050407674,0.060744562,0.058702468,0.06187594,0.060971869,0.066332281,0.065327218,0.061491918,0.062678487,0.060216432,0.056900661,0.056591655,0.051578964,0.062179719,0.060092589,0.063308877,0.06237709,0.067892979,0.066886832,0.062958205,0.064159635,0.061667947,0.058295749,0.056464145,0.053270268,0.062012821,0.059921539,0.063116523,0.062164573,0.067657455,0.066691021,0.062804643,0.063998488,0.061515604,0.058141505,0.056359345,0.051306913,0.061869517,0.059772924,0.062947409,0.061974323,0.06744599,0.066519933,0.062674908,0.063861692,0.061387058,0.05800971,0.056277395,0.051199706,0.061749935,0.059646861,0.062801642,0.061806428,0.067258682,0.066373719,0.062569167,0.063749392,0.061282471,0.057900507,0.056218487,0.051111862,0.061654251,0.059543511,0.062679376,0.061661023,0.067095677,0.06625258,0.062487637,0.063661786,0.061202056,0.057814086,0.055820328,0.050656169,0.050844737,0.032349857,0.041080889,0.049226298,0.057858598,0.058803365,0.054165798,0.053982661,0.047364406,0.043334868,0.056170827,0.050994984,0.061535555,0.059405857,0.062506233,0.061438465,0.066843435,0.066086606,0.062398356,0.063561723,0.061114873,0.057710614,0.05618271,0.050966407,0.061513156,0.05937212,0.062455916,0.061361815,0.066754743,0.066042436,0.062391296,0.063549925,0.06110879,0.057694189,0.056218916,0.050958118,0.061515888,0.059362241,0.06243023,0.06130867,0.066691457,0.066024681,0.062409843,0.06356415,0.061128261,0.057701809,0.056279886,0.052790818,0.06154418,0.059376619,0.062429575,0.061279393,0.066653972,0.0660338,0.062454469,0.063604857,0.061173757,0.057733906
